[2026-03-04T12:58:56.867Z] GET /api/.env → 404 (2ms)
[2026-03-04T13:00:12.225Z] GET /api/shared/config/config.env → 404 (1ms)
[2026-03-04T13:00:12.391Z] GET /api/shared/config.env → 404 (1ms)
[2026-03-04T13:00:13.003Z] GET /api/shared/config/.env → 404 (1ms)
[2026-03-04T13:00:13.078Z] GET /api/shared/.env → 404 (1ms)
[2026-03-04T13:00:13.156Z] GET /api/config.env → 404 (1ms)
[2026-03-04T13:00:58.877Z] GET /api/config.js → 404 (2ms)
[2026-03-04T13:00:58.999Z] GET /api/objects/codes.php.save → 404 (1ms)
[2026-03-04T13:01:40.178Z] GET /api/config/config.yml → 404 (2ms)
[2026-03-04T13:03:28.251Z] GET /api/stripe.js → 404 (1ms)
[2026-03-04T13:03:28.412Z] GET /api/stripe.ts → 404 (1ms)
[2026-03-04T13:04:11.989Z] GET /api/webhook.js → 404 (1ms)
[2026-03-04T14:01:25.718Z] GET /api/dv/webhook → 404 (18ms)
[2026-03-04T14:02:15.360Z] GET /api/dv/webhook → 404 (20ms)
[2026-03-04T14:04:39.470Z] GET /api/dv/webhook → 404 (29ms)
[2026-03-04T14:06:19.977Z] [FATAL] Uncaught: DB not initialized
Error: DB not initialized
    at run (/opt/t4c/backend/db.js:510:18)
    at setupDVTables (/opt/t4c/backend/dv-webhook.js:374:3)
    at setupDVWebhookRoutes (/opt/t4c/backend/dv-webhook.js:531:3)
    at Object.<anonymous> (/opt/t4c/backend/server.js:5352:1)
    at Module._compile (node:internal/modules/cjs/loader:1706:14)
    at Object..js (node:internal/modules/cjs/loader:1839:10)
    at Module.load (node:internal/modules/cjs/loader:1441:32)
    at Function._load (node:internal/modules/cjs/loader:1263:12)
    at Object.<anonymous> (/usr/lib/node_modules/pm2/lib/ProcessContainerFork.js:33:23)
    at Module._compile (node:internal/modules/cjs/loader:1706:14)
[2026-03-04T14:09:49.640Z] GET /api/dv/webhook → 404 (25ms)
[2026-03-04T14:13:47.545Z] GET /api/dv/webhook → 404 (27ms)
[2026-03-04T14:18:58.885Z] GET /api/dv/webhook → 404 (27ms)
[2026-03-04T14:44:02.006Z] GET /api/voorraad → 401 (3ms)
[2026-03-04T14:49:11.031Z] GET /api/voorraad → 401 (2ms)
[2026-03-04T15:54:05.858Z] GET /api/.env → 404 (2ms)
[2026-03-04T15:54:12.459Z] GET /api/config.php → 404 (1ms)
[2026-03-04T15:54:13.810Z] GET /api/v1/.env → 404 (1ms)
[2026-03-04T15:54:13.893Z] GET /api/env → 404 (1ms)
[2026-03-04T15:54:21.147Z] GET /api/auth → 404 (1ms)
[2026-03-04T15:54:21.869Z] GET /api/.git/config → 404 (1ms)
[2026-03-04T15:54:51.134Z] GET /api/register → 404 (1ms)
[2026-03-04T19:54:11.275Z] GET /api/dv/vehicles → 401 (1ms)
[2026-03-04T19:54:17.124Z] GET /api/dv/vehicles → 401 (1ms)
[2026-03-04T19:54:26.860Z] GET /api/public/voorraad/1 → 404 (2ms)
[2026-03-04T19:54:27.036Z] GET /api/dv/vehicles/1 → 401 (1ms)
[2026-03-04T19:57:14.612Z] GET /api/dv/vehicles → 401 (1ms)
[2026-03-04T20:04:07.050Z] GET /api/dv/vehicles → 401 (1ms)
[2026-03-04T21:11:38.445Z] GET /api/.env → 404 (1ms)
[2026-03-04T21:11:39.675Z] GET /api/config.php → 404 (1ms)
[2026-03-04T21:11:51.568Z] GET /api/.env → 404 (1ms)
[2026-03-04T21:11:52.531Z] GET /api/config.php → 404 (1ms)
[2026-03-04T21:11:54.055Z] GET /api/info → 404 (2ms)
[2026-03-04T21:12:07.789Z] GET /api/info → 404 (1ms)
[2026-03-04T21:12:13.326Z] GET /api/.env.back → 404 (1ms)
[2026-03-04T21:12:13.375Z] GET /api/.env.example → 404 (1ms)
[2026-03-04T21:12:13.432Z] GET /api/.env.sample → 404 (1ms)
[2026-03-04T21:12:13.518Z] GET /api/.env.save → 404 (1ms)
[2026-03-04T21:12:13.574Z] GET /api/debug → 404 (1ms)
[2026-03-04T21:12:13.636Z] GET /api/docs/ → 404 (1ms)
[2026-03-04T21:12:13.681Z] GET /api/env → 404 (1ms)
[2026-03-04T21:12:13.727Z] GET /api/info.php → 404 (1ms)
[2026-03-04T21:12:13.773Z] GET /api/internal/ → 404 (1ms)
[2026-03-04T21:12:13.817Z] GET /api/keys → 404 (1ms)
[2026-03-04T21:12:13.863Z] GET /api/private/ → 404 (2ms)
[2026-03-04T21:12:13.908Z] GET /api/src/.env → 404 (1ms)
[2026-03-04T21:12:13.959Z] GET /api/v1/.env → 404 (1ms)
[2026-03-04T21:12:14.011Z] GET /api/v1/debug → 404 (1ms)
[2026-03-04T21:12:14.067Z] GET /api/v2/.env → 404 (1ms)
[2026-03-04T21:12:27.415Z] GET /api/.env.back → 404 (1ms)
[2026-03-04T21:12:27.469Z] GET /api/.env.example → 404 (1ms)
[2026-03-04T21:12:27.532Z] GET /api/.env.sample → 404 (1ms)
[2026-03-04T21:12:27.578Z] GET /api/.env.save → 404 (1ms)
[2026-03-04T21:12:27.645Z] GET /api/debug → 404 (1ms)
[2026-03-04T21:12:27.706Z] GET /api/docs/ → 404 (1ms)
[2026-03-04T21:12:27.756Z] GET /api/env → 404 (1ms)
[2026-03-04T21:12:27.827Z] GET /api/info.php → 404 (0ms)
[2026-03-04T21:12:27.884Z] GET /api/internal/ → 404 (1ms)
[2026-03-04T21:12:27.932Z] GET /api/keys → 404 (1ms)
[2026-03-04T21:12:27.970Z] GET /api/private/ → 404 (1ms)
[2026-03-04T21:12:28.015Z] GET /api/src/.env → 404 (1ms)
[2026-03-04T21:12:28.060Z] GET /api/v1/.env → 404 (1ms)
[2026-03-04T21:12:28.173Z] GET /api/v1/debug → 404 (1ms)
[2026-03-04T21:12:28.214Z] GET /api/v2/.env → 404 (1ms)
[2026-03-04T21:14:10.334Z] GET /api/v1 → 404 (1ms)
[2026-03-04T21:14:10.389Z] GET /api/service → 404 (1ms)
[2026-03-04T21:14:10.465Z] GET /api/system/info → 404 (2ms)
[2026-03-04T21:14:10.536Z] GET /api/gateway → 404 (0ms)
[2026-03-04T21:14:10.613Z] GET /api/command → 404 (1ms)
[2026-03-04T21:14:10.691Z] GET /api/admin/user → 404 (1ms)
[2026-03-04T21:14:10.862Z] GET /api/admin/user/password → 404 (1ms)
[2026-03-04T21:14:10.934Z] GET /api/admin/user/status → 404 (1ms)
[2026-03-04T21:14:10.943Z] GET /api/dv/vehicles → 401 (1ms)
[2026-03-04T21:14:10.982Z] GET /api/admin/auth → 404 (1ms)
[2026-03-04T21:14:11.039Z] GET /api/admin/role → 404 (1ms)
[2026-03-04T21:14:11.103Z] GET /api/admin/role/id → 404 (0ms)
[2026-03-04T21:14:11.190Z] GET /api/admin → 404 (1ms)
[2026-03-04T21:14:11.245Z] GET /api/v1/sms-sender → 404 (1ms)
[2026-03-04T21:14:11.304Z] GET /api/v1/finchat/contact/manager → 404 (1ms)
[2026-03-04T21:14:11.407Z] GET /api/v1/finchat/privilege-api/forwarder → 404 (1ms)
[2026-03-04T21:14:11.451Z] GET /api/v1/finchat/privilege-api/forwarder/event → 404 (1ms)
[2026-03-04T21:14:11.495Z] GET /api/v1/finchat/open-api → 404 (1ms)
[2026-03-04T21:14:11.539Z] GET /api/upload → 404 (0ms)
[2026-03-04T21:14:11.588Z] GET /api/savefile → 404 (1ms)
[2026-03-04T21:14:11.629Z] GET /api/v1/files → 404 (1ms)
[2026-03-04T21:14:12.051Z] GET /api/files.remote.share → 404 (0ms)
[2026-03-04T21:14:12.114Z] GET /api/v1/netdisk/download → 404 (1ms)
[2026-03-04T21:14:13.153Z] GET /api/.git/config → 404 (1ms)
[2026-03-04T21:14:13.393Z] GET /api/v1/finchat/open-api/auth/token → 404 (1ms)
[2026-03-04T21:14:13.452Z] GET /api/v1/account/oauth/token → 404 (1ms)
[2026-03-04T21:14:13.505Z] GET /api/v1/account/oauth/ticket → 404 (2ms)
[2026-03-04T21:14:13.739Z] GET /api/v1/tokens → 404 (0ms)
[2026-03-04T21:14:13.935Z] GET /api/login → 404 (1ms)
[2026-03-04T21:14:14.012Z] GET /api/auth → 404 (1ms)
[2026-03-04T21:14:14.192Z] GET /api/authentication → 404 (1ms)
[2026-03-04T21:14:14.412Z] GET /api/auth/v1/pin/verify → 404 (1ms)
[2026-03-04T21:14:14.465Z] GET /api/register → 404 (1ms)
[2026-03-04T21:14:14.659Z] GET /api/resetpassword → 404 (1ms)
[2026-03-04T21:14:21.322Z] GET /api/v1 → 404 (1ms)
[2026-03-04T21:14:21.461Z] GET /api/service → 404 (1ms)
[2026-03-04T21:14:21.532Z] GET /api/system/info → 404 (1ms)
[2026-03-04T21:14:21.590Z] GET /api/gateway → 404 (1ms)
[2026-03-04T21:14:21.790Z] GET /api/command → 404 (1ms)
[2026-03-04T21:14:22.050Z] GET /api/admin/user → 404 (1ms)
[2026-03-04T21:14:22.103Z] GET /api/admin/user/password → 404 (1ms)
[2026-03-04T21:14:22.172Z] GET /api/admin/user/status → 404 (1ms)
[2026-03-04T21:14:22.226Z] GET /api/admin/auth → 404 (0ms)
[2026-03-04T21:14:22.300Z] GET /api/admin/role → 404 (1ms)
[2026-03-04T21:14:22.346Z] GET /api/admin/role/id → 404 (1ms)
[2026-03-04T21:14:22.586Z] GET /api/admin → 404 (1ms)
[2026-03-04T21:14:22.856Z] GET /api/v1/sms-sender → 404 (1ms)
[2026-03-04T21:14:22.928Z] GET /api/v1/finchat/contact/manager → 404 (1ms)
[2026-03-04T21:14:22.986Z] GET /api/v1/finchat/privilege-api/forwarder → 404 (0ms)
[2026-03-04T21:14:23.062Z] GET /api/v1/finchat/privilege-api/forwarder/event → 404 (1ms)
[2026-03-04T21:14:23.115Z] GET /api/v1/finchat/open-api → 404 (1ms)
[2026-03-04T21:14:23.182Z] GET /api/upload → 404 (1ms)
[2026-03-04T21:14:23.259Z] GET /api/savefile → 404 (0ms)
[2026-03-04T21:14:23.312Z] GET /api/v1/files → 404 (1ms)
[2026-03-04T21:14:23.373Z] GET /api/files.remote.share → 404 (1ms)
[2026-03-04T21:14:23.438Z] GET /api/v1/netdisk/download → 404 (1ms)
[2026-03-04T21:14:23.991Z] GET /api/.git/config → 404 (1ms)
[2026-03-04T21:14:24.056Z] GET /api/v1/finchat/open-api/auth/token → 404 (1ms)
[2026-03-04T21:14:24.127Z] GET /api/v1/account/oauth/token → 404 (1ms)
[2026-03-04T21:14:24.195Z] GET /api/v1/account/oauth/ticket → 404 (1ms)
[2026-03-04T21:14:24.263Z] GET /api/v1/tokens → 404 (1ms)
[2026-03-04T21:14:24.331Z] GET /api/login → 404 (1ms)
[2026-03-04T21:14:24.383Z] GET /api/auth → 404 (1ms)
[2026-03-04T21:14:24.461Z] GET /api/authentication → 404 (1ms)
[2026-03-04T21:14:24.529Z] GET /api/auth/v1/pin/verify → 404 (1ms)
[2026-03-04T21:14:24.588Z] GET /api/register → 404 (1ms)
[2026-03-04T21:14:24.653Z] GET /api/resetpassword → 404 (2ms)
[2026-03-04T21:14:44.492Z] GET /api/config.json → 404 (1ms)
[2026-03-04T21:14:51.273Z] GET /api/secrets.json → 404 (1ms)
[2026-03-04T21:14:54.214Z] GET /api/config.json → 404 (0ms)
[2026-03-04T21:14:56.464Z] POST /api/upwload → 404 (1ms)
[2026-03-04T21:14:57.001Z] POST /api/uploads → 404 (1ms)
[2026-03-04T21:14:57.065Z] POST /api/files/upload → 404 (1ms)
[2026-03-04T21:14:57.141Z] POST /api/v1/upload → 404 (1ms)
[2026-03-04T21:14:57.211Z] POST /api/v1/files → 404 (0ms)
[2026-03-04T21:14:57.293Z] POST /api/v1/media → 404 (0ms)
[2026-03-04T21:14:59.586Z] GET /api/secrets.json → 404 (1ms)
[2026-03-04T21:15:03.121Z] POST /api/upwload → 404 (1ms)
[2026-03-04T21:15:03.188Z] POST /api/uploads → 404 (1ms)
[2026-03-04T21:15:03.268Z] POST /api/files/upload → 404 (1ms)
[2026-03-04T21:15:03.346Z] POST /api/v1/upload → 404 (1ms)
[2026-03-04T21:15:03.451Z] POST /api/v1/files → 404 (0ms)
[2026-03-04T21:15:03.518Z] POST /api/v1/media → 404 (0ms)
[2026-03-05T00:00:51.121Z] GET /api/dv/vehicles → 401 (4ms)
[2026-03-05T00:00:53.561Z] GET /api/dv/vehicles → 401 (2ms)
[2026-03-05T00:01:09.517Z] GET /api/dv/vehicles → 401 (1ms)
[2026-03-05T00:01:12.755Z] GET /api/dv/vehicles → 401 (1ms)
[2026-03-05T00:05:03.771Z] GET /api/dv/vehicles → 401 (2ms)
[2026-03-05T00:23:59.442Z] GET /api/dv/vehicles → 401 (1ms)
[2026-03-05T00:26:20.641Z] GET /api/dv/vehicles → 401 (2ms)
[2026-03-05T00:39:50.521Z] GET /api/dv/vehicles → 401 (1ms)
[2026-03-05T00:42:10.063Z] GET /api/dv/vehicles → 401 (1ms)
[2026-03-05T00:46:02.451Z] GET /api/dv/vehicles → 401 (1ms)
[2026-03-05T00:46:03.855Z] GET /api/dv/vehicles → 401 (1ms)
[2026-03-05T01:37:28.334Z] GET /api/kenteken/PK642X → 404 (9ms)
[2026-03-05T02:23:56.570Z] SLOW: GET /api/vehicle/enriched took 6573ms
[2026-03-05T02:24:03.466Z] SLOW: GET /api/market took 6835ms
[2026-03-05T02:24:10.090Z] SLOW: POST /api/dealer/price took 6531ms
[2026-03-05T02:24:10.156Z] POST /api/taxatie/save → 401 (7ms)
[2026-03-05T02:24:37.705Z] SLOW: POST /api/generate-car-images took 27495ms
[2026-03-05T02:24:53.824Z] SLOW: POST /api/generate-car-images took 24364ms
[2026-03-05T02:50:34.554Z] GET /api/dv/vehicles → 401 (7ms)
[2026-03-05T02:51:19.795Z] SLOW: GET /api/vehicle/enriched took 13783ms
[2026-03-05T02:51:25.527Z] SLOW: GET /api/market took 5657ms
[2026-03-05T02:53:41.484Z] SLOW: GET /api/vehicle/enriched took 9207ms
[2026-03-05T02:53:47.261Z] SLOW: GET /api/market took 5710ms
[2026-03-05T08:21:55.989Z] GET /api/dv/vehicles → 401 (2ms)
[2026-03-05T08:28:02.683Z] GET /api/dv/vehicles → 401 (1ms)
[2026-03-05T11:44:04.119Z] GET /api/dv/vehicles → 401 (1ms)
[2026-03-05T12:02:56.047Z] SLOW: GET /api/vehicle/enriched took 16174ms
[2026-03-05T12:03:01.887Z] SLOW: GET /api/market took 5771ms
[2026-03-05T12:03:11.243Z] SLOW: POST /api/dealer/price took 9262ms
[2026-03-05T12:03:41.953Z] SLOW: POST /api/generate-car-images took 30537ms
[2026-03-05T12:22:31.767Z] SLOW: GET /api/vehicle/enriched took 10170ms
[2026-03-05T12:22:39.445Z] SLOW: GET /api/market took 7619ms
[2026-03-05T13:02:22.640Z] SLOW: GET /api/vehicle/enriched took 10129ms
[2026-03-05T13:02:29.973Z] SLOW: GET /api/market took 7261ms
[2026-03-05T13:12:01.996Z] SLOW: GET /api/vehicle/enriched took 10396ms
[2026-03-05T13:12:08.311Z] SLOW: GET /api/market took 6218ms
[2026-03-05T13:12:34.673Z] SLOW: POST /api/generate-car-images took 24350ms
[2026-03-05T13:13:33.330Z] SLOW: POST /api/generate-car-images took 25168ms
[2026-03-05T15:52:17.008Z] SLOW: GET /api/vehicle/enriched took 11771ms
[2026-03-05T15:52:24.005Z] SLOW: GET /api/market took 6936ms
[2026-03-05T15:52:51.156Z] SLOW: POST /api/generate-car-images took 24508ms
[2026-03-05T16:23:36.510Z] SLOW: GET /api/market took 7519ms
[2026-03-05T16:24:03.632Z] SLOW: POST /api/generate-car-images took 23960ms
[2026-03-05T17:42:49.112Z] GET /api/.env → 404 (2ms)
[2026-03-05T20:25:19.829Z] GET /api/dv/vehicles → 404 (1ms)
[2026-03-06T10:45:11.328Z] GET /api/me → 401 (7ms)
[2026-03-06T12:32:15.736Z] POST /api/taxatie → 404 (3ms)
[2026-03-06T12:32:17.230Z] POST /api/taxatie → 404 (1ms)
[2026-03-06T12:42:02.618Z] POST /api/taxatie → 404 (1ms)
[2026-03-06T13:29:40.960Z] SLOW: GET /api/vehicle/enriched took 10937ms
[2026-03-06T13:29:47.437Z] SLOW: GET /api/market took 6414ms
[2026-03-06T13:40:10.756Z] POST /api/taxatie → 404 (1ms)
[2026-03-06T13:40:13.718Z] POST /api/taxatie → 404 (1ms)
[2026-03-06T13:41:37.940Z] POST /api/taxatie → 404 (4ms)
[2026-03-06T13:41:40.361Z] POST /api/taxatie → 404 (1ms)
[2026-03-06T13:41:51.072Z] POST /api/taxatie → 404 (3ms)
[2026-03-06T13:41:52.089Z] POST /api/taxatie → 404 (2ms)
[2026-03-06T13:46:12.379Z] POST /api/taxatie → 404 (4ms)
[2026-03-06T13:46:13.496Z] POST /api/taxatie → 404 (2ms)
[2026-03-06T13:46:13.669Z] POST /api/taxatie → 404 (2ms)
[2026-03-06T13:46:14.444Z] POST /api/taxatie → 404 (2ms)
[2026-03-06T13:46:14.590Z] POST /api/taxatie → 404 (2ms)
[2026-03-06T13:46:14.715Z] POST /api/taxatie → 404 (1ms)
[2026-03-06T13:46:14.856Z] POST /api/taxatie → 404 (1ms)
[2026-03-06T13:46:15.000Z] POST /api/taxatie → 404 (1ms)
[2026-03-06T13:46:15.110Z] POST /api/taxatie → 404 (1ms)
[2026-03-06T13:46:15.239Z] POST /api/taxatie → 404 (1ms)
[2026-03-06T13:46:15.374Z] POST /api/taxatie → 404 (1ms)
[2026-03-06T13:46:15.507Z] POST /api/taxatie → 404 (1ms)
[2026-03-06T13:46:15.644Z] POST /api/taxatie → 404 (1ms)
[2026-03-06T13:46:15.785Z] POST /api/taxatie → 404 (1ms)
[2026-03-06T13:46:15.935Z] POST /api/taxatie → 404 (1ms)
[2026-03-06T13:46:16.078Z] POST /api/taxatie → 404 (1ms)
[2026-03-06T13:46:16.219Z] POST /api/taxatie → 404 (0ms)
[2026-03-06T13:46:16.361Z] POST /api/taxatie → 404 (1ms)
[2026-03-06T13:46:16.509Z] POST /api/taxatie → 404 (1ms)
[2026-03-06T13:46:16.650Z] POST /api/taxatie → 404 (1ms)
[2026-03-06T13:46:16.785Z] POST /api/taxatie → 404 (1ms)
[2026-03-06T13:46:16.936Z] POST /api/taxatie → 404 (1ms)
[2026-03-06T13:48:07.830Z] SLOW: GET /api/vehicle/enriched took 9074ms
[2026-03-06T13:50:16.675Z] SLOW: GET /api/vehicle/enriched took 13727ms
[2026-03-06T13:50:21.966Z] SLOW: GET /api/market took 5236ms
[2026-03-06T13:50:49.349Z] SLOW: GET /api/vehicle/enriched took 14897ms
[2026-03-06T13:55:33.055Z] SLOW: GET /api/vehicle/enriched took 12315ms
[2026-03-06T13:55:38.823Z] SLOW: GET /api/market took 5701ms
[2026-03-06T17:00:48.192Z] SLOW: GET /api/vehicle/enriched took 15854ms
[2026-03-06T17:00:53.942Z] SLOW: GET /api/market took 5684ms
[2026-03-06T17:22:00.564Z] SLOW: GET /api/vehicle/enriched took 13950ms
[2026-03-06T17:22:07.683Z] SLOW: GET /api/market took 7043ms
[2026-03-06T17:23:37.284Z] POST /api/auth/login → 404 (6ms)
[2026-03-06T17:23:42.323Z] POST /api/auth/login → 404 (4ms)
[2026-03-06T18:28:22.080Z] SLOW: GET /api/vehicle/enriched took 8438ms
[2026-03-06T18:28:29.508Z] SLOW: GET /api/market took 7341ms
[2026-03-06T18:28:33.893Z] POST /api/image/generate → 404 (5ms)
[2026-03-06T18:28:33.973Z] POST /api/image/generate → 404 (3ms)
[2026-03-06T18:28:34.052Z] POST /api/image/generate → 404 (1ms)
[2026-03-06T18:28:34.099Z] POST /api/image/generate → 404 (0ms)
[2026-03-06T18:30:25.350Z] POST /api/image/generate → 404 (1ms)
[2026-03-06T18:30:25.448Z] POST /api/image/generate → 404 (1ms)
[2026-03-06T18:30:25.515Z] POST /api/image/generate → 404 (1ms)
[2026-03-06T18:30:25.585Z] POST /api/image/generate → 404 (1ms)
[2026-03-06T20:04:37.087Z] SLOW: GET /api/vehicle/enriched took 13539ms
[2026-03-06T20:04:45.514Z] SLOW: GET /api/market took 8315ms
[2026-03-06T20:05:13.888Z] SLOW: POST /api/generate-car-images took 23802ms
[2026-03-06T20:07:50.829Z] SLOW: POST /api/generate-car-images took 24593ms
[2026-03-06T20:14:12.692Z] SLOW: POST /api/generate-car-images took 25590ms
[2026-03-06T21:07:18.540Z] POST /api/me/password → 400 (2ms)
[2026-03-06T21:08:53.090Z] POST /api/me/password → 400 (2ms)
[2026-03-06T21:09:49.603Z] POST /api/me/password → 400 (2ms)
[2026-03-06T21:14:50.903Z] POST /api/me/password → 400 (1ms)
[2026-03-06T21:19:54.845Z] SLOW: GET /api/vehicle/enriched took 11205ms
[2026-03-06T21:20:02.198Z] SLOW: GET /api/market took 7266ms
[2026-03-06T21:20:35.181Z] SLOW: POST /api/generate-car-images took 27743ms
[2026-03-06T21:21:09.857Z] SLOW: POST /api/generate-car-images took 24301ms
[2026-03-07T01:08:16.470Z] SLOW: GET /api/vehicle/enriched took 14899ms
[2026-03-07T01:08:22.706Z] SLOW: GET /api/market took 5959ms
[2026-03-07T01:08:50.160Z] SLOW: POST /api/generate-car-images took 23733ms
[2026-03-07T01:44:33.824Z] SLOW: GET /api/vehicle/enriched took 7965ms
[2026-03-07T01:44:39.086Z] SLOW: GET /api/market took 5191ms
[2026-03-07T05:27:04.289Z] SLOW: GET /api/vehicle/enriched took 8917ms
[2026-03-07T05:27:10.510Z] SLOW: GET /api/market took 6161ms
[2026-03-07T05:27:36.462Z] SLOW: POST /api/generate-car-images took 22532ms
[2026-03-07T06:26:19.738Z] SLOW: GET /api/market took 6661ms
[2026-03-07T06:31:37.864Z] GET /api/.env → 404 (1ms)
[2026-03-07T06:32:05.553Z] SLOW: GET /api/vehicle/enriched took 8350ms
[2026-03-07T06:32:05.960Z] POST /api/auth/login → 404 (6ms)
[2026-03-07T06:32:07.136Z] POST /api/auth/login → 404 (3ms)
[2026-03-07T06:32:12.769Z] SLOW: GET /api/market took 7036ms
[2026-03-07T06:32:40.772Z] SLOW: POST /api/generate-car-images took 24323ms
[2026-03-07T06:34:19.806Z] SLOW: GET /api/vehicle/enriched took 8057ms
[2026-03-07T06:34:26.403Z] SLOW: GET /api/market took 6304ms
[2026-03-07T06:34:52.741Z] SLOW: POST /api/generate-car-images took 23266ms
[2026-03-07T06:51:45.040Z] SLOW: GET /api/vehicle/enriched took 8633ms
[2026-03-07T06:51:50.553Z] SLOW: GET /api/market took 5459ms
[2026-03-07T06:52:15.003Z] SLOW: POST /api/generate-car-images took 21286ms
[2026-03-07T07:21:46.132Z] SLOW: GET /api/vehicle/enriched took 8418ms
[2026-03-07T07:21:52.855Z] SLOW: GET /api/market took 6658ms
[2026-03-07T07:22:17.304Z] SLOW: POST /api/generate-car-images took 21222ms
[2026-03-07T08:02:42.538Z] SLOW: GET /api/market took 6309ms
[2026-03-07T08:02:48.134Z] SLOW: POST /api/dealer/price took 5513ms
[2026-03-07T08:09:51.725Z] SLOW: GET /api/vehicle/enriched took 9876ms
[2026-03-07T08:09:58.128Z] SLOW: GET /api/market took 6340ms
[2026-03-07T08:12:15.287Z] SLOW: POST /api/generate-car-images took 25551ms
[2026-03-07T08:24:52.474Z] SLOW: GET /api/vehicle/enriched took 10180ms
[2026-03-07T08:24:58.125Z] SLOW: GET /api/market took 5593ms
[2026-03-07T08:25:25.678Z] SLOW: POST /api/generate-car-images took 24676ms
[2026-03-07T08:43:03.075Z] SLOW: GET /api/vehicle/enriched took 10373ms
[2026-03-07T08:43:09.294Z] SLOW: GET /api/market took 6160ms
[2026-03-07T08:43:37.837Z] SLOW: POST /api/generate-car-images took 25605ms
[2026-03-07T08:43:56.068Z] SLOW: GET /api/vehicle/enriched took 7622ms
[2026-03-07T08:44:01.707Z] SLOW: GET /api/market took 5579ms
[2026-03-07T08:44:34.762Z] SLOW: POST /api/generate-car-images took 29367ms
[2026-03-07T08:50:04.986Z] SLOW: GET /api/vehicle/enriched took 10071ms
[2026-03-07T08:50:10.977Z] SLOW: GET /api/market took 5936ms
[2026-03-07T08:50:39.574Z] SLOW: POST /api/generate-car-images took 25735ms
[2026-03-07T08:54:15.474Z] SLOW: GET /api/vehicle/enriched took 10324ms
[2026-03-07T08:54:21.112Z] SLOW: GET /api/market took 5580ms
[2026-03-07T08:54:48.593Z] SLOW: POST /api/generate-car-images took 23872ms
[2026-03-07T09:04:10.187Z] SLOW: GET /api/vehicle/enriched took 10942ms
[2026-03-07T09:04:16.154Z] SLOW: GET /api/market took 5896ms
[2026-03-07T09:04:43.868Z] SLOW: POST /api/generate-car-images took 23704ms
[2026-03-07T09:10:39.815Z] GET /api/vehicle/enriched → 404 (513ms)
[2026-03-07T09:10:40.908Z] GET /api/vehicle/enriched → 404 (346ms)
[2026-03-07T09:24:20.476Z] GET /api/vehicle/enriched → 404 (636ms)
[2026-03-07T09:24:44.697Z] GET /api/vehicle/enriched → 404 (588ms)
[2026-03-07T09:25:14.385Z] SLOW: GET /api/market took 7933ms
[2026-03-07T09:27:27.765Z] SLOW: GET /api/vehicle/enriched took 7404ms
[2026-03-07T09:27:35.092Z] SLOW: GET /api/market took 7264ms
[2026-03-07T09:28:00.796Z] SLOW: POST /api/generate-car-images took 23309ms
[2026-03-07T09:33:17.532Z] SLOW: GET /api/vehicle/enriched took 11011ms
[2026-03-07T09:33:22.785Z] SLOW: GET /api/market took 5190ms
[2026-03-07T09:33:48.120Z] SLOW: POST /api/generate-car-images took 22244ms
[2026-03-07T09:39:28.026Z] SLOW: GET /api/vehicle/enriched took 8821ms
[2026-03-07T09:39:33.989Z] SLOW: GET /api/market took 5906ms
[2026-03-07T09:39:59.616Z] SLOW: POST /api/generate-car-images took 23507ms
[2026-03-07T10:00:17.562Z] SLOW: GET /api/vehicle/enriched took 13850ms
[2026-03-07T10:00:24.061Z] SLOW: GET /api/market took 6441ms
[2026-03-07T10:00:58.943Z] SLOW: POST /api/generate-car-images took 31934ms
[2026-03-07T10:02:47.239Z] SLOW: POST /api/generate-car-images took 22142ms
[2026-03-07T10:15:34.377Z] SLOW: GET /api/vehicle/enriched took 9009ms
[2026-03-07T10:15:41.317Z] SLOW: GET /api/market took 6839ms
[2026-03-07T10:16:06.780Z] SLOW: POST /api/generate-car-images took 22649ms
[2026-03-07T10:20:09.746Z] SLOW: GET /api/vehicle/enriched took 9677ms
[2026-03-07T10:20:15.693Z] SLOW: GET /api/market took 5881ms
[2026-03-07T10:20:41.076Z] SLOW: POST /api/generate-car-images took 22237ms
[2026-03-07T19:27:36.679Z] POST /api/analyze-damage → 404 (2ms)
[2026-03-07T20:16:03.072Z] SLOW: GET /api/vehicle/enriched took 9921ms
[2026-03-07T20:16:08.943Z] SLOW: GET /api/market took 5762ms
[2026-03-07T20:16:36.076Z] SLOW: POST /api/generate-car-images took 24630ms
[2026-03-08T06:16:40.408Z] GET /api/admin/stats → 401 (8ms)
[2026-03-08T06:16:40.478Z] GET /api/search-history → 404 (7ms)
[2026-03-08T06:16:53.337Z] GET /api/admin/stats → 401 (2ms)
[2026-03-08T06:18:30.381Z] GET /api/admin/stats → 401 (4ms)
[2026-03-08T06:18:55.613Z] GET /api/admin/stats → 401 (1ms)
[2026-03-08T06:19:56.712Z] GET /api/search-history → 404 (7ms)
[2026-03-08T06:20:17.979Z] GET /api/search-history → 404 (3ms)
[2026-03-08T06:20:19.771Z] GET /api/search-history → 404 (2ms)
[2026-03-08T06:20:29.265Z] GET /api/search-history → 404 (2ms)
[2026-03-08T06:22:16.186Z] GET /api/search-history → 404 (8ms)
[2026-03-08T06:22:23.816Z] GET /api/search-history → 404 (5ms)
[2026-03-08T06:23:13.827Z] GET /api/search-history → 404 (2ms)
[2026-03-08T15:10:47.461Z] GET /api/search-history → 404 (7ms)
[2026-03-08T15:11:03.990Z] GET /api/admin/logs/t4c-server-out.log → 401 (2ms)
[2026-03-08T15:12:30.930Z] GET /api/search-history → 404 (6ms)
[2026-03-08T15:15:15.509Z] GET /api/admin/logs/t4c-server-out.log → 401 (3ms)
[2026-03-08T15:18:03.671Z] GET /api/search-history → 404 (1ms)
[2026-03-08T15:18:04.805Z] GET /api/search-history → 404 (1ms)
[2026-03-08T15:18:11.235Z] GET /api/search-history → 404 (1ms)
[2026-03-08T15:23:55.828Z] GET /api/search-history → 404 (1ms)
[2026-03-08T15:26:36.517Z] GET /api/search-history → 404 (1ms)
[2026-03-08T16:22:04.016Z] VEILING CHECK ERROR: Cannot read properties of undefined (reading 'all')
[2026-03-08T16:23:04.016Z] VEILING CHECK ERROR: Cannot read properties of undefined (reading 'all')
[2026-03-08T16:24:04.015Z] VEILING CHECK ERROR: Cannot read properties of undefined (reading 'all')
[2026-03-08T16:25:04.016Z] VEILING CHECK ERROR: Cannot read properties of undefined (reading 'all')
[2026-03-08T16:25:30.785Z] GET /api/search-history → 404 (5ms)
[2026-03-08T16:25:32.704Z] GET /api/search-history → 404 (2ms)
[2026-03-08T16:25:33.641Z] GET /api/search-history → 404 (2ms)
[2026-03-08T16:25:34.805Z] GET /api/search-history → 404 (2ms)
[2026-03-08T16:26:04.016Z] VEILING CHECK ERROR: Cannot read properties of undefined (reading 'all')
[2026-03-08T16:27:04.016Z] VEILING CHECK ERROR: Cannot read properties of undefined (reading 'all')
[2026-03-08T16:28:04.015Z] VEILING CHECK ERROR: Cannot read properties of undefined (reading 'all')
[2026-03-08T16:29:04.017Z] VEILING CHECK ERROR: Cannot read properties of undefined (reading 'all')
[2026-03-08T16:30:42.795Z] VEILING CHECK ERROR: Cannot read properties of undefined (reading 'all')
[2026-03-08T16:31:42.794Z] VEILING CHECK ERROR: Cannot read properties of undefined (reading 'all')
[2026-03-08T16:32:42.795Z] VEILING CHECK ERROR: Cannot read properties of undefined (reading 'all')
[2026-03-08T16:33:42.795Z] VEILING CHECK ERROR: Cannot read properties of undefined (reading 'all')
[2026-03-08T16:34:42.795Z] VEILING CHECK ERROR: Cannot read properties of undefined (reading 'all')
[2026-03-08T16:35:42.796Z] VEILING CHECK ERROR: Cannot read properties of undefined (reading 'all')
[2026-03-08T16:36:42.795Z] VEILING CHECK ERROR: Cannot read properties of undefined (reading 'all')
[2026-03-08T16:37:42.795Z] VEILING CHECK ERROR: Cannot read properties of undefined (reading 'all')
[2026-03-08T16:38:42.795Z] VEILING CHECK ERROR: Cannot read properties of undefined (reading 'all')
[2026-03-08T16:39:42.795Z] VEILING CHECK ERROR: Cannot read properties of undefined (reading 'all')
[2026-03-08T16:40:42.796Z] VEILING CHECK ERROR: Cannot read properties of undefined (reading 'all')
[2026-03-08T16:41:42.796Z] VEILING CHECK ERROR: Cannot read properties of undefined (reading 'all')
[2026-03-08T16:42:42.797Z] VEILING CHECK ERROR: Cannot read properties of undefined (reading 'all')
[2026-03-08T16:43:42.797Z] VEILING CHECK ERROR: Cannot read properties of undefined (reading 'all')
[2026-03-08T16:44:42.798Z] VEILING CHECK ERROR: Cannot read properties of undefined (reading 'all')
[2026-03-08T16:45:42.798Z] VEILING CHECK ERROR: Cannot read properties of undefined (reading 'all')
[2026-03-08T16:46:42.798Z] VEILING CHECK ERROR: Cannot read properties of undefined (reading 'all')
[2026-03-08T16:47:42.797Z] VEILING CHECK ERROR: Cannot read properties of undefined (reading 'all')
[2026-03-08T16:47:48.572Z] GET /api/public/voorraad → 500 (3ms)
[2026-03-08T16:48:42.798Z] VEILING CHECK ERROR: Cannot read properties of undefined (reading 'all')
[2026-03-08T16:49:42.798Z] VEILING CHECK ERROR: Cannot read properties of undefined (reading 'all')
[2026-03-08T16:50:42.799Z] VEILING CHECK ERROR: Cannot read properties of undefined (reading 'all')
[2026-03-08T16:51:42.800Z] VEILING CHECK ERROR: Cannot read properties of undefined (reading 'all')
[2026-03-08T16:52:42.800Z] VEILING CHECK ERROR: Cannot read properties of undefined (reading 'all')
[2026-03-08T16:53:42.800Z] VEILING CHECK ERROR: Cannot read properties of undefined (reading 'all')
[2026-03-08T16:54:42.801Z] VEILING CHECK ERROR: Cannot read properties of undefined (reading 'all')
[2026-03-08T16:55:42.801Z] VEILING CHECK ERROR: Cannot read properties of undefined (reading 'all')
[2026-03-08T16:56:42.801Z] VEILING CHECK ERROR: Cannot read properties of undefined (reading 'all')
[2026-03-08T16:57:42.802Z] VEILING CHECK ERROR: Cannot read properties of undefined (reading 'all')
[2026-03-08T16:58:42.801Z] VEILING CHECK ERROR: Cannot read properties of undefined (reading 'all')
[2026-03-08T16:59:42.802Z] VEILING CHECK ERROR: Cannot read properties of undefined (reading 'all')
[2026-03-08T17:00:42.802Z] VEILING CHECK ERROR: Cannot read properties of undefined (reading 'all')
[2026-03-08T17:01:42.802Z] VEILING CHECK ERROR: Cannot read properties of undefined (reading 'all')
[2026-03-08T17:02:42.802Z] VEILING CHECK ERROR: Cannot read properties of undefined (reading 'all')
[2026-03-08T17:03:42.803Z] VEILING CHECK ERROR: Cannot read properties of undefined (reading 'all')
[2026-03-08T17:04:42.803Z] VEILING CHECK ERROR: Cannot read properties of undefined (reading 'all')
[2026-03-08T17:05:42.803Z] VEILING CHECK ERROR: Cannot read properties of undefined (reading 'all')
[2026-03-08T17:07:26.551Z] VEILING CHECK ERROR: Cannot read properties of undefined (reading 'all')
[2026-03-08T17:08:26.550Z] VEILING CHECK ERROR: Cannot read properties of undefined (reading 'all')
[2026-03-08T17:09:26.551Z] VEILING CHECK ERROR: Cannot read properties of undefined (reading 'all')
[2026-03-08T17:10:26.551Z] VEILING CHECK ERROR: Cannot read properties of undefined (reading 'all')
[2026-03-08T17:11:26.552Z] VEILING CHECK ERROR: Cannot read properties of undefined (reading 'all')
[2026-03-08T17:12:26.552Z] VEILING CHECK ERROR: Cannot read properties of undefined (reading 'all')
[2026-03-08T17:13:26.551Z] VEILING CHECK ERROR: Cannot read properties of undefined (reading 'all')
[2026-03-08T17:14:26.551Z] VEILING CHECK ERROR: Cannot read properties of undefined (reading 'all')
[2026-03-08T17:15:26.552Z] VEILING CHECK ERROR: Cannot read properties of undefined (reading 'all')
[2026-03-08T17:16:26.552Z] VEILING CHECK ERROR: Cannot read properties of undefined (reading 'all')
[2026-03-08T17:17:26.552Z] VEILING CHECK ERROR: Cannot read properties of undefined (reading 'all')
[2026-03-08T17:18:26.551Z] VEILING CHECK ERROR: Cannot read properties of undefined (reading 'all')
[2026-03-08T17:19:26.552Z] VEILING CHECK ERROR: Cannot read properties of undefined (reading 'all')
[2026-03-08T17:20:26.553Z] VEILING CHECK ERROR: Cannot read properties of undefined (reading 'all')
[2026-03-08T17:22:24.295Z] VEILING CHECK ERROR: Cannot read properties of undefined (reading 'all')
[2026-03-08T17:23:24.295Z] VEILING CHECK ERROR: Cannot read properties of undefined (reading 'all')
[2026-03-08T17:24:24.295Z] VEILING CHECK ERROR: Cannot read properties of undefined (reading 'all')
[2026-03-08T17:25:24.296Z] VEILING CHECK ERROR: Cannot read properties of undefined (reading 'all')
[2026-03-08T17:26:24.296Z] VEILING CHECK ERROR: Cannot read properties of undefined (reading 'all')
[2026-03-08T17:28:22.945Z] VEILING CHECK ERROR: Cannot read properties of undefined (reading 'all')
[2026-03-08T17:29:22.945Z] VEILING CHECK ERROR: Cannot read properties of undefined (reading 'all')
[2026-03-08T17:31:14.044Z] VEILING CHECK ERROR: Cannot read properties of undefined (reading 'all')
[2026-03-08T17:32:14.044Z] VEILING CHECK ERROR: Cannot read properties of undefined (reading 'all')
[2026-03-08T17:33:14.044Z] VEILING CHECK ERROR: Cannot read properties of undefined (reading 'all')
[2026-03-08T17:34:14.045Z] VEILING CHECK ERROR: Cannot read properties of undefined (reading 'all')
[2026-03-08T17:35:14.046Z] VEILING CHECK ERROR: Cannot read properties of undefined (reading 'all')
[2026-03-08T17:35:19.863Z] POST /api/analyze-damage → 500 (7ms)
[2026-03-08T17:36:14.046Z] VEILING CHECK ERROR: Cannot read properties of undefined (reading 'all')
[2026-03-08T17:37:14.046Z] VEILING CHECK ERROR: Cannot read properties of undefined (reading 'all')
[2026-03-08T17:38:14.046Z] VEILING CHECK ERROR: Cannot read properties of undefined (reading 'all')
[2026-03-08T17:39:14.046Z] VEILING CHECK ERROR: Cannot read properties of undefined (reading 'all')
[2026-03-08T17:40:14.047Z] VEILING CHECK ERROR: Cannot read properties of undefined (reading 'all')
[2026-03-08T17:41:14.047Z] VEILING CHECK ERROR: Cannot read properties of undefined (reading 'all')
[2026-03-08T17:42:42.994Z] VEILING CHECK ERROR: Cannot read properties of undefined (reading 'all')
[2026-03-08T17:43:42.994Z] VEILING CHECK ERROR: Cannot read properties of undefined (reading 'all')
[2026-03-08T17:44:42.994Z] VEILING CHECK ERROR: Cannot read properties of undefined (reading 'all')
[2026-03-08T17:45:42.994Z] VEILING CHECK ERROR: Cannot read properties of undefined (reading 'all')
[2026-03-08T17:47:45.075Z] VEILING CHECK ERROR: Cannot read properties of undefined (reading 'all')
[2026-03-08T17:48:45.074Z] VEILING CHECK ERROR: Cannot read properties of undefined (reading 'all')
[2026-03-08T17:49:45.075Z] VEILING CHECK ERROR: Cannot read properties of undefined (reading 'all')
[2026-03-08T17:50:45.075Z] VEILING CHECK ERROR: Cannot read properties of undefined (reading 'all')
[2026-03-08T17:51:16.540Z] GET /api/public/voorraad → 500 (2ms)
[2026-03-08T17:51:20.541Z] GET /api/public/voorraad → 500 (1ms)
[2026-03-08T17:51:35.414Z] GET /api/public/voorraad → 500 (2ms)
[2026-03-08T17:51:37.138Z] GET /api/public/voorraad → 500 (1ms)
[2026-03-08T17:51:38.513Z] GET /api/public/voorraad → 500 (1ms)
[2026-03-08T17:51:45.075Z] VEILING CHECK ERROR: Cannot read properties of undefined (reading 'all')
[2026-03-08T17:51:48.665Z] GET /api/public/voorraad → 500 (1ms)
[2026-03-08T17:52:45.075Z] VEILING CHECK ERROR: Cannot read properties of undefined (reading 'all')
[2026-03-08T17:53:45.076Z] VEILING CHECK ERROR: Cannot read properties of undefined (reading 'all')
[2026-03-08T17:54:45.075Z] VEILING CHECK ERROR: Cannot read properties of undefined (reading 'all')
[2026-03-08T17:55:45.076Z] VEILING CHECK ERROR: Cannot read properties of undefined (reading 'all')
[2026-03-08T17:57:07.048Z] VEILING CHECK ERROR: Cannot read properties of undefined (reading 'all')
[2026-03-08T17:58:42.556Z] VEILING CHECK ERROR: Cannot read properties of undefined (reading 'all')
[2026-03-08T17:59:42.555Z] VEILING CHECK ERROR: Cannot read properties of undefined (reading 'all')
[2026-03-08T18:00:42.556Z] VEILING CHECK ERROR: Cannot read properties of undefined (reading 'all')
[2026-03-08T18:01:42.555Z] VEILING CHECK ERROR: Cannot read properties of undefined (reading 'all')
[2026-03-08T18:02:42.555Z] VEILING CHECK ERROR: Cannot read properties of undefined (reading 'all')
[2026-03-08T18:03:42.556Z] VEILING CHECK ERROR: Cannot read properties of undefined (reading 'all')
[2026-03-08T18:04:42.557Z] VEILING CHECK ERROR: Cannot read properties of undefined (reading 'all')
[2026-03-08T18:05:42.557Z] VEILING CHECK ERROR: Cannot read properties of undefined (reading 'all')
[2026-03-08T18:07:22.129Z] VEILING CHECK ERROR: Cannot read properties of undefined (reading 'all')
[2026-03-08T18:08:22.129Z] VEILING CHECK ERROR: Cannot read properties of undefined (reading 'all')
[2026-03-08T18:09:22.128Z] VEILING CHECK ERROR: Cannot read properties of undefined (reading 'all')
[2026-03-08T18:10:22.129Z] VEILING CHECK ERROR: Cannot read properties of undefined (reading 'all')
[2026-03-08T18:11:22.129Z] VEILING CHECK ERROR: Cannot read properties of undefined (reading 'all')
[2026-03-08T18:12:22.130Z] VEILING CHECK ERROR: Cannot read properties of undefined (reading 'all')
[2026-03-08T18:13:22.131Z] VEILING CHECK ERROR: Cannot read properties of undefined (reading 'all')
[2026-03-08T18:14:22.131Z] VEILING CHECK ERROR: Cannot read properties of undefined (reading 'all')
[2026-03-08T18:15:22.131Z] VEILING CHECK ERROR: Cannot read properties of undefined (reading 'all')
[2026-03-08T18:16:22.131Z] VEILING CHECK ERROR: Cannot read properties of undefined (reading 'all')
[2026-03-08T18:17:22.131Z] VEILING CHECK ERROR: Cannot read properties of undefined (reading 'all')
[2026-03-08T18:18:22.132Z] VEILING CHECK ERROR: Cannot read properties of undefined (reading 'all')
[2026-03-08T18:19:22.132Z] VEILING CHECK ERROR: Cannot read properties of undefined (reading 'all')
[2026-03-08T18:20:22.132Z] VEILING CHECK ERROR: Cannot read properties of undefined (reading 'all')
[2026-03-08T18:21:22.132Z] VEILING CHECK ERROR: Cannot read properties of undefined (reading 'all')
[2026-03-08T18:22:22.132Z] VEILING CHECK ERROR: Cannot read properties of undefined (reading 'all')
[2026-03-08T18:23:22.133Z] VEILING CHECK ERROR: Cannot read properties of undefined (reading 'all')
[2026-03-08T18:24:22.133Z] VEILING CHECK ERROR: Cannot read properties of undefined (reading 'all')
[2026-03-08T18:25:22.134Z] VEILING CHECK ERROR: Cannot read properties of undefined (reading 'all')
[2026-03-08T18:26:22.135Z] VEILING CHECK ERROR: Cannot read properties of undefined (reading 'all')
[2026-03-08T18:27:22.135Z] VEILING CHECK ERROR: Cannot read properties of undefined (reading 'all')
[2026-03-08T18:28:22.135Z] VEILING CHECK ERROR: Cannot read properties of undefined (reading 'all')
[2026-03-08T18:29:04.265Z] GET /api/public/voorraad → 500 (3ms)
[2026-03-08T18:29:07.335Z] GET /api/public/voorraad → 500 (1ms)
[2026-03-08T18:29:18.416Z] GET /api/public/voorraad → 500 (1ms)
[2026-03-08T18:29:22.135Z] VEILING CHECK ERROR: Cannot read properties of undefined (reading 'all')
[2026-03-08T18:30:22.136Z] VEILING CHECK ERROR: Cannot read properties of undefined (reading 'all')
[2026-03-08T18:31:22.135Z] VEILING CHECK ERROR: Cannot read properties of undefined (reading 'all')
[2026-03-08T18:32:22.136Z] VEILING CHECK ERROR: Cannot read properties of undefined (reading 'all')
[2026-03-08T18:33:22.136Z] VEILING CHECK ERROR: Cannot read properties of undefined (reading 'all')
[2026-03-08T18:34:22.136Z] VEILING CHECK ERROR: Cannot read properties of undefined (reading 'all')
[2026-03-08T18:35:22.136Z] VEILING CHECK ERROR: Cannot read properties of undefined (reading 'all')
[2026-03-08T18:36:22.137Z] VEILING CHECK ERROR: Cannot read properties of undefined (reading 'all')
[2026-03-08T18:37:22.136Z] VEILING CHECK ERROR: Cannot read properties of undefined (reading 'all')
[2026-03-08T18:38:22.137Z] VEILING CHECK ERROR: Cannot read properties of undefined (reading 'all')
[2026-03-08T18:39:22.137Z] VEILING CHECK ERROR: Cannot read properties of undefined (reading 'all')
[2026-03-08T18:40:22.137Z] VEILING CHECK ERROR: Cannot read properties of undefined (reading 'all')
[2026-03-08T18:41:22.137Z] VEILING CHECK ERROR: Cannot read properties of undefined (reading 'all')
[2026-03-08T18:42:22.138Z] VEILING CHECK ERROR: Cannot read properties of undefined (reading 'all')
[2026-03-08T18:43:22.139Z] VEILING CHECK ERROR: Cannot read properties of undefined (reading 'all')
[2026-03-08T18:44:22.140Z] VEILING CHECK ERROR: Cannot read properties of undefined (reading 'all')
[2026-03-08T18:45:22.140Z] VEILING CHECK ERROR: Cannot read properties of undefined (reading 'all')
[2026-03-08T18:46:22.141Z] VEILING CHECK ERROR: Cannot read properties of undefined (reading 'all')
[2026-03-08T18:47:22.142Z] VEILING CHECK ERROR: Cannot read properties of undefined (reading 'all')
[2026-03-08T18:48:22.143Z] VEILING CHECK ERROR: Cannot read properties of undefined (reading 'all')
[2026-03-08T18:49:22.143Z] VEILING CHECK ERROR: Cannot read properties of undefined (reading 'all')
[2026-03-08T18:50:22.143Z] VEILING CHECK ERROR: Cannot read properties of undefined (reading 'all')
[2026-03-08T18:51:22.144Z] VEILING CHECK ERROR: Cannot read properties of undefined (reading 'all')
[2026-03-08T18:52:22.144Z] VEILING CHECK ERROR: Cannot read properties of undefined (reading 'all')
[2026-03-08T18:53:22.144Z] VEILING CHECK ERROR: Cannot read properties of undefined (reading 'all')
[2026-03-08T18:54:22.144Z] VEILING CHECK ERROR: Cannot read properties of undefined (reading 'all')
[2026-03-08T18:55:22.144Z] VEILING CHECK ERROR: Cannot read properties of undefined (reading 'all')
[2026-03-08T18:56:22.145Z] VEILING CHECK ERROR: Cannot read properties of undefined (reading 'all')
[2026-03-08T18:57:22.145Z] VEILING CHECK ERROR: Cannot read properties of undefined (reading 'all')
[2026-03-08T18:58:22.145Z] VEILING CHECK ERROR: Cannot read properties of undefined (reading 'all')
[2026-03-08T18:59:22.145Z] VEILING CHECK ERROR: Cannot read properties of undefined (reading 'all')
[2026-03-08T19:00:22.145Z] VEILING CHECK ERROR: Cannot read properties of undefined (reading 'all')
[2026-03-08T19:01:22.145Z] VEILING CHECK ERROR: Cannot read properties of undefined (reading 'all')
[2026-03-08T19:02:22.146Z] VEILING CHECK ERROR: Cannot read properties of undefined (reading 'all')
[2026-03-08T19:03:22.147Z] VEILING CHECK ERROR: Cannot read properties of undefined (reading 'all')
[2026-03-08T19:04:22.147Z] VEILING CHECK ERROR: Cannot read properties of undefined (reading 'all')
[2026-03-08T19:05:22.148Z] VEILING CHECK ERROR: Cannot read properties of undefined (reading 'all')
[2026-03-08T19:06:22.147Z] VEILING CHECK ERROR: Cannot read properties of undefined (reading 'all')
[2026-03-08T19:07:22.148Z] VEILING CHECK ERROR: Cannot read properties of undefined (reading 'all')
[2026-03-08T19:08:22.148Z] VEILING CHECK ERROR: Cannot read properties of undefined (reading 'all')
[2026-03-08T19:09:22.148Z] VEILING CHECK ERROR: Cannot read properties of undefined (reading 'all')
[2026-03-08T19:10:22.149Z] VEILING CHECK ERROR: Cannot read properties of undefined (reading 'all')
[2026-03-08T19:11:22.150Z] VEILING CHECK ERROR: Cannot read properties of undefined (reading 'all')
[2026-03-08T19:12:22.150Z] VEILING CHECK ERROR: Cannot read properties of undefined (reading 'all')
[2026-03-08T19:13:22.151Z] VEILING CHECK ERROR: Cannot read properties of undefined (reading 'all')
[2026-03-08T19:14:22.151Z] VEILING CHECK ERROR: Cannot read properties of undefined (reading 'all')
[2026-03-08T19:15:22.151Z] VEILING CHECK ERROR: Cannot read properties of undefined (reading 'all')
[2026-03-08T19:16:22.152Z] VEILING CHECK ERROR: Cannot read properties of undefined (reading 'all')
[2026-03-08T19:17:22.152Z] VEILING CHECK ERROR: Cannot read properties of undefined (reading 'all')
[2026-03-08T19:18:22.152Z] VEILING CHECK ERROR: Cannot read properties of undefined (reading 'all')
[2026-03-08T19:18:34.051Z] GET /api/public/voorraad → 500 (2ms)
[2026-03-08T19:18:35.662Z] GET /api/public/voorraad/4 → 500 (4ms)
[2026-03-08T19:19:22.151Z] VEILING CHECK ERROR: Cannot read properties of undefined (reading 'all')
[2026-03-08T19:20:22.152Z] VEILING CHECK ERROR: Cannot read properties of undefined (reading 'all')
[2026-03-08T19:21:22.151Z] VEILING CHECK ERROR: Cannot read properties of undefined (reading 'all')
[2026-03-08T19:22:22.152Z] VEILING CHECK ERROR: Cannot read properties of undefined (reading 'all')
[2026-03-08T19:23:22.152Z] VEILING CHECK ERROR: Cannot read properties of undefined (reading 'all')
[2026-03-08T19:24:22.152Z] VEILING CHECK ERROR: Cannot read properties of undefined (reading 'all')
[2026-03-08T19:25:22.152Z] VEILING CHECK ERROR: Cannot read properties of undefined (reading 'all')
[2026-03-08T19:26:22.152Z] VEILING CHECK ERROR: Cannot read properties of undefined (reading 'all')
[2026-03-08T19:27:22.152Z] VEILING CHECK ERROR: Cannot read properties of undefined (reading 'all')
[2026-03-08T19:28:22.152Z] VEILING CHECK ERROR: Cannot read properties of undefined (reading 'all')
[2026-03-08T19:29:22.153Z] VEILING CHECK ERROR: Cannot read properties of undefined (reading 'all')
[2026-03-08T19:30:22.153Z] VEILING CHECK ERROR: Cannot read properties of undefined (reading 'all')
[2026-03-08T19:31:22.153Z] VEILING CHECK ERROR: Cannot read properties of undefined (reading 'all')
[2026-03-08T19:32:22.153Z] VEILING CHECK ERROR: Cannot read properties of undefined (reading 'all')
[2026-03-08T19:33:22.154Z] VEILING CHECK ERROR: Cannot read properties of undefined (reading 'all')
[2026-03-08T19:34:22.153Z] VEILING CHECK ERROR: Cannot read properties of undefined (reading 'all')
[2026-03-08T19:35:22.154Z] VEILING CHECK ERROR: Cannot read properties of undefined (reading 'all')
[2026-03-08T19:36:22.155Z] VEILING CHECK ERROR: Cannot read properties of undefined (reading 'all')
[2026-03-08T19:37:22.156Z] VEILING CHECK ERROR: Cannot read properties of undefined (reading 'all')
[2026-03-08T19:38:22.157Z] VEILING CHECK ERROR: Cannot read properties of undefined (reading 'all')
[2026-03-08T19:39:22.157Z] VEILING CHECK ERROR: Cannot read properties of undefined (reading 'all')
[2026-03-08T19:40:22.157Z] VEILING CHECK ERROR: Cannot read properties of undefined (reading 'all')
[2026-03-08T19:41:22.158Z] VEILING CHECK ERROR: Cannot read properties of undefined (reading 'all')
[2026-03-08T19:42:22.158Z] VEILING CHECK ERROR: Cannot read properties of undefined (reading 'all')
[2026-03-08T19:43:22.158Z] VEILING CHECK ERROR: Cannot read properties of undefined (reading 'all')
[2026-03-08T19:44:22.159Z] VEILING CHECK ERROR: Cannot read properties of undefined (reading 'all')
[2026-03-08T19:45:22.160Z] VEILING CHECK ERROR: Cannot read properties of undefined (reading 'all')
[2026-03-08T19:46:22.160Z] VEILING CHECK ERROR: Cannot read properties of undefined (reading 'all')
[2026-03-08T19:46:36.006Z] GET /api/public/voorraad → 500 (1ms)
[2026-03-08T19:46:46.061Z] GET /api/public/voorraad/1 → 500 (1ms)
[2026-03-08T19:47:22.161Z] VEILING CHECK ERROR: Cannot read properties of undefined (reading 'all')
[2026-03-08T19:48:22.162Z] VEILING CHECK ERROR: Cannot read properties of undefined (reading 'all')
[2026-03-08T19:49:22.162Z] VEILING CHECK ERROR: Cannot read properties of undefined (reading 'all')
[2026-03-08T19:50:22.163Z] VEILING CHECK ERROR: Cannot read properties of undefined (reading 'all')
[2026-03-08T19:51:22.165Z] VEILING CHECK ERROR: Cannot read properties of undefined (reading 'all')
[2026-03-08T19:52:22.165Z] VEILING CHECK ERROR: Cannot read properties of undefined (reading 'all')
[2026-03-08T19:53:22.164Z] VEILING CHECK ERROR: Cannot read properties of undefined (reading 'all')
[2026-03-08T19:54:22.165Z] VEILING CHECK ERROR: Cannot read properties of undefined (reading 'all')
[2026-03-08T19:55:22.165Z] VEILING CHECK ERROR: Cannot read properties of undefined (reading 'all')
[2026-03-08T19:56:22.165Z] VEILING CHECK ERROR: Cannot read properties of undefined (reading 'all')
[2026-03-08T19:57:22.165Z] VEILING CHECK ERROR: Cannot read properties of undefined (reading 'all')
[2026-03-08T19:58:22.165Z] VEILING CHECK ERROR: Cannot read properties of undefined (reading 'all')
[2026-03-08T19:59:22.165Z] VEILING CHECK ERROR: Cannot read properties of undefined (reading 'all')
[2026-03-08T20:00:22.165Z] VEILING CHECK ERROR: Cannot read properties of undefined (reading 'all')
[2026-03-08T20:01:22.165Z] VEILING CHECK ERROR: Cannot read properties of undefined (reading 'all')
[2026-03-08T20:02:22.166Z] VEILING CHECK ERROR: Cannot read properties of undefined (reading 'all')
[2026-03-08T20:02:27.748Z] GET /api/public/voorraad → 500 (1ms)
[2026-03-08T20:03:22.165Z] VEILING CHECK ERROR: Cannot read properties of undefined (reading 'all')
[2026-03-08T20:04:22.166Z] VEILING CHECK ERROR: Cannot read properties of undefined (reading 'all')
[2026-03-08T20:05:22.167Z] VEILING CHECK ERROR: Cannot read properties of undefined (reading 'all')
[2026-03-08T20:06:22.168Z] VEILING CHECK ERROR: Cannot read properties of undefined (reading 'all')
[2026-03-08T20:07:22.168Z] VEILING CHECK ERROR: Cannot read properties of undefined (reading 'all')
[2026-03-08T20:08:22.168Z] VEILING CHECK ERROR: Cannot read properties of undefined (reading 'all')
[2026-03-08T20:09:22.168Z] VEILING CHECK ERROR: Cannot read properties of undefined (reading 'all')
[2026-03-08T20:10:22.169Z] VEILING CHECK ERROR: Cannot read properties of undefined (reading 'all')
[2026-03-08T20:11:22.168Z] VEILING CHECK ERROR: Cannot read properties of undefined (reading 'all')
[2026-03-08T20:12:22.169Z] VEILING CHECK ERROR: Cannot read properties of undefined (reading 'all')
[2026-03-08T20:12:53.412Z] GET /api/public/voorraad → 500 (2ms)
[2026-03-08T20:13:22.169Z] VEILING CHECK ERROR: Cannot read properties of undefined (reading 'all')
[2026-03-08T20:14:22.169Z] VEILING CHECK ERROR: Cannot read properties of undefined (reading 'all')
[2026-03-08T20:15:22.169Z] VEILING CHECK ERROR: Cannot read properties of undefined (reading 'all')
[2026-03-08T20:16:22.169Z] VEILING CHECK ERROR: Cannot read properties of undefined (reading 'all')
[2026-03-08T20:17:22.171Z] VEILING CHECK ERROR: Cannot read properties of undefined (reading 'all')
[2026-03-08T20:18:22.171Z] VEILING CHECK ERROR: Cannot read properties of undefined (reading 'all')
[2026-03-08T20:19:22.171Z] VEILING CHECK ERROR: Cannot read properties of undefined (reading 'all')
[2026-03-08T20:20:22.171Z] VEILING CHECK ERROR: Cannot read properties of undefined (reading 'all')
[2026-03-08T20:21:22.171Z] VEILING CHECK ERROR: Cannot read properties of undefined (reading 'all')
[2026-03-08T20:22:22.172Z] VEILING CHECK ERROR: Cannot read properties of undefined (reading 'all')
[2026-03-08T20:23:22.172Z] VEILING CHECK ERROR: Cannot read properties of undefined (reading 'all')
[2026-03-08T20:24:22.172Z] VEILING CHECK ERROR: Cannot read properties of undefined (reading 'all')
[2026-03-08T20:25:22.171Z] VEILING CHECK ERROR: Cannot read properties of undefined (reading 'all')
[2026-03-08T20:26:22.172Z] VEILING CHECK ERROR: Cannot read properties of undefined (reading 'all')
[2026-03-08T20:27:22.173Z] VEILING CHECK ERROR: Cannot read properties of undefined (reading 'all')
[2026-03-08T20:28:22.173Z] VEILING CHECK ERROR: Cannot read properties of undefined (reading 'all')
[2026-03-08T20:29:22.173Z] VEILING CHECK ERROR: Cannot read properties of undefined (reading 'all')
[2026-03-08T20:30:22.174Z] VEILING CHECK ERROR: Cannot read properties of undefined (reading 'all')
[2026-03-08T20:31:22.175Z] VEILING CHECK ERROR: Cannot read properties of undefined (reading 'all')
[2026-03-08T20:32:22.175Z] VEILING CHECK ERROR: Cannot read properties of undefined (reading 'all')
[2026-03-08T20:33:22.176Z] VEILING CHECK ERROR: Cannot read properties of undefined (reading 'all')
[2026-03-08T20:34:22.176Z] VEILING CHECK ERROR: Cannot read properties of undefined (reading 'all')
[2026-03-08T20:35:22.177Z] VEILING CHECK ERROR: Cannot read properties of undefined (reading 'all')
[2026-03-08T20:36:22.177Z] VEILING CHECK ERROR: Cannot read properties of undefined (reading 'all')
[2026-03-08T20:37:22.177Z] VEILING CHECK ERROR: Cannot read properties of undefined (reading 'all')
[2026-03-08T20:38:22.177Z] VEILING CHECK ERROR: Cannot read properties of undefined (reading 'all')
[2026-03-08T20:39:22.177Z] VEILING CHECK ERROR: Cannot read properties of undefined (reading 'all')
[2026-03-08T20:40:22.178Z] VEILING CHECK ERROR: Cannot read properties of undefined (reading 'all')
[2026-03-08T20:42:11.116Z] VEILING CHECK ERROR: Cannot read properties of undefined (reading 'all')
[2026-03-08T20:43:11.116Z] VEILING CHECK ERROR: Cannot read properties of undefined (reading 'all')
[2026-03-08T20:44:11.116Z] VEILING CHECK ERROR: Cannot read properties of undefined (reading 'all')
[2026-03-08T20:45:11.116Z] VEILING CHECK ERROR: Cannot read properties of undefined (reading 'all')
[2026-03-08T20:46:11.117Z] VEILING CHECK ERROR: Cannot read properties of undefined (reading 'all')
[2026-03-08T20:47:11.117Z] VEILING CHECK ERROR: Cannot read properties of undefined (reading 'all')
[2026-03-08T20:48:11.117Z] VEILING CHECK ERROR: Cannot read properties of undefined (reading 'all')
[2026-03-08T20:49:11.117Z] VEILING CHECK ERROR: Cannot read properties of undefined (reading 'all')
[2026-03-08T20:50:11.118Z] VEILING CHECK ERROR: Cannot read properties of undefined (reading 'all')
[2026-03-08T20:51:16.443Z] VEILING CHECK ERROR: Cannot read properties of undefined (reading 'all')
[2026-03-08T20:52:16.443Z] VEILING CHECK ERROR: Cannot read properties of undefined (reading 'all')
[2026-03-08T20:53:16.443Z] VEILING CHECK ERROR: Cannot read properties of undefined (reading 'all')
[2026-03-08T20:54:16.444Z] VEILING CHECK ERROR: Cannot read properties of undefined (reading 'all')
[2026-03-08T20:55:16.445Z] VEILING CHECK ERROR: Cannot read properties of undefined (reading 'all')
[2026-03-08T20:56:16.444Z] VEILING CHECK ERROR: Cannot read properties of undefined (reading 'all')
[2026-03-08T20:57:16.444Z] VEILING CHECK ERROR: Cannot read properties of undefined (reading 'all')
[2026-03-08T20:57:41.659Z] GET /api/public/voorraad → 500 (3ms)
[2026-03-08T20:58:16.444Z] VEILING CHECK ERROR: Cannot read properties of undefined (reading 'all')
[2026-03-08T20:59:16.444Z] VEILING CHECK ERROR: Cannot read properties of undefined (reading 'all')
[2026-03-08T21:00:16.444Z] VEILING CHECK ERROR: Cannot read properties of undefined (reading 'all')
[2026-03-08T21:01:16.445Z] VEILING CHECK ERROR: Cannot read properties of undefined (reading 'all')
[2026-03-08T21:02:16.444Z] VEILING CHECK ERROR: Cannot read properties of undefined (reading 'all')
[2026-03-08T21:03:16.445Z] VEILING CHECK ERROR: Cannot read properties of undefined (reading 'all')
[2026-03-08T21:04:16.445Z] VEILING CHECK ERROR: Cannot read properties of undefined (reading 'all')
[2026-03-08T21:05:16.447Z] VEILING CHECK ERROR: Cannot read properties of undefined (reading 'all')
[2026-03-08T21:06:16.447Z] VEILING CHECK ERROR: Cannot read properties of undefined (reading 'all')
[2026-03-08T21:07:16.448Z] VEILING CHECK ERROR: Cannot read properties of undefined (reading 'all')
[2026-03-08T21:08:16.449Z] VEILING CHECK ERROR: Cannot read properties of undefined (reading 'all')
[2026-03-08T21:09:16.449Z] VEILING CHECK ERROR: Cannot read properties of undefined (reading 'all')
[2026-03-08T21:10:16.449Z] VEILING CHECK ERROR: Cannot read properties of undefined (reading 'all')
[2026-03-08T21:11:16.449Z] VEILING CHECK ERROR: Cannot read properties of undefined (reading 'all')
[2026-03-08T21:12:14.789Z] GET /api/public/voorraad/3 → 500 (2ms)
[2026-03-08T21:12:14.829Z] GET /api/public/voorraad → 500 (1ms)
[2026-03-08T21:12:16.450Z] VEILING CHECK ERROR: Cannot read properties of undefined (reading 'all')
[2026-03-08T21:13:16.452Z] VEILING CHECK ERROR: Cannot read properties of undefined (reading 'all')
[2026-03-08T21:14:16.453Z] VEILING CHECK ERROR: Cannot read properties of undefined (reading 'all')
[2026-03-08T21:15:16.453Z] VEILING CHECK ERROR: Cannot read properties of undefined (reading 'all')
[2026-03-08T21:16:16.455Z] VEILING CHECK ERROR: Cannot read properties of undefined (reading 'all')
[2026-03-08T21:17:16.455Z] VEILING CHECK ERROR: Cannot read properties of undefined (reading 'all')
[2026-03-08T21:18:16.455Z] VEILING CHECK ERROR: Cannot read properties of undefined (reading 'all')
[2026-03-08T21:19:16.455Z] VEILING CHECK ERROR: Cannot read properties of undefined (reading 'all')
[2026-03-08T21:20:16.455Z] VEILING CHECK ERROR: Cannot read properties of undefined (reading 'all')
[2026-03-08T21:21:16.454Z] VEILING CHECK ERROR: Cannot read properties of undefined (reading 'all')
[2026-03-08T21:22:16.454Z] VEILING CHECK ERROR: Cannot read properties of undefined (reading 'all')
[2026-03-08T21:23:16.455Z] VEILING CHECK ERROR: Cannot read properties of undefined (reading 'all')
[2026-03-08T21:24:16.457Z] VEILING CHECK ERROR: Cannot read properties of undefined (reading 'all')
[2026-03-08T21:25:16.457Z] VEILING CHECK ERROR: Cannot read properties of undefined (reading 'all')
[2026-03-08T21:26:45.345Z] VEILING CHECK ERROR: Cannot read properties of undefined (reading 'all')
[2026-03-08T21:27:45.345Z] VEILING CHECK ERROR: Cannot read properties of undefined (reading 'all')
[2026-03-08T21:28:45.346Z] VEILING CHECK ERROR: Cannot read properties of undefined (reading 'all')
[2026-03-08T21:29:45.347Z] VEILING CHECK ERROR: Cannot read properties of undefined (reading 'all')
[2026-03-08T21:30:45.347Z] VEILING CHECK ERROR: Cannot read properties of undefined (reading 'all')
[2026-03-08T21:31:45.348Z] VEILING CHECK ERROR: Cannot read properties of undefined (reading 'all')
[2026-03-08T21:32:45.347Z] VEILING CHECK ERROR: Cannot read properties of undefined (reading 'all')
[2026-03-08T21:33:45.348Z] VEILING CHECK ERROR: Cannot read properties of undefined (reading 'all')
[2026-03-08T21:34:45.348Z] VEILING CHECK ERROR: Cannot read properties of undefined (reading 'all')
[2026-03-08T21:35:45.349Z] VEILING CHECK ERROR: Cannot read properties of undefined (reading 'all')
[2026-03-08T21:37:42.669Z] VEILING CHECK ERROR: Cannot read properties of undefined (reading 'all')
[2026-03-08T21:38:42.669Z] VEILING CHECK ERROR: Cannot read properties of undefined (reading 'all')
[2026-03-08T21:40:43.837Z] VEILING CHECK ERROR: Cannot read properties of undefined (reading 'all')
[2026-03-08T21:41:43.837Z] VEILING CHECK ERROR: Cannot read properties of undefined (reading 'all')
[2026-03-08T21:42:43.837Z] VEILING CHECK ERROR: Cannot read properties of undefined (reading 'all')
[2026-03-08T21:43:43.836Z] VEILING CHECK ERROR: Cannot read properties of undefined (reading 'all')
[2026-03-08T21:44:43.837Z] VEILING CHECK ERROR: Cannot read properties of undefined (reading 'all')
[2026-03-08T21:45:43.837Z] VEILING CHECK ERROR: Cannot read properties of undefined (reading 'all')
[2026-03-08T21:46:43.838Z] VEILING CHECK ERROR: Cannot read properties of undefined (reading 'all')
[2026-03-08T21:53:30.192Z] VEILING CHECK ERROR: Cannot read properties of undefined (reading 'all')
[2026-03-08T21:54:30.191Z] VEILING CHECK ERROR: Cannot read properties of undefined (reading 'all')
[2026-03-08T21:55:30.190Z] VEILING CHECK ERROR: Cannot read properties of undefined (reading 'all')
[2026-03-08T21:56:30.191Z] VEILING CHECK ERROR: Cannot read properties of undefined (reading 'all')
[2026-03-08T21:57:30.192Z] VEILING CHECK ERROR: Cannot read properties of undefined (reading 'all')
[2026-03-08T21:58:30.193Z] VEILING CHECK ERROR: Cannot read properties of undefined (reading 'all')
[2026-03-08T21:59:30.193Z] VEILING CHECK ERROR: Cannot read properties of undefined (reading 'all')
[2026-03-08T22:00:30.194Z] VEILING CHECK ERROR: Cannot read properties of undefined (reading 'all')
[2026-03-08T22:01:30.194Z] VEILING CHECK ERROR: Cannot read properties of undefined (reading 'all')
[2026-03-08T22:02:30.195Z] VEILING CHECK ERROR: Cannot read properties of undefined (reading 'all')
[2026-03-08T22:03:30.196Z] VEILING CHECK ERROR: Cannot read properties of undefined (reading 'all')
[2026-03-08T22:04:30.196Z] VEILING CHECK ERROR: Cannot read properties of undefined (reading 'all')
[2026-03-08T22:05:30.196Z] VEILING CHECK ERROR: Cannot read properties of undefined (reading 'all')
[2026-03-08T22:06:30.197Z] VEILING CHECK ERROR: Cannot read properties of undefined (reading 'all')
[2026-03-08T22:07:30.197Z] VEILING CHECK ERROR: Cannot read properties of undefined (reading 'all')
[2026-03-08T22:08:30.197Z] VEILING CHECK ERROR: Cannot read properties of undefined (reading 'all')
[2026-03-08T22:09:30.198Z] VEILING CHECK ERROR: Cannot read properties of undefined (reading 'all')
[2026-03-08T22:10:30.198Z] VEILING CHECK ERROR: Cannot read properties of undefined (reading 'all')
[2026-03-08T22:11:30.198Z] VEILING CHECK ERROR: Cannot read properties of undefined (reading 'all')
[2026-03-08T22:11:40.122Z] GET /api/public/voorraad → 500 (2ms)
[2026-03-08T22:11:46.628Z] GET /api/public/voorraad → 500 (3ms)
[2026-03-08T22:11:49.636Z] GET /api/public/voorraad → 500 (1ms)
[2026-03-08T22:11:51.460Z] GET /api/public/voorraad → 500 (1ms)
[2026-03-08T22:12:30.199Z] VEILING CHECK ERROR: Cannot read properties of undefined (reading 'all')
[2026-03-08T22:13:30.200Z] VEILING CHECK ERROR: Cannot read properties of undefined (reading 'all')
[2026-03-08T22:14:30.201Z] VEILING CHECK ERROR: Cannot read properties of undefined (reading 'all')
[2026-03-08T22:15:30.202Z] VEILING CHECK ERROR: Cannot read properties of undefined (reading 'all')
[2026-03-08T22:16:30.201Z] VEILING CHECK ERROR: Cannot read properties of undefined (reading 'all')
[2026-03-08T22:17:30.202Z] VEILING CHECK ERROR: Cannot read properties of undefined (reading 'all')
[2026-03-08T22:18:30.204Z] VEILING CHECK ERROR: Cannot read properties of undefined (reading 'all')
[2026-03-08T22:19:30.204Z] VEILING CHECK ERROR: Cannot read properties of undefined (reading 'all')
[2026-03-08T22:20:30.205Z] VEILING CHECK ERROR: Cannot read properties of undefined (reading 'all')
[2026-03-08T22:21:30.204Z] VEILING CHECK ERROR: Cannot read properties of undefined (reading 'all')
[2026-03-08T22:22:30.205Z] VEILING CHECK ERROR: Cannot read properties of undefined (reading 'all')
[2026-03-08T22:23:30.206Z] VEILING CHECK ERROR: Cannot read properties of undefined (reading 'all')
[2026-03-08T22:24:30.206Z] VEILING CHECK ERROR: Cannot read properties of undefined (reading 'all')
[2026-03-08T22:25:30.207Z] VEILING CHECK ERROR: Cannot read properties of undefined (reading 'all')
[2026-03-08T22:26:30.206Z] VEILING CHECK ERROR: Cannot read properties of undefined (reading 'all')
[2026-03-08T22:27:30.207Z] VEILING CHECK ERROR: Cannot read properties of undefined (reading 'all')
[2026-03-08T22:28:30.207Z] VEILING CHECK ERROR: Cannot read properties of undefined (reading 'all')
[2026-03-08T22:29:30.208Z] VEILING CHECK ERROR: Cannot read properties of undefined (reading 'all')
[2026-03-08T22:30:30.208Z] VEILING CHECK ERROR: Cannot read properties of undefined (reading 'all')
[2026-03-08T22:31:30.209Z] VEILING CHECK ERROR: Cannot read properties of undefined (reading 'all')
[2026-03-08T22:32:30.210Z] VEILING CHECK ERROR: Cannot read properties of undefined (reading 'all')
[2026-03-08T22:33:30.209Z] VEILING CHECK ERROR: Cannot read properties of undefined (reading 'all')
[2026-03-08T22:34:30.209Z] VEILING CHECK ERROR: Cannot read properties of undefined (reading 'all')
[2026-03-08T22:35:30.210Z] VEILING CHECK ERROR: Cannot read properties of undefined (reading 'all')
[2026-03-08T22:36:30.210Z] VEILING CHECK ERROR: Cannot read properties of undefined (reading 'all')
[2026-03-08T22:37:30.210Z] VEILING CHECK ERROR: Cannot read properties of undefined (reading 'all')
[2026-03-08T22:38:01.290Z] GET /api/public/voorraad/2 → 500 (1ms)
[2026-03-08T22:38:03.225Z] GET /api/public/voorraad → 500 (2ms)
[2026-03-08T22:38:30.209Z] VEILING CHECK ERROR: Cannot read properties of undefined (reading 'all')
[2026-03-08T22:39:30.210Z] VEILING CHECK ERROR: Cannot read properties of undefined (reading 'all')
[2026-03-08T22:40:30.210Z] VEILING CHECK ERROR: Cannot read properties of undefined (reading 'all')
[2026-03-08T22:41:30.211Z] VEILING CHECK ERROR: Cannot read properties of undefined (reading 'all')
[2026-03-08T22:42:30.212Z] VEILING CHECK ERROR: Cannot read properties of undefined (reading 'all')
[2026-03-08T22:43:30.212Z] VEILING CHECK ERROR: Cannot read properties of undefined (reading 'all')
[2026-03-08T22:44:30.212Z] VEILING CHECK ERROR: Cannot read properties of undefined (reading 'all')
[2026-03-08T22:45:30.213Z] VEILING CHECK ERROR: Cannot read properties of undefined (reading 'all')
[2026-03-08T22:46:30.213Z] VEILING CHECK ERROR: Cannot read properties of undefined (reading 'all')
[2026-03-08T22:47:30.213Z] VEILING CHECK ERROR: Cannot read properties of undefined (reading 'all')
[2026-03-08T22:48:30.214Z] VEILING CHECK ERROR: Cannot read properties of undefined (reading 'all')
[2026-03-08T22:49:30.214Z] VEILING CHECK ERROR: Cannot read properties of undefined (reading 'all')
[2026-03-08T22:50:30.213Z] VEILING CHECK ERROR: Cannot read properties of undefined (reading 'all')
[2026-03-08T22:51:30.214Z] VEILING CHECK ERROR: Cannot read properties of undefined (reading 'all')
[2026-03-08T22:52:30.214Z] VEILING CHECK ERROR: Cannot read properties of undefined (reading 'all')
[2026-03-08T22:53:30.213Z] VEILING CHECK ERROR: Cannot read properties of undefined (reading 'all')
[2026-03-08T22:54:30.213Z] VEILING CHECK ERROR: Cannot read properties of undefined (reading 'all')
[2026-03-08T22:55:30.214Z] VEILING CHECK ERROR: Cannot read properties of undefined (reading 'all')
[2026-03-08T22:56:30.215Z] VEILING CHECK ERROR: Cannot read properties of undefined (reading 'all')
[2026-03-08T22:57:30.215Z] VEILING CHECK ERROR: Cannot read properties of undefined (reading 'all')
[2026-03-08T22:58:30.216Z] VEILING CHECK ERROR: Cannot read properties of undefined (reading 'all')
[2026-03-08T22:59:30.216Z] VEILING CHECK ERROR: Cannot read properties of undefined (reading 'all')
[2026-03-08T23:00:30.216Z] VEILING CHECK ERROR: Cannot read properties of undefined (reading 'all')
[2026-03-08T23:01:30.217Z] VEILING CHECK ERROR: Cannot read properties of undefined (reading 'all')
[2026-03-08T23:02:30.216Z] VEILING CHECK ERROR: Cannot read properties of undefined (reading 'all')
[2026-03-08T23:03:30.217Z] VEILING CHECK ERROR: Cannot read properties of undefined (reading 'all')
[2026-03-08T23:04:30.217Z] VEILING CHECK ERROR: Cannot read properties of undefined (reading 'all')
[2026-03-08T23:05:30.217Z] VEILING CHECK ERROR: Cannot read properties of undefined (reading 'all')
[2026-03-08T23:06:30.217Z] VEILING CHECK ERROR: Cannot read properties of undefined (reading 'all')
[2026-03-08T23:07:30.216Z] VEILING CHECK ERROR: Cannot read properties of undefined (reading 'all')
[2026-03-08T23:08:30.217Z] VEILING CHECK ERROR: Cannot read properties of undefined (reading 'all')
[2026-03-08T23:09:30.218Z] VEILING CHECK ERROR: Cannot read properties of undefined (reading 'all')
[2026-03-08T23:10:30.218Z] VEILING CHECK ERROR: Cannot read properties of undefined (reading 'all')
[2026-03-08T23:11:30.218Z] VEILING CHECK ERROR: Cannot read properties of undefined (reading 'all')
[2026-03-08T23:12:30.218Z] VEILING CHECK ERROR: Cannot read properties of undefined (reading 'all')
[2026-03-08T23:13:30.217Z] VEILING CHECK ERROR: Cannot read properties of undefined (reading 'all')
[2026-03-08T23:14:30.218Z] VEILING CHECK ERROR: Cannot read properties of undefined (reading 'all')
[2026-03-08T23:15:30.218Z] VEILING CHECK ERROR: Cannot read properties of undefined (reading 'all')
[2026-03-08T23:16:30.218Z] VEILING CHECK ERROR: Cannot read properties of undefined (reading 'all')
[2026-03-08T23:17:30.218Z] VEILING CHECK ERROR: Cannot read properties of undefined (reading 'all')
[2026-03-08T23:18:30.219Z] VEILING CHECK ERROR: Cannot read properties of undefined (reading 'all')
[2026-03-08T23:19:30.220Z] VEILING CHECK ERROR: Cannot read properties of undefined (reading 'all')
[2026-03-08T23:20:30.220Z] VEILING CHECK ERROR: Cannot read properties of undefined (reading 'all')
[2026-03-08T23:21:30.219Z] VEILING CHECK ERROR: Cannot read properties of undefined (reading 'all')
[2026-03-08T23:22:30.220Z] VEILING CHECK ERROR: Cannot read properties of undefined (reading 'all')
[2026-03-08T23:23:30.219Z] VEILING CHECK ERROR: Cannot read properties of undefined (reading 'all')
[2026-03-08T23:24:30.220Z] VEILING CHECK ERROR: Cannot read properties of undefined (reading 'all')
[2026-03-08T23:25:30.220Z] VEILING CHECK ERROR: Cannot read properties of undefined (reading 'all')
[2026-03-08T23:26:30.220Z] VEILING CHECK ERROR: Cannot read properties of undefined (reading 'all')
[2026-03-08T23:27:30.219Z] VEILING CHECK ERROR: Cannot read properties of undefined (reading 'all')
[2026-03-08T23:28:30.220Z] VEILING CHECK ERROR: Cannot read properties of undefined (reading 'all')
[2026-03-08T23:29:30.220Z] VEILING CHECK ERROR: Cannot read properties of undefined (reading 'all')
[2026-03-08T23:30:30.220Z] VEILING CHECK ERROR: Cannot read properties of undefined (reading 'all')
[2026-03-08T23:31:30.221Z] VEILING CHECK ERROR: Cannot read properties of undefined (reading 'all')
[2026-03-08T23:32:30.221Z] VEILING CHECK ERROR: Cannot read properties of undefined (reading 'all')
[2026-03-08T23:33:30.223Z] VEILING CHECK ERROR: Cannot read properties of undefined (reading 'all')
[2026-03-08T23:34:30.225Z] VEILING CHECK ERROR: Cannot read properties of undefined (reading 'all')
[2026-03-08T23:35:30.226Z] VEILING CHECK ERROR: Cannot read properties of undefined (reading 'all')
[2026-03-08T23:36:30.226Z] VEILING CHECK ERROR: Cannot read properties of undefined (reading 'all')
[2026-03-08T23:37:30.226Z] VEILING CHECK ERROR: Cannot read properties of undefined (reading 'all')
[2026-03-08T23:38:30.226Z] VEILING CHECK ERROR: Cannot read properties of undefined (reading 'all')
[2026-03-08T23:39:30.226Z] VEILING CHECK ERROR: Cannot read properties of undefined (reading 'all')
[2026-03-08T23:40:30.227Z] VEILING CHECK ERROR: Cannot read properties of undefined (reading 'all')
[2026-03-08T23:41:30.228Z] VEILING CHECK ERROR: Cannot read properties of undefined (reading 'all')
[2026-03-08T23:42:30.230Z] VEILING CHECK ERROR: Cannot read properties of undefined (reading 'all')
[2026-03-08T23:43:30.230Z] VEILING CHECK ERROR: Cannot read properties of undefined (reading 'all')
[2026-03-08T23:44:30.231Z] VEILING CHECK ERROR: Cannot read properties of undefined (reading 'all')
[2026-03-08T23:45:30.231Z] VEILING CHECK ERROR: Cannot read properties of undefined (reading 'all')
[2026-03-08T23:46:30.232Z] VEILING CHECK ERROR: Cannot read properties of undefined (reading 'all')
[2026-03-08T23:47:30.233Z] VEILING CHECK ERROR: Cannot read properties of undefined (reading 'all')
[2026-03-08T23:48:30.234Z] VEILING CHECK ERROR: Cannot read properties of undefined (reading 'all')
[2026-03-08T23:49:30.234Z] VEILING CHECK ERROR: Cannot read properties of undefined (reading 'all')
[2026-03-08T23:50:30.233Z] VEILING CHECK ERROR: Cannot read properties of undefined (reading 'all')
[2026-03-08T23:51:30.234Z] VEILING CHECK ERROR: Cannot read properties of undefined (reading 'all')
[2026-03-08T23:52:30.234Z] VEILING CHECK ERROR: Cannot read properties of undefined (reading 'all')
[2026-03-08T23:53:30.235Z] VEILING CHECK ERROR: Cannot read properties of undefined (reading 'all')
[2026-03-08T23:54:30.235Z] VEILING CHECK ERROR: Cannot read properties of undefined (reading 'all')
[2026-03-08T23:55:30.236Z] VEILING CHECK ERROR: Cannot read properties of undefined (reading 'all')
[2026-03-08T23:55:55.048Z] GET /api/public/voorraad → 500 (1ms)
[2026-03-08T23:55:56.387Z] GET /api/public/voorraad → 500 (1ms)
[2026-03-08T23:56:30.236Z] VEILING CHECK ERROR: Cannot read properties of undefined (reading 'all')
[2026-03-08T23:57:30.237Z] VEILING CHECK ERROR: Cannot read properties of undefined (reading 'all')
[2026-03-08T23:58:30.237Z] VEILING CHECK ERROR: Cannot read properties of undefined (reading 'all')
[2026-03-08T23:59:30.238Z] VEILING CHECK ERROR: Cannot read properties of undefined (reading 'all')
[2026-03-09T00:00:30.240Z] VEILING CHECK ERROR: Cannot read properties of undefined (reading 'all')
[2026-03-09T00:01:30.240Z] VEILING CHECK ERROR: Cannot read properties of undefined (reading 'all')
[2026-03-09T00:02:30.241Z] VEILING CHECK ERROR: Cannot read properties of undefined (reading 'all')
[2026-03-09T00:03:30.241Z] VEILING CHECK ERROR: Cannot read properties of undefined (reading 'all')
[2026-03-09T00:04:30.242Z] VEILING CHECK ERROR: Cannot read properties of undefined (reading 'all')
[2026-03-09T00:05:30.242Z] VEILING CHECK ERROR: Cannot read properties of undefined (reading 'all')
[2026-03-09T00:05:54.190Z] GET /api/public/voorraad/8 → 500 (1ms)
[2026-03-09T00:05:57.949Z] GET /api/public/voorraad → 500 (1ms)
[2026-03-09T00:06:30.243Z] VEILING CHECK ERROR: Cannot read properties of undefined (reading 'all')
[2026-03-09T00:07:30.243Z] VEILING CHECK ERROR: Cannot read properties of undefined (reading 'all')
[2026-03-09T00:08:30.243Z] VEILING CHECK ERROR: Cannot read properties of undefined (reading 'all')
[2026-03-09T00:09:30.244Z] VEILING CHECK ERROR: Cannot read properties of undefined (reading 'all')
[2026-03-09T00:10:30.244Z] VEILING CHECK ERROR: Cannot read properties of undefined (reading 'all')
[2026-03-09T00:11:30.244Z] VEILING CHECK ERROR: Cannot read properties of undefined (reading 'all')
[2026-03-09T00:12:30.245Z] VEILING CHECK ERROR: Cannot read properties of undefined (reading 'all')
[2026-03-09T00:13:30.244Z] VEILING CHECK ERROR: Cannot read properties of undefined (reading 'all')
[2026-03-09T00:14:30.245Z] VEILING CHECK ERROR: Cannot read properties of undefined (reading 'all')
[2026-03-09T00:15:30.245Z] VEILING CHECK ERROR: Cannot read properties of undefined (reading 'all')
[2026-03-09T00:16:30.246Z] VEILING CHECK ERROR: Cannot read properties of undefined (reading 'all')
[2026-03-09T00:17:30.246Z] VEILING CHECK ERROR: Cannot read properties of undefined (reading 'all')
[2026-03-09T00:18:30.248Z] VEILING CHECK ERROR: Cannot read properties of undefined (reading 'all')
[2026-03-09T00:19:30.249Z] VEILING CHECK ERROR: Cannot read properties of undefined (reading 'all')
[2026-03-09T00:20:30.249Z] VEILING CHECK ERROR: Cannot read properties of undefined (reading 'all')
[2026-03-09T00:21:30.249Z] VEILING CHECK ERROR: Cannot read properties of undefined (reading 'all')
[2026-03-09T00:22:30.249Z] VEILING CHECK ERROR: Cannot read properties of undefined (reading 'all')
[2026-03-09T00:23:30.250Z] VEILING CHECK ERROR: Cannot read properties of undefined (reading 'all')
[2026-03-09T00:24:30.250Z] VEILING CHECK ERROR: Cannot read properties of undefined (reading 'all')
[2026-03-09T00:25:30.250Z] VEILING CHECK ERROR: Cannot read properties of undefined (reading 'all')
[2026-03-09T00:26:30.251Z] VEILING CHECK ERROR: Cannot read properties of undefined (reading 'all')
[2026-03-09T00:27:30.251Z] VEILING CHECK ERROR: Cannot read properties of undefined (reading 'all')
[2026-03-09T00:28:30.252Z] VEILING CHECK ERROR: Cannot read properties of undefined (reading 'all')
[2026-03-09T00:29:30.252Z] VEILING CHECK ERROR: Cannot read properties of undefined (reading 'all')
[2026-03-09T00:30:30.251Z] VEILING CHECK ERROR: Cannot read properties of undefined (reading 'all')
[2026-03-09T00:31:30.253Z] VEILING CHECK ERROR: Cannot read properties of undefined (reading 'all')
[2026-03-09T00:32:30.253Z] VEILING CHECK ERROR: Cannot read properties of undefined (reading 'all')
[2026-03-09T00:33:30.254Z] VEILING CHECK ERROR: Cannot read properties of undefined (reading 'all')
[2026-03-09T00:34:30.254Z] VEILING CHECK ERROR: Cannot read properties of undefined (reading 'all')
[2026-03-09T00:34:50.649Z] GET /api/search-history → 404 (2ms)
[2026-03-09T00:35:30.254Z] VEILING CHECK ERROR: Cannot read properties of undefined (reading 'all')
[2026-03-09T00:36:30.254Z] VEILING CHECK ERROR: Cannot read properties of undefined (reading 'all')
[2026-03-09T00:37:10.170Z] GET /api/search-history → 404 (2ms)
[2026-03-09T00:37:11.322Z] GET /api/search-history → 404 (1ms)
[2026-03-09T00:37:30.254Z] VEILING CHECK ERROR: Cannot read properties of undefined (reading 'all')
[2026-03-09T00:38:30.254Z] VEILING CHECK ERROR: Cannot read properties of undefined (reading 'all')
[2026-03-09T00:39:30.254Z] VEILING CHECK ERROR: Cannot read properties of undefined (reading 'all')
[2026-03-09T00:40:30.254Z] VEILING CHECK ERROR: Cannot read properties of undefined (reading 'all')
[2026-03-09T00:41:30.255Z] VEILING CHECK ERROR: Cannot read properties of undefined (reading 'all')
[2026-03-09T00:42:30.255Z] VEILING CHECK ERROR: Cannot read properties of undefined (reading 'all')
[2026-03-09T00:43:30.254Z] VEILING CHECK ERROR: Cannot read properties of undefined (reading 'all')
[2026-03-09T00:44:30.255Z] VEILING CHECK ERROR: Cannot read properties of undefined (reading 'all')
[2026-03-09T00:45:17.896Z] GET /api/search-history → 404 (1ms)
[2026-03-09T00:45:19.386Z] GET /api/search-history → 404 (1ms)
[2026-03-09T00:45:21.626Z] GET /api/voorraad → 500 (2ms)
[2026-03-09T00:45:23.512Z] GET /api/search-history → 404 (1ms)
[2026-03-09T00:45:29.355Z] GET /api/search-history → 404 (2ms)
[2026-03-09T00:45:30.255Z] VEILING CHECK ERROR: Cannot read properties of undefined (reading 'all')
[2026-03-09T00:46:30.255Z] VEILING CHECK ERROR: Cannot read properties of undefined (reading 'all')
[2026-03-09T00:47:30.255Z] VEILING CHECK ERROR: Cannot read properties of undefined (reading 'all')
[2026-03-09T00:48:30.256Z] VEILING CHECK ERROR: Cannot read properties of undefined (reading 'all')
[2026-03-09T00:49:07.806Z] GET /api/public/voorraad → 500 (2ms)
[2026-03-09T00:49:07.830Z] GET /api/public/voorraad/1 → 500 (1ms)
[2026-03-09T00:49:30.255Z] VEILING CHECK ERROR: Cannot read properties of undefined (reading 'all')
[2026-03-09T00:50:30.256Z] VEILING CHECK ERROR: Cannot read properties of undefined (reading 'all')
[2026-03-09T00:51:30.256Z] VEILING CHECK ERROR: Cannot read properties of undefined (reading 'all')
[2026-03-09T00:51:55.533Z] GET /api/search-history → 404 (1ms)
[2026-03-09T00:51:56.241Z] GET /api/search-history → 404 (1ms)
[2026-03-09T00:52:00.145Z] GET /api/search-history → 404 (1ms)
[2026-03-09T00:52:03.795Z] GET /api/search-history → 404 (1ms)
[2026-03-09T00:52:30.257Z] VEILING CHECK ERROR: Cannot read properties of undefined (reading 'all')
[2026-03-09T00:53:16.923Z] GET /api/search-history → 404 (1ms)
[2026-03-09T00:53:30.257Z] VEILING CHECK ERROR: Cannot read properties of undefined (reading 'all')
[2026-03-09T00:54:18.391Z] GET /api/search-history → 404 (1ms)
[2026-03-09T00:54:30.258Z] VEILING CHECK ERROR: Cannot read properties of undefined (reading 'all')
[2026-03-09T00:54:42.698Z] GET /api/voorraad → 500 (2ms)
[2026-03-09T00:54:46.798Z] GET /api/search-history → 404 (1ms)
[2026-03-09T00:54:48.001Z] GET /api/search-history → 404 (1ms)
[2026-03-09T00:54:49.326Z] GET /api/search-history → 404 (1ms)
[2026-03-09T00:55:02.796Z] GET /api/search-history → 404 (1ms)
[2026-03-09T00:55:13.470Z] GET /api/search-history → 404 (2ms)
[2026-03-09T00:55:19.475Z] GET /api/search-history → 404 (1ms)
[2026-03-09T00:55:27.294Z] GET /api/voorraad → 500 (2ms)
[2026-03-09T00:55:30.258Z] VEILING CHECK ERROR: Cannot read properties of undefined (reading 'all')
[2026-03-09T00:56:30.259Z] VEILING CHECK ERROR: Cannot read properties of undefined (reading 'all')
[2026-03-09T00:57:14.637Z] GET /api/admin/ai-services → 404 (1ms)
[2026-03-09T00:57:14.644Z] POST /api/admin/api-keys/test → 401 (1ms)
[2026-03-09T00:57:14.652Z] GET /api/db/tables → 404 (1ms)
[2026-03-09T00:57:14.660Z] GET /api/stats → 404 (1ms)
[2026-03-09T00:57:15.061Z] GET /api/admin/ai-services → 404 (1ms)
[2026-03-09T00:57:15.069Z] POST /api/admin/api-keys/test → 401 (1ms)
[2026-03-09T00:57:15.078Z] GET /api/db/tables → 404 (1ms)
[2026-03-09T00:57:15.087Z] GET /api/stats → 404 (0ms)
[2026-03-09T00:57:30.259Z] VEILING CHECK ERROR: Cannot read properties of undefined (reading 'all')
[2026-03-09T00:58:30.259Z] VEILING CHECK ERROR: Cannot read properties of undefined (reading 'all')
[2026-03-09T00:59:30.260Z] VEILING CHECK ERROR: Cannot read properties of undefined (reading 'all')
[2026-03-09T01:00:30.262Z] VEILING CHECK ERROR: Cannot read properties of undefined (reading 'all')
[2026-03-09T01:01:09.316Z] GET /api/public/voorraad/4 → 500 (2ms)
[2026-03-09T01:01:11.377Z] GET /api/public/voorraad → 500 (2ms)
[2026-03-09T01:01:30.263Z] VEILING CHECK ERROR: Cannot read properties of undefined (reading 'all')
[2026-03-09T01:02:30.264Z] VEILING CHECK ERROR: Cannot read properties of undefined (reading 'all')
[2026-03-09T01:03:30.265Z] VEILING CHECK ERROR: Cannot read properties of undefined (reading 'all')
[2026-03-09T01:04:30.265Z] VEILING CHECK ERROR: Cannot read properties of undefined (reading 'all')
[2026-03-09T01:05:30.266Z] VEILING CHECK ERROR: Cannot read properties of undefined (reading 'all')
[2026-03-09T01:06:30.266Z] VEILING CHECK ERROR: Cannot read properties of undefined (reading 'all')
[2026-03-09T01:07:30.266Z] VEILING CHECK ERROR: Cannot read properties of undefined (reading 'all')
[2026-03-09T01:08:30.267Z] VEILING CHECK ERROR: Cannot read properties of undefined (reading 'all')
[2026-03-09T01:09:30.268Z] VEILING CHECK ERROR: Cannot read properties of undefined (reading 'all')
[2026-03-09T01:09:39.774Z] GET /api/search-history → 404 (1ms)
[2026-03-09T01:09:45.111Z] GET /api/search-history → 404 (0ms)
[2026-03-09T01:09:45.539Z] GET /api/search-history → 404 (1ms)
[2026-03-09T01:09:47.134Z] GET /api/voorraad → 500 (2ms)
[2026-03-09T01:10:03.003Z] GET /api/search-history → 404 (6ms)
[2026-03-09T01:10:16.039Z] GET /api/search-history → 404 (5ms)
[2026-03-09T01:10:16.830Z] GET /api/search-history → 404 (3ms)
[2026-03-09T01:10:17.309Z] GET /api/search-history → 404 (2ms)
[2026-03-09T01:10:21.056Z] GET /api/voorraad → 500 (2ms)
[2026-03-09T01:10:46.734Z] GET /api/voorraad → 500 (2ms)
[2026-03-09T01:11:01.021Z] VEILING CHECK ERROR: Cannot read properties of undefined (reading 'all')
[2026-03-09T01:11:09.896Z] GET /api/db/tables → 404 (1ms)
[2026-03-09T01:11:11.352Z] GET /api/db/tables → 404 (2ms)
[2026-03-09T01:12:14.028Z] GET /api/search-history → 404 (7ms)
[2026-03-09T01:12:21.949Z] GET /api/search-history → 404 (3ms)
[2026-03-09T01:12:23.215Z] GET /api/search-history → 404 (2ms)
[2026-03-09T01:12:25.836Z] GET /api/search-history → 404 (2ms)
[2026-03-09T01:13:01.836Z] VEILING CHECK ERROR: Cannot read properties of undefined (reading 'all')
[2026-03-09T01:14:01.836Z] VEILING CHECK ERROR: Cannot read properties of undefined (reading 'all')
[2026-03-09T01:15:01.837Z] VEILING CHECK ERROR: Cannot read properties of undefined (reading 'all')
[2026-03-09T01:16:01.837Z] VEILING CHECK ERROR: Cannot read properties of undefined (reading 'all')
[2026-03-09T01:17:01.838Z] VEILING CHECK ERROR: Cannot read properties of undefined (reading 'all')
[2026-03-09T01:18:01.839Z] VEILING CHECK ERROR: Cannot read properties of undefined (reading 'all')
[2026-03-09T01:19:01.839Z] VEILING CHECK ERROR: Cannot read properties of undefined (reading 'all')
[2026-03-09T01:20:01.839Z] VEILING CHECK ERROR: Cannot read properties of undefined (reading 'all')
[2026-03-09T01:21:12.124Z] VEILING CHECK ERROR: Cannot read properties of undefined (reading 'all')
[2026-03-09T01:22:12.123Z] VEILING CHECK ERROR: Cannot read properties of undefined (reading 'all')
[2026-03-09T01:23:12.123Z] VEILING CHECK ERROR: Cannot read properties of undefined (reading 'all')
[2026-03-09T01:23:33.521Z] GET /api/search-history → 404 (7ms)
[2026-03-09T01:24:12.122Z] VEILING CHECK ERROR: Cannot read properties of undefined (reading 'all')
[2026-03-09T01:24:27.293Z] GET /api/voorraad → 500 (2ms)
[2026-03-09T01:25:12.124Z] VEILING CHECK ERROR: Cannot read properties of undefined (reading 'all')
[2026-03-09T01:26:12.124Z] VEILING CHECK ERROR: Cannot read properties of undefined (reading 'all')
[2026-03-09T01:27:12.125Z] VEILING CHECK ERROR: Cannot read properties of undefined (reading 'all')
[2026-03-09T01:28:12.126Z] VEILING CHECK ERROR: Cannot read properties of undefined (reading 'all')
[2026-03-09T01:29:12.127Z] VEILING CHECK ERROR: Cannot read properties of undefined (reading 'all')
[2026-03-09T01:30:12.127Z] VEILING CHECK ERROR: Cannot read properties of undefined (reading 'all')
[2026-03-09T01:31:12.127Z] VEILING CHECK ERROR: Cannot read properties of undefined (reading 'all')
[2026-03-09T01:32:12.127Z] VEILING CHECK ERROR: Cannot read properties of undefined (reading 'all')
[2026-03-09T01:33:01.531Z] GET /api/search-history → 404 (2ms)
[2026-03-09T01:33:12.127Z] VEILING CHECK ERROR: Cannot read properties of undefined (reading 'all')
[2026-03-09T01:34:12.129Z] VEILING CHECK ERROR: Cannot read properties of undefined (reading 'all')
[2026-03-09T01:35:12.129Z] VEILING CHECK ERROR: Cannot read properties of undefined (reading 'all')
[2026-03-09T01:36:12.128Z] VEILING CHECK ERROR: Cannot read properties of undefined (reading 'all')
[2026-03-09T01:37:12.128Z] VEILING CHECK ERROR: Cannot read properties of undefined (reading 'all')
[2026-03-09T01:38:01.883Z] GET /api/public/voorraad → 500 (0ms)
[2026-03-09T01:38:12.128Z] VEILING CHECK ERROR: Cannot read properties of undefined (reading 'all')
[2026-03-09T01:39:12.130Z] VEILING CHECK ERROR: Cannot read properties of undefined (reading 'all')
[2026-03-09T01:40:12.131Z] VEILING CHECK ERROR: Cannot read properties of undefined (reading 'all')
[2026-03-09T01:41:12.132Z] VEILING CHECK ERROR: Cannot read properties of undefined (reading 'all')
[2026-03-09T01:42:12.132Z] VEILING CHECK ERROR: Cannot read properties of undefined (reading 'all')
[2026-03-09T01:43:12.132Z] VEILING CHECK ERROR: Cannot read properties of undefined (reading 'all')
[2026-03-09T01:44:12.133Z] VEILING CHECK ERROR: Cannot read properties of undefined (reading 'all')
[2026-03-09T01:45:12.133Z] VEILING CHECK ERROR: Cannot read properties of undefined (reading 'all')
[2026-03-09T01:45:13.306Z] GET /api/public/voorraad → 500 (2ms)
[2026-03-09T01:45:15.871Z] GET /api/public/voorraad/8 → 500 (1ms)
[2026-03-09T01:46:05.371Z] GET /api/public/voorraad → 500 (1ms)
[2026-03-09T01:46:12.133Z] VEILING CHECK ERROR: Cannot read properties of undefined (reading 'all')
[2026-03-09T01:47:12.134Z] VEILING CHECK ERROR: Cannot read properties of undefined (reading 'all')
[2026-03-09T01:48:12.134Z] VEILING CHECK ERROR: Cannot read properties of undefined (reading 'all')
[2026-03-09T01:49:12.134Z] VEILING CHECK ERROR: Cannot read properties of undefined (reading 'all')
[2026-03-09T01:50:12.134Z] VEILING CHECK ERROR: Cannot read properties of undefined (reading 'all')
[2026-03-09T01:51:12.134Z] VEILING CHECK ERROR: Cannot read properties of undefined (reading 'all')
[2026-03-09T01:52:12.134Z] VEILING CHECK ERROR: Cannot read properties of undefined (reading 'all')
[2026-03-09T01:53:12.135Z] VEILING CHECK ERROR: Cannot read properties of undefined (reading 'all')
[2026-03-09T01:54:12.135Z] VEILING CHECK ERROR: Cannot read properties of undefined (reading 'all')
[2026-03-09T01:55:12.137Z] VEILING CHECK ERROR: Cannot read properties of undefined (reading 'all')
[2026-03-09T01:56:12.137Z] VEILING CHECK ERROR: Cannot read properties of undefined (reading 'all')
[2026-03-09T01:57:12.137Z] VEILING CHECK ERROR: Cannot read properties of undefined (reading 'all')
[2026-03-09T01:58:12.137Z] VEILING CHECK ERROR: Cannot read properties of undefined (reading 'all')
[2026-03-09T01:59:12.137Z] VEILING CHECK ERROR: Cannot read properties of undefined (reading 'all')
[2026-03-09T02:00:12.137Z] VEILING CHECK ERROR: Cannot read properties of undefined (reading 'all')
[2026-03-09T02:01:12.137Z] VEILING CHECK ERROR: Cannot read properties of undefined (reading 'all')
[2026-03-09T02:02:12.136Z] VEILING CHECK ERROR: Cannot read properties of undefined (reading 'all')
[2026-03-09T02:03:12.137Z] VEILING CHECK ERROR: Cannot read properties of undefined (reading 'all')
[2026-03-09T02:04:12.137Z] VEILING CHECK ERROR: Cannot read properties of undefined (reading 'all')
[2026-03-09T02:05:12.138Z] VEILING CHECK ERROR: Cannot read properties of undefined (reading 'all')
[2026-03-09T02:06:12.139Z] VEILING CHECK ERROR: Cannot read properties of undefined (reading 'all')
[2026-03-09T02:07:12.139Z] VEILING CHECK ERROR: Cannot read properties of undefined (reading 'all')
[2026-03-09T02:08:12.139Z] VEILING CHECK ERROR: Cannot read properties of undefined (reading 'all')
[2026-03-09T02:09:12.140Z] VEILING CHECK ERROR: Cannot read properties of undefined (reading 'all')
[2026-03-09T02:10:12.141Z] VEILING CHECK ERROR: Cannot read properties of undefined (reading 'all')
[2026-03-09T02:11:12.142Z] VEILING CHECK ERROR: Cannot read properties of undefined (reading 'all')
[2026-03-09T02:12:12.142Z] VEILING CHECK ERROR: Cannot read properties of undefined (reading 'all')
[2026-03-09T02:13:12.142Z] VEILING CHECK ERROR: Cannot read properties of undefined (reading 'all')
[2026-03-09T02:14:12.142Z] VEILING CHECK ERROR: Cannot read properties of undefined (reading 'all')
[2026-03-09T02:15:12.142Z] VEILING CHECK ERROR: Cannot read properties of undefined (reading 'all')
[2026-03-09T02:16:12.142Z] VEILING CHECK ERROR: Cannot read properties of undefined (reading 'all')
[2026-03-09T02:17:12.142Z] VEILING CHECK ERROR: Cannot read properties of undefined (reading 'all')
[2026-03-09T02:18:12.142Z] VEILING CHECK ERROR: Cannot read properties of undefined (reading 'all')
[2026-03-09T02:19:12.142Z] VEILING CHECK ERROR: Cannot read properties of undefined (reading 'all')
[2026-03-09T02:20:12.142Z] VEILING CHECK ERROR: Cannot read properties of undefined (reading 'all')
[2026-03-09T02:21:12.143Z] VEILING CHECK ERROR: Cannot read properties of undefined (reading 'all')
[2026-03-09T02:22:12.145Z] VEILING CHECK ERROR: Cannot read properties of undefined (reading 'all')
[2026-03-09T02:23:12.145Z] VEILING CHECK ERROR: Cannot read properties of undefined (reading 'all')
[2026-03-09T02:24:12.144Z] VEILING CHECK ERROR: Cannot read properties of undefined (reading 'all')
[2026-03-09T02:25:12.145Z] VEILING CHECK ERROR: Cannot read properties of undefined (reading 'all')
[2026-03-09T02:26:12.147Z] VEILING CHECK ERROR: Cannot read properties of undefined (reading 'all')
[2026-03-09T02:27:12.147Z] VEILING CHECK ERROR: Cannot read properties of undefined (reading 'all')
[2026-03-09T02:28:12.147Z] VEILING CHECK ERROR: Cannot read properties of undefined (reading 'all')
[2026-03-09T02:29:12.147Z] VEILING CHECK ERROR: Cannot read properties of undefined (reading 'all')
[2026-03-09T02:30:12.147Z] VEILING CHECK ERROR: Cannot read properties of undefined (reading 'all')
[2026-03-09T02:31:12.148Z] VEILING CHECK ERROR: Cannot read properties of undefined (reading 'all')
[2026-03-09T02:32:12.148Z] VEILING CHECK ERROR: Cannot read properties of undefined (reading 'all')
[2026-03-09T02:33:12.149Z] VEILING CHECK ERROR: Cannot read properties of undefined (reading 'all')
[2026-03-09T02:34:12.149Z] VEILING CHECK ERROR: Cannot read properties of undefined (reading 'all')
[2026-03-09T02:35:12.149Z] VEILING CHECK ERROR: Cannot read properties of undefined (reading 'all')
[2026-03-09T02:36:12.149Z] VEILING CHECK ERROR: Cannot read properties of undefined (reading 'all')
[2026-03-09T02:37:12.149Z] VEILING CHECK ERROR: Cannot read properties of undefined (reading 'all')
[2026-03-09T02:38:12.148Z] VEILING CHECK ERROR: Cannot read properties of undefined (reading 'all')
[2026-03-09T02:39:12.149Z] VEILING CHECK ERROR: Cannot read properties of undefined (reading 'all')
[2026-03-09T02:40:12.149Z] VEILING CHECK ERROR: Cannot read properties of undefined (reading 'all')
[2026-03-09T02:41:12.150Z] VEILING CHECK ERROR: Cannot read properties of undefined (reading 'all')
[2026-03-09T02:42:12.150Z] VEILING CHECK ERROR: Cannot read properties of undefined (reading 'all')
[2026-03-09T02:43:12.150Z] VEILING CHECK ERROR: Cannot read properties of undefined (reading 'all')
[2026-03-09T02:43:17.766Z] GET /api/public/voorraad → 500 (1ms)
[2026-03-09T02:44:12.151Z] VEILING CHECK ERROR: Cannot read properties of undefined (reading 'all')
[2026-03-09T02:45:12.151Z] VEILING CHECK ERROR: Cannot read properties of undefined (reading 'all')
[2026-03-09T02:46:12.151Z] VEILING CHECK ERROR: Cannot read properties of undefined (reading 'all')
[2026-03-09T02:47:12.151Z] VEILING CHECK ERROR: Cannot read properties of undefined (reading 'all')
[2026-03-09T02:48:12.152Z] VEILING CHECK ERROR: Cannot read properties of undefined (reading 'all')
[2026-03-09T02:49:12.152Z] VEILING CHECK ERROR: Cannot read properties of undefined (reading 'all')
[2026-03-09T02:50:12.152Z] VEILING CHECK ERROR: Cannot read properties of undefined (reading 'all')
[2026-03-09T02:51:12.152Z] VEILING CHECK ERROR: Cannot read properties of undefined (reading 'all')
[2026-03-09T02:52:12.152Z] VEILING CHECK ERROR: Cannot read properties of undefined (reading 'all')
[2026-03-09T02:52:14.772Z] GET /api/public/voorraad → 500 (1ms)
[2026-03-09T02:52:25.462Z] GET /api/public/voorraad/5 → 500 (1ms)
[2026-03-09T02:53:12.153Z] VEILING CHECK ERROR: Cannot read properties of undefined (reading 'all')
[2026-03-09T02:54:12.152Z] VEILING CHECK ERROR: Cannot read properties of undefined (reading 'all')
[2026-03-09T02:55:12.152Z] VEILING CHECK ERROR: Cannot read properties of undefined (reading 'all')
[2026-03-09T02:56:12.152Z] VEILING CHECK ERROR: Cannot read properties of undefined (reading 'all')
[2026-03-09T02:57:12.152Z] VEILING CHECK ERROR: Cannot read properties of undefined (reading 'all')
[2026-03-09T02:58:12.153Z] VEILING CHECK ERROR: Cannot read properties of undefined (reading 'all')
[2026-03-09T02:59:12.153Z] VEILING CHECK ERROR: Cannot read properties of undefined (reading 'all')
[2026-03-09T03:00:12.153Z] VEILING CHECK ERROR: Cannot read properties of undefined (reading 'all')
[2026-03-09T03:01:12.153Z] VEILING CHECK ERROR: Cannot read properties of undefined (reading 'all')
[2026-03-09T03:02:12.153Z] VEILING CHECK ERROR: Cannot read properties of undefined (reading 'all')
[2026-03-09T03:03:12.154Z] VEILING CHECK ERROR: Cannot read properties of undefined (reading 'all')
[2026-03-09T03:04:12.154Z] VEILING CHECK ERROR: Cannot read properties of undefined (reading 'all')
[2026-03-09T03:05:12.154Z] VEILING CHECK ERROR: Cannot read properties of undefined (reading 'all')
[2026-03-09T03:05:14.528Z] GET /api/veilingen → 500 (2ms)
[2026-03-09T03:06:12.154Z] VEILING CHECK ERROR: Cannot read properties of undefined (reading 'all')
[2026-03-09T03:07:12.155Z] VEILING CHECK ERROR: Cannot read properties of undefined (reading 'all')
[2026-03-09T03:08:12.155Z] VEILING CHECK ERROR: Cannot read properties of undefined (reading 'all')
[2026-03-09T03:09:12.155Z] VEILING CHECK ERROR: Cannot read properties of undefined (reading 'all')
[2026-03-09T03:10:12.155Z] VEILING CHECK ERROR: Cannot read properties of undefined (reading 'all')
[2026-03-09T03:11:12.155Z] VEILING CHECK ERROR: Cannot read properties of undefined (reading 'all')
[2026-03-09T03:12:12.154Z] VEILING CHECK ERROR: Cannot read properties of undefined (reading 'all')
[2026-03-09T03:13:12.154Z] VEILING CHECK ERROR: Cannot read properties of undefined (reading 'all')
[2026-03-09T03:14:12.155Z] VEILING CHECK ERROR: Cannot read properties of undefined (reading 'all')
[2026-03-09T03:15:12.157Z] VEILING CHECK ERROR: Cannot read properties of undefined (reading 'all')
[2026-03-09T03:16:12.157Z] VEILING CHECK ERROR: Cannot read properties of undefined (reading 'all')
[2026-03-09T03:17:12.157Z] VEILING CHECK ERROR: Cannot read properties of undefined (reading 'all')
[2026-03-09T03:18:12.158Z] VEILING CHECK ERROR: Cannot read properties of undefined (reading 'all')
[2026-03-09T03:19:12.158Z] VEILING CHECK ERROR: Cannot read properties of undefined (reading 'all')
[2026-03-09T03:19:18.422Z] GET /api/public/voorraad/3 → 500 (1ms)
[2026-03-09T03:19:31.967Z] GET /api/public/voorraad → 500 (2ms)
[2026-03-09T03:20:12.158Z] VEILING CHECK ERROR: Cannot read properties of undefined (reading 'all')
[2026-03-09T03:21:12.158Z] VEILING CHECK ERROR: Cannot read properties of undefined (reading 'all')
[2026-03-09T03:22:12.158Z] VEILING CHECK ERROR: Cannot read properties of undefined (reading 'all')
[2026-03-09T03:23:12.158Z] VEILING CHECK ERROR: Cannot read properties of undefined (reading 'all')
[2026-03-09T03:24:12.159Z] VEILING CHECK ERROR: Cannot read properties of undefined (reading 'all')
[2026-03-09T03:25:12.159Z] VEILING CHECK ERROR: Cannot read properties of undefined (reading 'all')
[2026-03-09T03:26:12.159Z] VEILING CHECK ERROR: Cannot read properties of undefined (reading 'all')
[2026-03-09T03:27:12.159Z] VEILING CHECK ERROR: Cannot read properties of undefined (reading 'all')
[2026-03-09T03:28:12.159Z] VEILING CHECK ERROR: Cannot read properties of undefined (reading 'all')
[2026-03-09T03:29:12.161Z] VEILING CHECK ERROR: Cannot read properties of undefined (reading 'all')
[2026-03-09T03:30:12.162Z] VEILING CHECK ERROR: Cannot read properties of undefined (reading 'all')
[2026-03-09T03:31:12.163Z] VEILING CHECK ERROR: Cannot read properties of undefined (reading 'all')
[2026-03-09T03:32:12.164Z] VEILING CHECK ERROR: Cannot read properties of undefined (reading 'all')
[2026-03-09T03:33:12.165Z] VEILING CHECK ERROR: Cannot read properties of undefined (reading 'all')
[2026-03-09T03:34:12.166Z] VEILING CHECK ERROR: Cannot read properties of undefined (reading 'all')
[2026-03-09T03:35:12.167Z] VEILING CHECK ERROR: Cannot read properties of undefined (reading 'all')
[2026-03-09T03:36:12.167Z] VEILING CHECK ERROR: Cannot read properties of undefined (reading 'all')
[2026-03-09T03:37:12.167Z] VEILING CHECK ERROR: Cannot read properties of undefined (reading 'all')
[2026-03-09T03:38:12.167Z] VEILING CHECK ERROR: Cannot read properties of undefined (reading 'all')
[2026-03-09T03:39:12.169Z] VEILING CHECK ERROR: Cannot read properties of undefined (reading 'all')
[2026-03-09T03:40:12.169Z] VEILING CHECK ERROR: Cannot read properties of undefined (reading 'all')
[2026-03-09T03:41:12.169Z] VEILING CHECK ERROR: Cannot read properties of undefined (reading 'all')
[2026-03-09T03:42:12.170Z] VEILING CHECK ERROR: Cannot read properties of undefined (reading 'all')
[2026-03-09T03:43:12.170Z] VEILING CHECK ERROR: Cannot read properties of undefined (reading 'all')
[2026-03-09T03:44:12.170Z] VEILING CHECK ERROR: Cannot read properties of undefined (reading 'all')
[2026-03-09T03:45:12.170Z] VEILING CHECK ERROR: Cannot read properties of undefined (reading 'all')
[2026-03-09T03:46:12.171Z] VEILING CHECK ERROR: Cannot read properties of undefined (reading 'all')
[2026-03-09T03:46:47.912Z] GET /api/public/voorraad → 500 (2ms)
[2026-03-09T03:47:12.171Z] VEILING CHECK ERROR: Cannot read properties of undefined (reading 'all')
[2026-03-09T03:48:12.171Z] VEILING CHECK ERROR: Cannot read properties of undefined (reading 'all')
[2026-03-09T03:49:12.171Z] VEILING CHECK ERROR: Cannot read properties of undefined (reading 'all')
[2026-03-09T03:50:12.171Z] VEILING CHECK ERROR: Cannot read properties of undefined (reading 'all')
[2026-03-09T03:51:12.171Z] VEILING CHECK ERROR: Cannot read properties of undefined (reading 'all')
[2026-03-09T03:52:12.172Z] VEILING CHECK ERROR: Cannot read properties of undefined (reading 'all')
[2026-03-09T03:52:20.025Z] GET /api/public/voorraad → 500 (2ms)
[2026-03-09T03:53:12.173Z] VEILING CHECK ERROR: Cannot read properties of undefined (reading 'all')
[2026-03-09T03:54:12.173Z] VEILING CHECK ERROR: Cannot read properties of undefined (reading 'all')
[2026-03-09T03:55:12.173Z] VEILING CHECK ERROR: Cannot read properties of undefined (reading 'all')
[2026-03-09T03:56:12.174Z] VEILING CHECK ERROR: Cannot read properties of undefined (reading 'all')
[2026-03-09T03:57:12.174Z] VEILING CHECK ERROR: Cannot read properties of undefined (reading 'all')
[2026-03-09T03:58:12.174Z] VEILING CHECK ERROR: Cannot read properties of undefined (reading 'all')
[2026-03-09T03:59:12.176Z] VEILING CHECK ERROR: Cannot read properties of undefined (reading 'all')
[2026-03-09T04:00:12.176Z] VEILING CHECK ERROR: Cannot read properties of undefined (reading 'all')
[2026-03-09T04:01:12.176Z] VEILING CHECK ERROR: Cannot read properties of undefined (reading 'all')
[2026-03-09T04:02:12.176Z] VEILING CHECK ERROR: Cannot read properties of undefined (reading 'all')
[2026-03-09T04:03:12.176Z] VEILING CHECK ERROR: Cannot read properties of undefined (reading 'all')
[2026-03-09T04:04:12.177Z] VEILING CHECK ERROR: Cannot read properties of undefined (reading 'all')
[2026-03-09T04:05:12.177Z] VEILING CHECK ERROR: Cannot read properties of undefined (reading 'all')
[2026-03-09T04:06:12.177Z] VEILING CHECK ERROR: Cannot read properties of undefined (reading 'all')
[2026-03-09T04:07:12.177Z] VEILING CHECK ERROR: Cannot read properties of undefined (reading 'all')
[2026-03-09T04:08:12.177Z] VEILING CHECK ERROR: Cannot read properties of undefined (reading 'all')
[2026-03-09T04:09:12.178Z] VEILING CHECK ERROR: Cannot read properties of undefined (reading 'all')
[2026-03-09T04:10:12.179Z] VEILING CHECK ERROR: Cannot read properties of undefined (reading 'all')
[2026-03-09T04:11:12.179Z] VEILING CHECK ERROR: Cannot read properties of undefined (reading 'all')
[2026-03-09T04:12:12.181Z] VEILING CHECK ERROR: Cannot read properties of undefined (reading 'all')
[2026-03-09T04:13:12.181Z] VEILING CHECK ERROR: Cannot read properties of undefined (reading 'all')
[2026-03-09T04:14:12.182Z] VEILING CHECK ERROR: Cannot read properties of undefined (reading 'all')
[2026-03-09T04:15:12.182Z] VEILING CHECK ERROR: Cannot read properties of undefined (reading 'all')
[2026-03-09T04:16:12.183Z] VEILING CHECK ERROR: Cannot read properties of undefined (reading 'all')
[2026-03-09T04:17:12.184Z] VEILING CHECK ERROR: Cannot read properties of undefined (reading 'all')
[2026-03-09T04:18:12.184Z] VEILING CHECK ERROR: Cannot read properties of undefined (reading 'all')
[2026-03-09T04:19:12.185Z] VEILING CHECK ERROR: Cannot read properties of undefined (reading 'all')
[2026-03-09T04:20:12.185Z] VEILING CHECK ERROR: Cannot read properties of undefined (reading 'all')
[2026-03-09T04:21:12.185Z] VEILING CHECK ERROR: Cannot read properties of undefined (reading 'all')
[2026-03-09T04:22:12.185Z] VEILING CHECK ERROR: Cannot read properties of undefined (reading 'all')
[2026-03-09T04:23:12.185Z] VEILING CHECK ERROR: Cannot read properties of undefined (reading 'all')
[2026-03-09T04:24:12.185Z] VEILING CHECK ERROR: Cannot read properties of undefined (reading 'all')
[2026-03-09T04:25:12.186Z] VEILING CHECK ERROR: Cannot read properties of undefined (reading 'all')
[2026-03-09T04:26:12.186Z] VEILING CHECK ERROR: Cannot read properties of undefined (reading 'all')
[2026-03-09T04:27:12.186Z] VEILING CHECK ERROR: Cannot read properties of undefined (reading 'all')
[2026-03-09T04:28:12.185Z] VEILING CHECK ERROR: Cannot read properties of undefined (reading 'all')
[2026-03-09T04:29:12.187Z] VEILING CHECK ERROR: Cannot read properties of undefined (reading 'all')
[2026-03-09T04:30:12.188Z] VEILING CHECK ERROR: Cannot read properties of undefined (reading 'all')
[2026-03-09T04:31:12.188Z] VEILING CHECK ERROR: Cannot read properties of undefined (reading 'all')
[2026-03-09T04:32:12.190Z] VEILING CHECK ERROR: Cannot read properties of undefined (reading 'all')
[2026-03-09T04:33:12.189Z] VEILING CHECK ERROR: Cannot read properties of undefined (reading 'all')
[2026-03-09T04:34:12.190Z] VEILING CHECK ERROR: Cannot read properties of undefined (reading 'all')
[2026-03-09T04:35:12.190Z] VEILING CHECK ERROR: Cannot read properties of undefined (reading 'all')
[2026-03-09T04:36:12.190Z] VEILING CHECK ERROR: Cannot read properties of undefined (reading 'all')
[2026-03-09T04:37:12.191Z] VEILING CHECK ERROR: Cannot read properties of undefined (reading 'all')
[2026-03-09T04:38:12.192Z] VEILING CHECK ERROR: Cannot read properties of undefined (reading 'all')
[2026-03-09T04:39:12.193Z] VEILING CHECK ERROR: Cannot read properties of undefined (reading 'all')
[2026-03-09T04:40:12.193Z] VEILING CHECK ERROR: Cannot read properties of undefined (reading 'all')
[2026-03-09T04:41:12.193Z] VEILING CHECK ERROR: Cannot read properties of undefined (reading 'all')
[2026-03-09T04:42:12.194Z] VEILING CHECK ERROR: Cannot read properties of undefined (reading 'all')
[2026-03-09T04:43:12.195Z] VEILING CHECK ERROR: Cannot read properties of undefined (reading 'all')
[2026-03-09T04:44:12.195Z] VEILING CHECK ERROR: Cannot read properties of undefined (reading 'all')
[2026-03-09T04:45:12.196Z] VEILING CHECK ERROR: Cannot read properties of undefined (reading 'all')
[2026-03-09T04:45:48.324Z] GET /api/public/voorraad → 500 (1ms)
[2026-03-09T04:46:12.196Z] VEILING CHECK ERROR: Cannot read properties of undefined (reading 'all')
[2026-03-09T04:47:12.196Z] VEILING CHECK ERROR: Cannot read properties of undefined (reading 'all')
[2026-03-09T04:48:12.197Z] VEILING CHECK ERROR: Cannot read properties of undefined (reading 'all')
[2026-03-09T04:49:12.198Z] VEILING CHECK ERROR: Cannot read properties of undefined (reading 'all')
[2026-03-09T04:50:12.198Z] VEILING CHECK ERROR: Cannot read properties of undefined (reading 'all')
[2026-03-09T04:51:12.197Z] VEILING CHECK ERROR: Cannot read properties of undefined (reading 'all')
[2026-03-09T04:52:12.198Z] VEILING CHECK ERROR: Cannot read properties of undefined (reading 'all')
[2026-03-09T04:53:12.198Z] VEILING CHECK ERROR: Cannot read properties of undefined (reading 'all')
[2026-03-09T04:54:12.199Z] VEILING CHECK ERROR: Cannot read properties of undefined (reading 'all')
[2026-03-09T04:55:12.200Z] VEILING CHECK ERROR: Cannot read properties of undefined (reading 'all')
[2026-03-09T04:56:12.201Z] VEILING CHECK ERROR: Cannot read properties of undefined (reading 'all')
[2026-03-09T04:57:12.201Z] VEILING CHECK ERROR: Cannot read properties of undefined (reading 'all')
[2026-03-09T04:58:12.202Z] VEILING CHECK ERROR: Cannot read properties of undefined (reading 'all')
[2026-03-09T04:59:12.202Z] VEILING CHECK ERROR: Cannot read properties of undefined (reading 'all')
[2026-03-09T05:00:12.203Z] VEILING CHECK ERROR: Cannot read properties of undefined (reading 'all')
[2026-03-09T05:01:12.204Z] VEILING CHECK ERROR: Cannot read properties of undefined (reading 'all')
[2026-03-09T05:02:12.204Z] VEILING CHECK ERROR: Cannot read properties of undefined (reading 'all')
[2026-03-09T05:03:12.204Z] VEILING CHECK ERROR: Cannot read properties of undefined (reading 'all')
[2026-03-09T05:03:14.220Z] GET /api/public/voorraad/6 → 500 (2ms)
[2026-03-09T05:03:18.118Z] GET /api/public/voorraad → 500 (2ms)
[2026-03-09T05:04:12.205Z] VEILING CHECK ERROR: Cannot read properties of undefined (reading 'all')
[2026-03-09T05:05:12.205Z] VEILING CHECK ERROR: Cannot read properties of undefined (reading 'all')
[2026-03-09T05:06:12.206Z] VEILING CHECK ERROR: Cannot read properties of undefined (reading 'all')
[2026-03-09T05:07:12.207Z] VEILING CHECK ERROR: Cannot read properties of undefined (reading 'all')
[2026-03-09T05:08:12.207Z] VEILING CHECK ERROR: Cannot read properties of undefined (reading 'all')
[2026-03-09T05:09:12.208Z] VEILING CHECK ERROR: Cannot read properties of undefined (reading 'all')
[2026-03-09T05:10:12.209Z] VEILING CHECK ERROR: Cannot read properties of undefined (reading 'all')
[2026-03-09T05:11:12.209Z] VEILING CHECK ERROR: Cannot read properties of undefined (reading 'all')
[2026-03-09T05:12:12.209Z] VEILING CHECK ERROR: Cannot read properties of undefined (reading 'all')
[2026-03-09T05:13:12.209Z] VEILING CHECK ERROR: Cannot read properties of undefined (reading 'all')
[2026-03-09T05:14:12.210Z] VEILING CHECK ERROR: Cannot read properties of undefined (reading 'all')
[2026-03-09T05:15:12.211Z] VEILING CHECK ERROR: Cannot read properties of undefined (reading 'all')
[2026-03-09T05:16:12.211Z] VEILING CHECK ERROR: Cannot read properties of undefined (reading 'all')
[2026-03-09T05:17:12.211Z] VEILING CHECK ERROR: Cannot read properties of undefined (reading 'all')
[2026-03-09T05:18:12.212Z] VEILING CHECK ERROR: Cannot read properties of undefined (reading 'all')
[2026-03-09T05:19:12.212Z] VEILING CHECK ERROR: Cannot read properties of undefined (reading 'all')
[2026-03-09T05:20:12.213Z] VEILING CHECK ERROR: Cannot read properties of undefined (reading 'all')
[2026-03-09T05:21:12.213Z] VEILING CHECK ERROR: Cannot read properties of undefined (reading 'all')
[2026-03-09T05:22:12.213Z] VEILING CHECK ERROR: Cannot read properties of undefined (reading 'all')
[2026-03-09T05:23:12.213Z] VEILING CHECK ERROR: Cannot read properties of undefined (reading 'all')
[2026-03-09T05:24:12.214Z] VEILING CHECK ERROR: Cannot read properties of undefined (reading 'all')
[2026-03-09T05:25:12.215Z] VEILING CHECK ERROR: Cannot read properties of undefined (reading 'all')
[2026-03-09T05:26:12.216Z] VEILING CHECK ERROR: Cannot read properties of undefined (reading 'all')
[2026-03-09T05:27:12.217Z] VEILING CHECK ERROR: Cannot read properties of undefined (reading 'all')
[2026-03-09T05:28:12.218Z] VEILING CHECK ERROR: Cannot read properties of undefined (reading 'all')
[2026-03-09T05:29:12.219Z] VEILING CHECK ERROR: Cannot read properties of undefined (reading 'all')
[2026-03-09T05:30:12.219Z] VEILING CHECK ERROR: Cannot read properties of undefined (reading 'all')
[2026-03-09T05:31:12.219Z] VEILING CHECK ERROR: Cannot read properties of undefined (reading 'all')
[2026-03-09T05:32:12.220Z] VEILING CHECK ERROR: Cannot read properties of undefined (reading 'all')
[2026-03-09T05:33:12.220Z] VEILING CHECK ERROR: Cannot read properties of undefined (reading 'all')
[2026-03-09T05:34:12.221Z] VEILING CHECK ERROR: Cannot read properties of undefined (reading 'all')
[2026-03-09T05:35:12.221Z] VEILING CHECK ERROR: Cannot read properties of undefined (reading 'all')
[2026-03-09T05:36:12.221Z] VEILING CHECK ERROR: Cannot read properties of undefined (reading 'all')
[2026-03-09T05:37:12.222Z] VEILING CHECK ERROR: Cannot read properties of undefined (reading 'all')
[2026-03-09T05:38:12.222Z] VEILING CHECK ERROR: Cannot read properties of undefined (reading 'all')
[2026-03-09T05:39:12.222Z] VEILING CHECK ERROR: Cannot read properties of undefined (reading 'all')
[2026-03-09T05:40:12.222Z] VEILING CHECK ERROR: Cannot read properties of undefined (reading 'all')
[2026-03-09T05:41:12.223Z] VEILING CHECK ERROR: Cannot read properties of undefined (reading 'all')
[2026-03-09T05:42:12.224Z] VEILING CHECK ERROR: Cannot read properties of undefined (reading 'all')
[2026-03-09T05:43:12.224Z] VEILING CHECK ERROR: Cannot read properties of undefined (reading 'all')
[2026-03-09T05:44:12.225Z] VEILING CHECK ERROR: Cannot read properties of undefined (reading 'all')
[2026-03-09T05:45:12.224Z] VEILING CHECK ERROR: Cannot read properties of undefined (reading 'all')
[2026-03-09T05:46:12.225Z] VEILING CHECK ERROR: Cannot read properties of undefined (reading 'all')
[2026-03-09T05:47:12.225Z] VEILING CHECK ERROR: Cannot read properties of undefined (reading 'all')
[2026-03-09T05:48:12.225Z] VEILING CHECK ERROR: Cannot read properties of undefined (reading 'all')
[2026-03-09T05:49:12.226Z] VEILING CHECK ERROR: Cannot read properties of undefined (reading 'all')
[2026-03-09T05:50:12.226Z] VEILING CHECK ERROR: Cannot read properties of undefined (reading 'all')
[2026-03-09T05:51:12.227Z] VEILING CHECK ERROR: Cannot read properties of undefined (reading 'all')
[2026-03-09T05:52:12.228Z] VEILING CHECK ERROR: Cannot read properties of undefined (reading 'all')
[2026-03-09T05:53:12.228Z] VEILING CHECK ERROR: Cannot read properties of undefined (reading 'all')
[2026-03-09T05:54:12.229Z] VEILING CHECK ERROR: Cannot read properties of undefined (reading 'all')
[2026-03-09T05:55:12.230Z] VEILING CHECK ERROR: Cannot read properties of undefined (reading 'all')
[2026-03-09T05:56:12.230Z] VEILING CHECK ERROR: Cannot read properties of undefined (reading 'all')
[2026-03-09T05:57:12.231Z] VEILING CHECK ERROR: Cannot read properties of undefined (reading 'all')
[2026-03-09T05:58:12.232Z] VEILING CHECK ERROR: Cannot read properties of undefined (reading 'all')
[2026-03-09T05:59:12.233Z] VEILING CHECK ERROR: Cannot read properties of undefined (reading 'all')
[2026-03-09T06:00:12.234Z] VEILING CHECK ERROR: Cannot read properties of undefined (reading 'all')
[2026-03-09T06:01:12.234Z] VEILING CHECK ERROR: Cannot read properties of undefined (reading 'all')
[2026-03-09T06:02:12.234Z] VEILING CHECK ERROR: Cannot read properties of undefined (reading 'all')
[2026-03-09T06:03:12.235Z] VEILING CHECK ERROR: Cannot read properties of undefined (reading 'all')
[2026-03-09T06:04:12.235Z] VEILING CHECK ERROR: Cannot read properties of undefined (reading 'all')
[2026-03-09T06:05:12.236Z] VEILING CHECK ERROR: Cannot read properties of undefined (reading 'all')
[2026-03-09T06:06:12.237Z] VEILING CHECK ERROR: Cannot read properties of undefined (reading 'all')
[2026-03-09T06:07:12.238Z] VEILING CHECK ERROR: Cannot read properties of undefined (reading 'all')
[2026-03-09T06:08:12.238Z] VEILING CHECK ERROR: Cannot read properties of undefined (reading 'all')
[2026-03-09T06:09:12.238Z] VEILING CHECK ERROR: Cannot read properties of undefined (reading 'all')
[2026-03-09T06:10:12.240Z] VEILING CHECK ERROR: Cannot read properties of undefined (reading 'all')
[2026-03-09T06:11:12.240Z] VEILING CHECK ERROR: Cannot read properties of undefined (reading 'all')
[2026-03-09T06:12:12.241Z] VEILING CHECK ERROR: Cannot read properties of undefined (reading 'all')
[2026-03-09T06:13:12.242Z] VEILING CHECK ERROR: Cannot read properties of undefined (reading 'all')
[2026-03-09T06:14:12.242Z] VEILING CHECK ERROR: Cannot read properties of undefined (reading 'all')
[2026-03-09T06:15:12.241Z] VEILING CHECK ERROR: Cannot read properties of undefined (reading 'all')
[2026-03-09T06:16:12.242Z] VEILING CHECK ERROR: Cannot read properties of undefined (reading 'all')
[2026-03-09T06:17:12.243Z] VEILING CHECK ERROR: Cannot read properties of undefined (reading 'all')
[2026-03-09T06:18:12.244Z] VEILING CHECK ERROR: Cannot read properties of undefined (reading 'all')
[2026-03-09T06:19:12.244Z] VEILING CHECK ERROR: Cannot read properties of undefined (reading 'all')
[2026-03-09T06:20:12.245Z] VEILING CHECK ERROR: Cannot read properties of undefined (reading 'all')
[2026-03-09T06:21:12.245Z] VEILING CHECK ERROR: Cannot read properties of undefined (reading 'all')
[2026-03-09T06:22:12.245Z] VEILING CHECK ERROR: Cannot read properties of undefined (reading 'all')
[2026-03-09T06:23:12.245Z] VEILING CHECK ERROR: Cannot read properties of undefined (reading 'all')
[2026-03-09T06:24:12.245Z] VEILING CHECK ERROR: Cannot read properties of undefined (reading 'all')
[2026-03-09T06:25:12.245Z] VEILING CHECK ERROR: Cannot read properties of undefined (reading 'all')
[2026-03-09T06:26:12.246Z] VEILING CHECK ERROR: Cannot read properties of undefined (reading 'all')
[2026-03-09T06:27:12.246Z] VEILING CHECK ERROR: Cannot read properties of undefined (reading 'all')
[2026-03-09T06:28:12.248Z] VEILING CHECK ERROR: Cannot read properties of undefined (reading 'all')
[2026-03-09T06:29:12.248Z] VEILING CHECK ERROR: Cannot read properties of undefined (reading 'all')
[2026-03-09T06:30:12.247Z] VEILING CHECK ERROR: Cannot read properties of undefined (reading 'all')
[2026-03-09T06:31:12.248Z] VEILING CHECK ERROR: Cannot read properties of undefined (reading 'all')
[2026-03-09T06:32:12.247Z] VEILING CHECK ERROR: Cannot read properties of undefined (reading 'all')
[2026-03-09T06:33:12.248Z] VEILING CHECK ERROR: Cannot read properties of undefined (reading 'all')
[2026-03-09T06:34:12.248Z] VEILING CHECK ERROR: Cannot read properties of undefined (reading 'all')
[2026-03-09T06:35:12.249Z] VEILING CHECK ERROR: Cannot read properties of undefined (reading 'all')
[2026-03-09T06:36:12.249Z] VEILING CHECK ERROR: Cannot read properties of undefined (reading 'all')
[2026-03-09T06:37:12.249Z] VEILING CHECK ERROR: Cannot read properties of undefined (reading 'all')
[2026-03-09T06:38:12.250Z] VEILING CHECK ERROR: Cannot read properties of undefined (reading 'all')
[2026-03-09T06:39:12.250Z] VEILING CHECK ERROR: Cannot read properties of undefined (reading 'all')
[2026-03-09T06:40:12.250Z] VEILING CHECK ERROR: Cannot read properties of undefined (reading 'all')
[2026-03-09T06:41:12.250Z] VEILING CHECK ERROR: Cannot read properties of undefined (reading 'all')
[2026-03-09T06:42:12.252Z] VEILING CHECK ERROR: Cannot read properties of undefined (reading 'all')
[2026-03-09T06:43:12.252Z] VEILING CHECK ERROR: Cannot read properties of undefined (reading 'all')
[2026-03-09T06:44:12.251Z] VEILING CHECK ERROR: Cannot read properties of undefined (reading 'all')
[2026-03-09T06:45:12.252Z] VEILING CHECK ERROR: Cannot read properties of undefined (reading 'all')
[2026-03-09T06:46:12.252Z] VEILING CHECK ERROR: Cannot read properties of undefined (reading 'all')
[2026-03-09T06:47:12.254Z] VEILING CHECK ERROR: Cannot read properties of undefined (reading 'all')
[2026-03-09T06:47:17.948Z] GET /api/public/voorraad → 500 (2ms)
[2026-03-09T06:47:20.221Z] GET /api/public/voorraad/7 → 500 (2ms)
[2026-03-09T06:48:12.255Z] VEILING CHECK ERROR: Cannot read properties of undefined (reading 'all')
[2026-03-09T06:49:12.254Z] VEILING CHECK ERROR: Cannot read properties of undefined (reading 'all')
[2026-03-09T06:50:12.255Z] VEILING CHECK ERROR: Cannot read properties of undefined (reading 'all')
[2026-03-09T06:51:12.256Z] VEILING CHECK ERROR: Cannot read properties of undefined (reading 'all')
[2026-03-09T06:52:12.257Z] VEILING CHECK ERROR: Cannot read properties of undefined (reading 'all')
[2026-03-09T06:53:12.257Z] VEILING CHECK ERROR: Cannot read properties of undefined (reading 'all')
[2026-03-09T06:54:12.258Z] VEILING CHECK ERROR: Cannot read properties of undefined (reading 'all')
[2026-03-09T06:55:12.258Z] VEILING CHECK ERROR: Cannot read properties of undefined (reading 'all')
[2026-03-09T06:56:12.259Z] VEILING CHECK ERROR: Cannot read properties of undefined (reading 'all')
[2026-03-09T06:57:12.259Z] VEILING CHECK ERROR: Cannot read properties of undefined (reading 'all')
[2026-03-09T06:58:12.259Z] VEILING CHECK ERROR: Cannot read properties of undefined (reading 'all')
[2026-03-09T06:59:12.260Z] VEILING CHECK ERROR: Cannot read properties of undefined (reading 'all')
[2026-03-09T07:00:12.260Z] VEILING CHECK ERROR: Cannot read properties of undefined (reading 'all')
[2026-03-09T07:01:12.261Z] VEILING CHECK ERROR: Cannot read properties of undefined (reading 'all')
[2026-03-09T07:02:12.261Z] VEILING CHECK ERROR: Cannot read properties of undefined (reading 'all')
[2026-03-09T07:03:12.261Z] VEILING CHECK ERROR: Cannot read properties of undefined (reading 'all')
[2026-03-09T07:04:12.262Z] VEILING CHECK ERROR: Cannot read properties of undefined (reading 'all')
[2026-03-09T07:05:12.262Z] VEILING CHECK ERROR: Cannot read properties of undefined (reading 'all')
[2026-03-09T07:06:12.261Z] VEILING CHECK ERROR: Cannot read properties of undefined (reading 'all')
[2026-03-09T07:07:12.263Z] VEILING CHECK ERROR: Cannot read properties of undefined (reading 'all')
[2026-03-09T07:08:12.264Z] VEILING CHECK ERROR: Cannot read properties of undefined (reading 'all')
[2026-03-09T07:09:12.264Z] VEILING CHECK ERROR: Cannot read properties of undefined (reading 'all')
[2026-03-09T07:10:12.266Z] VEILING CHECK ERROR: Cannot read properties of undefined (reading 'all')
[2026-03-09T07:11:12.266Z] VEILING CHECK ERROR: Cannot read properties of undefined (reading 'all')
[2026-03-09T07:12:12.267Z] VEILING CHECK ERROR: Cannot read properties of undefined (reading 'all')
[2026-03-09T07:13:12.267Z] VEILING CHECK ERROR: Cannot read properties of undefined (reading 'all')
[2026-03-09T07:14:12.268Z] VEILING CHECK ERROR: Cannot read properties of undefined (reading 'all')
[2026-03-09T07:15:12.269Z] VEILING CHECK ERROR: Cannot read properties of undefined (reading 'all')
[2026-03-09T07:15:56.662Z] GET /api/public/voorraad → 500 (1ms)
[2026-03-09T07:15:58.759Z] GET /api/public/voorraad → 500 (2ms)
[2026-03-09T07:16:04.785Z] GET /api/public/voorraad → 500 (2ms)
[2026-03-09T07:16:12.270Z] VEILING CHECK ERROR: Cannot read properties of undefined (reading 'all')
[2026-03-09T07:16:12.490Z] GET /api/public/voorraad → 500 (2ms)
[2026-03-09T07:16:16.600Z] GET /api/public/voorraad → 500 (2ms)
[2026-03-09T07:17:12.271Z] VEILING CHECK ERROR: Cannot read properties of undefined (reading 'all')
[2026-03-09T07:18:12.272Z] VEILING CHECK ERROR: Cannot read properties of undefined (reading 'all')
[2026-03-09T07:19:12.272Z] VEILING CHECK ERROR: Cannot read properties of undefined (reading 'all')
[2026-03-09T07:20:12.271Z] VEILING CHECK ERROR: Cannot read properties of undefined (reading 'all')
[2026-03-09T07:21:12.272Z] VEILING CHECK ERROR: Cannot read properties of undefined (reading 'all')
[2026-03-09T07:22:12.273Z] VEILING CHECK ERROR: Cannot read properties of undefined (reading 'all')
[2026-03-09T07:23:12.273Z] VEILING CHECK ERROR: Cannot read properties of undefined (reading 'all')
[2026-03-09T07:24:12.273Z] VEILING CHECK ERROR: Cannot read properties of undefined (reading 'all')
[2026-03-09T07:25:12.274Z] VEILING CHECK ERROR: Cannot read properties of undefined (reading 'all')
[2026-03-09T07:26:12.274Z] VEILING CHECK ERROR: Cannot read properties of undefined (reading 'all')
[2026-03-09T07:27:12.276Z] VEILING CHECK ERROR: Cannot read properties of undefined (reading 'all')
[2026-03-09T07:28:12.277Z] VEILING CHECK ERROR: Cannot read properties of undefined (reading 'all')
[2026-03-09T07:29:12.276Z] VEILING CHECK ERROR: Cannot read properties of undefined (reading 'all')
[2026-03-09T07:30:12.277Z] VEILING CHECK ERROR: Cannot read properties of undefined (reading 'all')
[2026-03-09T07:31:12.277Z] VEILING CHECK ERROR: Cannot read properties of undefined (reading 'all')
[2026-03-09T07:32:12.279Z] VEILING CHECK ERROR: Cannot read properties of undefined (reading 'all')
[2026-03-09T07:33:12.279Z] VEILING CHECK ERROR: Cannot read properties of undefined (reading 'all')
[2026-03-09T07:34:12.280Z] VEILING CHECK ERROR: Cannot read properties of undefined (reading 'all')
[2026-03-09T07:35:12.281Z] VEILING CHECK ERROR: Cannot read properties of undefined (reading 'all')
[2026-03-09T07:36:12.282Z] VEILING CHECK ERROR: Cannot read properties of undefined (reading 'all')
[2026-03-09T07:37:12.282Z] VEILING CHECK ERROR: Cannot read properties of undefined (reading 'all')
[2026-03-09T07:38:12.282Z] VEILING CHECK ERROR: Cannot read properties of undefined (reading 'all')
[2026-03-09T07:39:12.282Z] VEILING CHECK ERROR: Cannot read properties of undefined (reading 'all')
[2026-03-09T07:40:12.282Z] VEILING CHECK ERROR: Cannot read properties of undefined (reading 'all')
[2026-03-09T07:41:12.282Z] VEILING CHECK ERROR: Cannot read properties of undefined (reading 'all')
[2026-03-09T07:42:12.283Z] VEILING CHECK ERROR: Cannot read properties of undefined (reading 'all')
[2026-03-09T07:43:12.283Z] VEILING CHECK ERROR: Cannot read properties of undefined (reading 'all')
[2026-03-09T07:44:12.283Z] VEILING CHECK ERROR: Cannot read properties of undefined (reading 'all')
[2026-03-09T07:45:12.284Z] VEILING CHECK ERROR: Cannot read properties of undefined (reading 'all')
[2026-03-09T07:46:12.283Z] VEILING CHECK ERROR: Cannot read properties of undefined (reading 'all')
[2026-03-09T07:47:12.284Z] VEILING CHECK ERROR: Cannot read properties of undefined (reading 'all')
[2026-03-09T07:48:12.284Z] VEILING CHECK ERROR: Cannot read properties of undefined (reading 'all')
[2026-03-09T07:49:12.285Z] VEILING CHECK ERROR: Cannot read properties of undefined (reading 'all')
[2026-03-09T07:50:12.285Z] VEILING CHECK ERROR: Cannot read properties of undefined (reading 'all')
[2026-03-09T07:51:12.286Z] VEILING CHECK ERROR: Cannot read properties of undefined (reading 'all')
[2026-03-09T07:52:12.287Z] VEILING CHECK ERROR: Cannot read properties of undefined (reading 'all')
[2026-03-09T07:53:12.287Z] VEILING CHECK ERROR: Cannot read properties of undefined (reading 'all')
[2026-03-09T07:54:12.289Z] VEILING CHECK ERROR: Cannot read properties of undefined (reading 'all')
[2026-03-09T07:55:12.289Z] VEILING CHECK ERROR: Cannot read properties of undefined (reading 'all')
[2026-03-09T07:56:12.290Z] VEILING CHECK ERROR: Cannot read properties of undefined (reading 'all')
[2026-03-09T07:57:12.291Z] VEILING CHECK ERROR: Cannot read properties of undefined (reading 'all')
[2026-03-09T07:58:12.291Z] VEILING CHECK ERROR: Cannot read properties of undefined (reading 'all')
[2026-03-09T07:59:12.292Z] VEILING CHECK ERROR: Cannot read properties of undefined (reading 'all')
[2026-03-09T08:00:12.293Z] VEILING CHECK ERROR: Cannot read properties of undefined (reading 'all')
[2026-03-09T08:01:12.295Z] VEILING CHECK ERROR: Cannot read properties of undefined (reading 'all')
[2026-03-09T08:02:12.296Z] VEILING CHECK ERROR: Cannot read properties of undefined (reading 'all')
[2026-03-09T08:02:46.840Z] GET /api/public/voorraad → 500 (1ms)
[2026-03-09T08:03:12.296Z] VEILING CHECK ERROR: Cannot read properties of undefined (reading 'all')
[2026-03-09T08:04:12.297Z] VEILING CHECK ERROR: Cannot read properties of undefined (reading 'all')
[2026-03-09T08:05:12.297Z] VEILING CHECK ERROR: Cannot read properties of undefined (reading 'all')
[2026-03-09T08:06:12.299Z] VEILING CHECK ERROR: Cannot read properties of undefined (reading 'all')
[2026-03-09T08:07:12.299Z] VEILING CHECK ERROR: Cannot read properties of undefined (reading 'all')
[2026-03-09T08:08:12.299Z] VEILING CHECK ERROR: Cannot read properties of undefined (reading 'all')
[2026-03-09T08:09:12.300Z] VEILING CHECK ERROR: Cannot read properties of undefined (reading 'all')
[2026-03-09T08:10:12.299Z] VEILING CHECK ERROR: Cannot read properties of undefined (reading 'all')
[2026-03-09T08:11:09.714Z] GET /api/veilingen → 500 (2ms)
[2026-03-09T08:11:12.300Z] VEILING CHECK ERROR: Cannot read properties of undefined (reading 'all')
[2026-03-09T08:12:12.300Z] VEILING CHECK ERROR: Cannot read properties of undefined (reading 'all')
[2026-03-09T08:13:12.300Z] VEILING CHECK ERROR: Cannot read properties of undefined (reading 'all')
[2026-03-09T08:13:32.852Z] GET /api/public/voorraad/7 → 500 (2ms)
[2026-03-09T08:13:33.509Z] GET /api/public/voorraad → 500 (2ms)
[2026-03-09T08:14:12.299Z] VEILING CHECK ERROR: Cannot read properties of undefined (reading 'all')
[2026-03-09T08:15:12.300Z] VEILING CHECK ERROR: Cannot read properties of undefined (reading 'all')
[2026-03-09T08:16:12.301Z] VEILING CHECK ERROR: Cannot read properties of undefined (reading 'all')
[2026-03-09T08:17:12.302Z] VEILING CHECK ERROR: Cannot read properties of undefined (reading 'all')
[2026-03-09T08:18:12.303Z] VEILING CHECK ERROR: Cannot read properties of undefined (reading 'all')
[2026-03-09T08:19:12.303Z] VEILING CHECK ERROR: Cannot read properties of undefined (reading 'all')
[2026-03-09T08:20:12.305Z] VEILING CHECK ERROR: Cannot read properties of undefined (reading 'all')
[2026-03-09T08:21:12.305Z] VEILING CHECK ERROR: Cannot read properties of undefined (reading 'all')
[2026-03-09T08:22:12.305Z] VEILING CHECK ERROR: Cannot read properties of undefined (reading 'all')
[2026-03-09T08:23:12.305Z] VEILING CHECK ERROR: Cannot read properties of undefined (reading 'all')
[2026-03-09T08:24:12.306Z] VEILING CHECK ERROR: Cannot read properties of undefined (reading 'all')
[2026-03-09T08:25:12.306Z] VEILING CHECK ERROR: Cannot read properties of undefined (reading 'all')
[2026-03-09T08:26:12.306Z] VEILING CHECK ERROR: Cannot read properties of undefined (reading 'all')
[2026-03-09T08:27:12.306Z] VEILING CHECK ERROR: Cannot read properties of undefined (reading 'all')
[2026-03-09T08:28:12.307Z] VEILING CHECK ERROR: Cannot read properties of undefined (reading 'all')
[2026-03-09T08:29:12.307Z] VEILING CHECK ERROR: Cannot read properties of undefined (reading 'all')
[2026-03-09T08:30:12.307Z] VEILING CHECK ERROR: Cannot read properties of undefined (reading 'all')
[2026-03-09T08:31:12.306Z] VEILING CHECK ERROR: Cannot read properties of undefined (reading 'all')
[2026-03-09T08:32:12.306Z] VEILING CHECK ERROR: Cannot read properties of undefined (reading 'all')
[2026-03-09T08:33:12.307Z] VEILING CHECK ERROR: Cannot read properties of undefined (reading 'all')
[2026-03-09T08:34:12.308Z] VEILING CHECK ERROR: Cannot read properties of undefined (reading 'all')
[2026-03-09T08:35:12.309Z] VEILING CHECK ERROR: Cannot read properties of undefined (reading 'all')
[2026-03-09T08:36:12.309Z] VEILING CHECK ERROR: Cannot read properties of undefined (reading 'all')
[2026-03-09T08:37:12.310Z] VEILING CHECK ERROR: Cannot read properties of undefined (reading 'all')
[2026-03-09T08:38:12.310Z] VEILING CHECK ERROR: Cannot read properties of undefined (reading 'all')
[2026-03-09T08:39:12.310Z] VEILING CHECK ERROR: Cannot read properties of undefined (reading 'all')
[2026-03-09T08:40:12.310Z] VEILING CHECK ERROR: Cannot read properties of undefined (reading 'all')
[2026-03-09T08:41:12.311Z] VEILING CHECK ERROR: Cannot read properties of undefined (reading 'all')
[2026-03-09T08:42:12.312Z] VEILING CHECK ERROR: Cannot read properties of undefined (reading 'all')
[2026-03-09T08:43:12.313Z] VEILING CHECK ERROR: Cannot read properties of undefined (reading 'all')
[2026-03-09T08:44:12.313Z] VEILING CHECK ERROR: Cannot read properties of undefined (reading 'all')
[2026-03-09T08:45:12.313Z] VEILING CHECK ERROR: Cannot read properties of undefined (reading 'all')
[2026-03-09T08:46:12.312Z] VEILING CHECK ERROR: Cannot read properties of undefined (reading 'all')
[2026-03-09T08:47:12.313Z] VEILING CHECK ERROR: Cannot read properties of undefined (reading 'all')
[2026-03-09T08:47:47.049Z] GET /api/public/voorraad → 500 (1ms)
[2026-03-09T08:47:47.608Z] GET /api/public/voorraad/2 → 500 (1ms)
[2026-03-09T08:48:12.313Z] VEILING CHECK ERROR: Cannot read properties of undefined (reading 'all')
[2026-03-09T08:49:12.313Z] VEILING CHECK ERROR: Cannot read properties of undefined (reading 'all')
[2026-03-09T08:50:12.313Z] VEILING CHECK ERROR: Cannot read properties of undefined (reading 'all')
[2026-03-09T08:51:12.313Z] VEILING CHECK ERROR: Cannot read properties of undefined (reading 'all')
[2026-03-09T08:52:12.312Z] VEILING CHECK ERROR: Cannot read properties of undefined (reading 'all')
[2026-03-09T08:53:12.313Z] VEILING CHECK ERROR: Cannot read properties of undefined (reading 'all')
[2026-03-09T08:54:12.312Z] VEILING CHECK ERROR: Cannot read properties of undefined (reading 'all')
[2026-03-09T08:55:12.313Z] VEILING CHECK ERROR: Cannot read properties of undefined (reading 'all')
[2026-03-09T08:56:12.313Z] VEILING CHECK ERROR: Cannot read properties of undefined (reading 'all')
[2026-03-09T08:57:12.315Z] VEILING CHECK ERROR: Cannot read properties of undefined (reading 'all')
[2026-03-09T08:58:12.315Z] VEILING CHECK ERROR: Cannot read properties of undefined (reading 'all')
[2026-03-09T08:59:12.316Z] VEILING CHECK ERROR: Cannot read properties of undefined (reading 'all')
[2026-03-09T09:00:12.317Z] VEILING CHECK ERROR: Cannot read properties of undefined (reading 'all')
[2026-03-09T09:01:12.319Z] VEILING CHECK ERROR: Cannot read properties of undefined (reading 'all')
[2026-03-09T09:02:12.319Z] VEILING CHECK ERROR: Cannot read properties of undefined (reading 'all')
[2026-03-09T09:03:12.320Z] VEILING CHECK ERROR: Cannot read properties of undefined (reading 'all')
[2026-03-09T09:04:12.321Z] VEILING CHECK ERROR: Cannot read properties of undefined (reading 'all')
[2026-03-09T09:05:12.322Z] VEILING CHECK ERROR: Cannot read properties of undefined (reading 'all')
[2026-03-09T09:06:12.322Z] VEILING CHECK ERROR: Cannot read properties of undefined (reading 'all')
[2026-03-09T09:06:37.006Z] GET /api/public/voorraad → 500 (1ms)
[2026-03-09T09:07:12.322Z] VEILING CHECK ERROR: Cannot read properties of undefined (reading 'all')
[2026-03-09T09:08:12.323Z] VEILING CHECK ERROR: Cannot read properties of undefined (reading 'all')
[2026-03-09T09:09:12.324Z] VEILING CHECK ERROR: Cannot read properties of undefined (reading 'all')
[2026-03-09T09:10:12.326Z] VEILING CHECK ERROR: Cannot read properties of undefined (reading 'all')
[2026-03-09T09:11:12.326Z] VEILING CHECK ERROR: Cannot read properties of undefined (reading 'all')
[2026-03-09T09:12:12.326Z] VEILING CHECK ERROR: Cannot read properties of undefined (reading 'all')
[2026-03-09T09:13:12.327Z] VEILING CHECK ERROR: Cannot read properties of undefined (reading 'all')
[2026-03-09T09:14:12.327Z] VEILING CHECK ERROR: Cannot read properties of undefined (reading 'all')
[2026-03-09T09:15:12.327Z] VEILING CHECK ERROR: Cannot read properties of undefined (reading 'all')
[2026-03-09T09:16:12.327Z] VEILING CHECK ERROR: Cannot read properties of undefined (reading 'all')
[2026-03-09T09:17:12.328Z] VEILING CHECK ERROR: Cannot read properties of undefined (reading 'all')
[2026-03-09T09:18:12.328Z] VEILING CHECK ERROR: Cannot read properties of undefined (reading 'all')
[2026-03-09T09:19:12.329Z] VEILING CHECK ERROR: Cannot read properties of undefined (reading 'all')
[2026-03-09T09:20:12.328Z] VEILING CHECK ERROR: Cannot read properties of undefined (reading 'all')
[2026-03-09T09:21:12.329Z] VEILING CHECK ERROR: Cannot read properties of undefined (reading 'all')
[2026-03-09T09:22:12.329Z] VEILING CHECK ERROR: Cannot read properties of undefined (reading 'all')
[2026-03-09T09:23:12.329Z] VEILING CHECK ERROR: Cannot read properties of undefined (reading 'all')
[2026-03-09T09:24:12.330Z] VEILING CHECK ERROR: Cannot read properties of undefined (reading 'all')
[2026-03-09T09:25:12.330Z] VEILING CHECK ERROR: Cannot read properties of undefined (reading 'all')
[2026-03-09T09:26:12.330Z] VEILING CHECK ERROR: Cannot read properties of undefined (reading 'all')
[2026-03-09T09:27:12.330Z] VEILING CHECK ERROR: Cannot read properties of undefined (reading 'all')
[2026-03-09T09:28:06.172Z] GET /api/public/voorraad → 500 (1ms)
[2026-03-09T09:28:12.330Z] VEILING CHECK ERROR: Cannot read properties of undefined (reading 'all')
[2026-03-09T09:29:12.331Z] VEILING CHECK ERROR: Cannot read properties of undefined (reading 'all')
[2026-03-09T09:30:12.332Z] VEILING CHECK ERROR: Cannot read properties of undefined (reading 'all')
[2026-03-09T09:31:12.332Z] VEILING CHECK ERROR: Cannot read properties of undefined (reading 'all')
[2026-03-09T09:32:12.332Z] VEILING CHECK ERROR: Cannot read properties of undefined (reading 'all')
[2026-03-09T09:32:45.624Z] GET /api/public/voorraad/5 → 500 (2ms)
[2026-03-09T09:32:47.064Z] GET /api/public/voorraad → 500 (2ms)
[2026-03-09T09:33:12.332Z] VEILING CHECK ERROR: Cannot read properties of undefined (reading 'all')
[2026-03-09T09:34:12.333Z] VEILING CHECK ERROR: Cannot read properties of undefined (reading 'all')
[2026-03-09T09:35:12.333Z] VEILING CHECK ERROR: Cannot read properties of undefined (reading 'all')
[2026-03-09T09:36:12.332Z] VEILING CHECK ERROR: Cannot read properties of undefined (reading 'all')
[2026-03-09T09:36:44.698Z] GET /api/public/voorraad → 500 (1ms)
[2026-03-09T09:36:47.748Z] GET /api/public/voorraad → 500 (1ms)
[2026-03-09T09:37:12.333Z] VEILING CHECK ERROR: Cannot read properties of undefined (reading 'all')
[2026-03-09T09:38:12.334Z] VEILING CHECK ERROR: Cannot read properties of undefined (reading 'all')
[2026-03-09T09:39:12.335Z] VEILING CHECK ERROR: Cannot read properties of undefined (reading 'all')
[2026-03-09T09:40:12.335Z] VEILING CHECK ERROR: Cannot read properties of undefined (reading 'all')
[2026-03-09T09:41:12.336Z] VEILING CHECK ERROR: Cannot read properties of undefined (reading 'all')
[2026-03-09T09:42:12.336Z] VEILING CHECK ERROR: Cannot read properties of undefined (reading 'all')
[2026-03-09T09:43:12.336Z] VEILING CHECK ERROR: Cannot read properties of undefined (reading 'all')
[2026-03-09T09:44:12.336Z] VEILING CHECK ERROR: Cannot read properties of undefined (reading 'all')
[2026-03-09T09:45:12.337Z] VEILING CHECK ERROR: Cannot read properties of undefined (reading 'all')
[2026-03-09T09:46:12.338Z] VEILING CHECK ERROR: Cannot read properties of undefined (reading 'all')
[2026-03-09T09:47:12.338Z] VEILING CHECK ERROR: Cannot read properties of undefined (reading 'all')
[2026-03-09T09:48:12.339Z] VEILING CHECK ERROR: Cannot read properties of undefined (reading 'all')
[2026-03-09T09:49:12.339Z] VEILING CHECK ERROR: Cannot read properties of undefined (reading 'all')
[2026-03-09T09:50:12.341Z] VEILING CHECK ERROR: Cannot read properties of undefined (reading 'all')
[2026-03-09T09:51:12.340Z] VEILING CHECK ERROR: Cannot read properties of undefined (reading 'all')
[2026-03-09T09:52:12.341Z] VEILING CHECK ERROR: Cannot read properties of undefined (reading 'all')
[2026-03-09T09:53:12.340Z] VEILING CHECK ERROR: Cannot read properties of undefined (reading 'all')
[2026-03-09T09:54:12.340Z] VEILING CHECK ERROR: Cannot read properties of undefined (reading 'all')
[2026-03-09T09:55:12.341Z] VEILING CHECK ERROR: Cannot read properties of undefined (reading 'all')
[2026-03-09T09:56:12.341Z] VEILING CHECK ERROR: Cannot read properties of undefined (reading 'all')
[2026-03-09T09:57:12.341Z] VEILING CHECK ERROR: Cannot read properties of undefined (reading 'all')
[2026-03-09T09:58:12.341Z] VEILING CHECK ERROR: Cannot read properties of undefined (reading 'all')
[2026-03-09T09:59:12.341Z] VEILING CHECK ERROR: Cannot read properties of undefined (reading 'all')
[2026-03-09T10:00:12.342Z] VEILING CHECK ERROR: Cannot read properties of undefined (reading 'all')
[2026-03-09T10:01:12.343Z] VEILING CHECK ERROR: Cannot read properties of undefined (reading 'all')
[2026-03-09T10:02:12.344Z] VEILING CHECK ERROR: Cannot read properties of undefined (reading 'all')
[2026-03-09T10:03:12.345Z] VEILING CHECK ERROR: Cannot read properties of undefined (reading 'all')
[2026-03-09T10:04:12.345Z] VEILING CHECK ERROR: Cannot read properties of undefined (reading 'all')
[2026-03-09T10:05:12.345Z] VEILING CHECK ERROR: Cannot read properties of undefined (reading 'all')
[2026-03-09T10:06:12.346Z] VEILING CHECK ERROR: Cannot read properties of undefined (reading 'all')
[2026-03-09T10:07:12.348Z] VEILING CHECK ERROR: Cannot read properties of undefined (reading 'all')
[2026-03-09T10:08:12.348Z] VEILING CHECK ERROR: Cannot read properties of undefined (reading 'all')
[2026-03-09T10:09:12.348Z] VEILING CHECK ERROR: Cannot read properties of undefined (reading 'all')
[2026-03-09T10:10:12.348Z] VEILING CHECK ERROR: Cannot read properties of undefined (reading 'all')
[2026-03-09T10:11:12.348Z] VEILING CHECK ERROR: Cannot read properties of undefined (reading 'all')
[2026-03-09T10:12:12.350Z] VEILING CHECK ERROR: Cannot read properties of undefined (reading 'all')
[2026-03-09T10:13:12.350Z] VEILING CHECK ERROR: Cannot read properties of undefined (reading 'all')
[2026-03-09T10:14:12.350Z] VEILING CHECK ERROR: Cannot read properties of undefined (reading 'all')
[2026-03-09T10:15:12.350Z] VEILING CHECK ERROR: Cannot read properties of undefined (reading 'all')
[2026-03-09T10:16:12.351Z] VEILING CHECK ERROR: Cannot read properties of undefined (reading 'all')
[2026-03-09T10:17:12.351Z] VEILING CHECK ERROR: Cannot read properties of undefined (reading 'all')
[2026-03-09T10:18:12.351Z] VEILING CHECK ERROR: Cannot read properties of undefined (reading 'all')
[2026-03-09T10:19:05.709Z] GET /api/public/voorraad → 500 (2ms)
[2026-03-09T10:19:12.352Z] VEILING CHECK ERROR: Cannot read properties of undefined (reading 'all')
[2026-03-09T10:19:13.378Z] GET /api/public/voorraad → 500 (2ms)
[2026-03-09T10:19:27.973Z] GET /api/public/voorraad → 500 (2ms)
[2026-03-09T10:19:33.735Z] GET /api/public/voorraad → 500 (1ms)
[2026-03-09T10:20:12.352Z] VEILING CHECK ERROR: Cannot read properties of undefined (reading 'all')
[2026-03-09T10:20:20.443Z] GET /api/public/voorraad → 500 (1ms)
[2026-03-09T10:21:11.691Z] GET /api/public/voorraad → 500 (1ms)
[2026-03-09T10:21:12.352Z] VEILING CHECK ERROR: Cannot read properties of undefined (reading 'all')
[2026-03-09T10:22:12.352Z] VEILING CHECK ERROR: Cannot read properties of undefined (reading 'all')
[2026-03-09T10:23:12.353Z] VEILING CHECK ERROR: Cannot read properties of undefined (reading 'all')
[2026-03-09T10:24:12.354Z] VEILING CHECK ERROR: Cannot read properties of undefined (reading 'all')
[2026-03-09T10:25:12.354Z] VEILING CHECK ERROR: Cannot read properties of undefined (reading 'all')
[2026-03-09T10:26:12.355Z] VEILING CHECK ERROR: Cannot read properties of undefined (reading 'all')
[2026-03-09T10:27:12.357Z] VEILING CHECK ERROR: Cannot read properties of undefined (reading 'all')
[2026-03-09T10:28:12.358Z] VEILING CHECK ERROR: Cannot read properties of undefined (reading 'all')
[2026-03-09T10:29:12.358Z] VEILING CHECK ERROR: Cannot read properties of undefined (reading 'all')
[2026-03-09T10:30:12.359Z] VEILING CHECK ERROR: Cannot read properties of undefined (reading 'all')
[2026-03-09T10:31:12.359Z] VEILING CHECK ERROR: Cannot read properties of undefined (reading 'all')
[2026-03-09T10:32:12.360Z] VEILING CHECK ERROR: Cannot read properties of undefined (reading 'all')
[2026-03-09T10:32:40.042Z] GET /api/public/voorraad → 500 (2ms)
[2026-03-09T10:33:12.360Z] VEILING CHECK ERROR: Cannot read properties of undefined (reading 'all')
[2026-03-09T10:34:12.359Z] VEILING CHECK ERROR: Cannot read properties of undefined (reading 'all')
[2026-03-09T10:34:28.924Z] GET /api/public/voorraad → 500 (2ms)
[2026-03-09T10:34:50.518Z] GET /api/public/voorraad → 500 (1ms)
[2026-03-09T10:35:12.359Z] VEILING CHECK ERROR: Cannot read properties of undefined (reading 'all')
[2026-03-09T10:36:12.360Z] VEILING CHECK ERROR: Cannot read properties of undefined (reading 'all')
[2026-03-09T10:37:12.360Z] VEILING CHECK ERROR: Cannot read properties of undefined (reading 'all')
[2026-03-09T10:38:12.360Z] VEILING CHECK ERROR: Cannot read properties of undefined (reading 'all')
[2026-03-09T10:39:12.362Z] VEILING CHECK ERROR: Cannot read properties of undefined (reading 'all')
[2026-03-09T10:40:12.363Z] VEILING CHECK ERROR: Cannot read properties of undefined (reading 'all')
[2026-03-09T10:40:42.598Z] GET /api/public/voorraad → 500 (1ms)
[2026-03-09T10:41:12.364Z] VEILING CHECK ERROR: Cannot read properties of undefined (reading 'all')
[2026-03-09T10:42:12.364Z] VEILING CHECK ERROR: Cannot read properties of undefined (reading 'all')
[2026-03-09T10:43:12.364Z] VEILING CHECK ERROR: Cannot read properties of undefined (reading 'all')
[2026-03-09T10:44:12.364Z] VEILING CHECK ERROR: Cannot read properties of undefined (reading 'all')
[2026-03-09T10:45:12.366Z] VEILING CHECK ERROR: Cannot read properties of undefined (reading 'all')
[2026-03-09T10:46:12.366Z] VEILING CHECK ERROR: Cannot read properties of undefined (reading 'all')
[2026-03-09T10:47:12.366Z] VEILING CHECK ERROR: Cannot read properties of undefined (reading 'all')
[2026-03-09T10:48:02.812Z] GET /api/public/voorraad → 500 (3ms)
[2026-03-09T10:48:12.366Z] VEILING CHECK ERROR: Cannot read properties of undefined (reading 'all')
[2026-03-09T10:49:12.367Z] VEILING CHECK ERROR: Cannot read properties of undefined (reading 'all')
[2026-03-09T10:50:12.367Z] VEILING CHECK ERROR: Cannot read properties of undefined (reading 'all')
[2026-03-09T10:51:12.367Z] VEILING CHECK ERROR: Cannot read properties of undefined (reading 'all')
[2026-03-09T10:52:12.367Z] VEILING CHECK ERROR: Cannot read properties of undefined (reading 'all')
[2026-03-09T10:53:12.367Z] VEILING CHECK ERROR: Cannot read properties of undefined (reading 'all')
[2026-03-09T10:54:12.366Z] VEILING CHECK ERROR: Cannot read properties of undefined (reading 'all')
[2026-03-09T10:55:12.367Z] VEILING CHECK ERROR: Cannot read properties of undefined (reading 'all')
[2026-03-09T10:56:12.366Z] VEILING CHECK ERROR: Cannot read properties of undefined (reading 'all')
[2026-03-09T10:57:12.367Z] VEILING CHECK ERROR: Cannot read properties of undefined (reading 'all')
[2026-03-09T10:58:12.367Z] VEILING CHECK ERROR: Cannot read properties of undefined (reading 'all')
[2026-03-09T10:59:12.368Z] VEILING CHECK ERROR: Cannot read properties of undefined (reading 'all')
[2026-03-09T11:00:12.369Z] VEILING CHECK ERROR: Cannot read properties of undefined (reading 'all')
[2026-03-09T11:01:12.369Z] VEILING CHECK ERROR: Cannot read properties of undefined (reading 'all')
[2026-03-09T11:02:12.369Z] VEILING CHECK ERROR: Cannot read properties of undefined (reading 'all')
[2026-03-09T11:03:12.370Z] VEILING CHECK ERROR: Cannot read properties of undefined (reading 'all')
[2026-03-09T11:04:12.370Z] VEILING CHECK ERROR: Cannot read properties of undefined (reading 'all')
[2026-03-09T11:05:12.371Z] VEILING CHECK ERROR: Cannot read properties of undefined (reading 'all')
[2026-03-09T11:06:12.371Z] VEILING CHECK ERROR: Cannot read properties of undefined (reading 'all')
[2026-03-09T11:07:12.372Z] VEILING CHECK ERROR: Cannot read properties of undefined (reading 'all')
[2026-03-09T11:08:12.372Z] VEILING CHECK ERROR: Cannot read properties of undefined (reading 'all')
[2026-03-09T11:09:12.372Z] VEILING CHECK ERROR: Cannot read properties of undefined (reading 'all')
[2026-03-09T11:10:12.372Z] VEILING CHECK ERROR: Cannot read properties of undefined (reading 'all')
[2026-03-09T11:11:12.373Z] VEILING CHECK ERROR: Cannot read properties of undefined (reading 'all')
[2026-03-09T11:12:12.373Z] VEILING CHECK ERROR: Cannot read properties of undefined (reading 'all')
[2026-03-09T11:13:12.374Z] VEILING CHECK ERROR: Cannot read properties of undefined (reading 'all')
[2026-03-09T11:14:12.375Z] VEILING CHECK ERROR: Cannot read properties of undefined (reading 'all')
[2026-03-09T11:15:12.376Z] VEILING CHECK ERROR: Cannot read properties of undefined (reading 'all')
[2026-03-09T11:16:12.377Z] VEILING CHECK ERROR: Cannot read properties of undefined (reading 'all')
[2026-03-09T11:17:12.378Z] VEILING CHECK ERROR: Cannot read properties of undefined (reading 'all')
[2026-03-09T11:18:12.378Z] VEILING CHECK ERROR: Cannot read properties of undefined (reading 'all')
[2026-03-09T11:19:12.378Z] VEILING CHECK ERROR: Cannot read properties of undefined (reading 'all')
[2026-03-09T11:20:12.379Z] VEILING CHECK ERROR: Cannot read properties of undefined (reading 'all')
[2026-03-09T11:21:12.379Z] VEILING CHECK ERROR: Cannot read properties of undefined (reading 'all')
[2026-03-09T11:22:12.378Z] VEILING CHECK ERROR: Cannot read properties of undefined (reading 'all')
[2026-03-09T11:23:12.379Z] VEILING CHECK ERROR: Cannot read properties of undefined (reading 'all')
[2026-03-09T11:24:12.378Z] VEILING CHECK ERROR: Cannot read properties of undefined (reading 'all')
[2026-03-09T11:25:12.378Z] VEILING CHECK ERROR: Cannot read properties of undefined (reading 'all')
[2026-03-09T11:26:12.378Z] VEILING CHECK ERROR: Cannot read properties of undefined (reading 'all')
[2026-03-09T11:27:12.379Z] VEILING CHECK ERROR: Cannot read properties of undefined (reading 'all')
[2026-03-09T11:28:12.379Z] VEILING CHECK ERROR: Cannot read properties of undefined (reading 'all')
[2026-03-09T11:29:12.379Z] VEILING CHECK ERROR: Cannot read properties of undefined (reading 'all')
[2026-03-09T11:30:12.379Z] VEILING CHECK ERROR: Cannot read properties of undefined (reading 'all')
[2026-03-09T11:31:12.378Z] VEILING CHECK ERROR: Cannot read properties of undefined (reading 'all')
[2026-03-09T11:32:12.379Z] VEILING CHECK ERROR: Cannot read properties of undefined (reading 'all')
[2026-03-09T11:33:12.379Z] VEILING CHECK ERROR: Cannot read properties of undefined (reading 'all')
[2026-03-09T11:34:12.379Z] VEILING CHECK ERROR: Cannot read properties of undefined (reading 'all')
[2026-03-09T11:35:22.362Z] GET /api/search-history → 404 (6ms)
[2026-03-09T11:35:26.699Z] GET /api/search-history → 404 (5ms)
[2026-03-09T11:35:38.915Z] GET /api/search-history → 404 (2ms)
[2026-03-09T11:35:40.517Z] GET /api/search-history → 404 (2ms)
[2026-03-09T11:42:36.218Z] GET /api/search-history → 404 (2ms)
[2026-03-09T11:43:37.464Z] GET /api/search-history → 404 (2ms)
[2026-03-09T11:43:38.977Z] GET /api/search-history → 404 (2ms)
[2026-03-09T11:43:58.498Z] GET /api/search-history → 404 (2ms)
[2026-03-09T11:44:00.976Z] GET /api/search-history → 404 (2ms)
[2026-03-09T11:50:19.113Z] GET /api/search-history → 404 (2ms)
[2026-03-09T11:50:40.497Z] GET /api/search-history → 404 (2ms)
[2026-03-09T11:50:43.993Z] GET /api/search-history → 404 (2ms)
[2026-03-09T13:06:49.637Z] POST /api/analyze-damage → 500 (3ms)
[2026-03-09T14:01:52.582Z] GET /api/search-history → 404 (7ms)
[2026-03-09T14:29:30.031Z] POST /api/analyze-damage → 500 (4ms)
[2026-03-09T14:29:45.783Z] POST /api/analyze-damage → 500 (2ms)
[2026-03-09T14:48:33.614Z] POST /api/analyze-damage → 500 (10ms)
[2026-03-09T14:49:47.215Z] SLOW: POST /api/ai/validate-photo took 6334ms
[2026-03-09T14:50:22.722Z] SLOW: POST /api/ai/validate-photo took 7252ms
[2026-03-09T14:50:35.449Z] POST /api/analyze-damage → 500 (8ms)
[2026-03-09T15:02:10.564Z] POST /api/analyze-damage → 500 (8ms)
[2026-03-09T16:11:35.421Z] GET /api/search-history → 404 (2ms)
[2026-03-09T16:20:05.768Z] POST /api/analyze-damage → 500 (14523ms)
[2026-03-09T16:20:05.768Z] SLOW: POST /api/analyze-damage took 14523ms
[2026-03-09T16:20:20.462Z] POST /api/analyze-damage → 500 (15341ms)
[2026-03-09T16:20:20.462Z] SLOW: POST /api/analyze-damage took 15341ms
[2026-03-09T16:23:47.312Z] POST /api/analyze-damage → 500 (13087ms)
[2026-03-09T16:23:47.312Z] SLOW: POST /api/analyze-damage took 13087ms
[2026-03-09T16:29:17.983Z] SLOW: POST /api/analyze-damage took 15063ms
[2026-03-09T16:41:21.802Z] GET /api/search-history → 404 (3ms)
[2026-03-09T16:41:26.340Z] GET /api/search-history → 404 (2ms)
[2026-03-09T16:41:29.478Z] GET /api/search-history → 404 (2ms)
[2026-03-09T16:42:54.824Z] GET /api/search-history → 404 (2ms)
[2026-03-09T16:43:48.295Z] GET /api/search-history → 404 (1ms)
[2026-03-09T16:44:09.387Z] GET /api/search-history → 404 (1ms)
[2026-03-09T16:48:33.662Z] SLOW: POST /api/ai/validate-photo took 8027ms
[2026-03-09T16:48:54.363Z] SLOW: POST /api/ai/validate-photo took 6473ms
[2026-03-09T16:49:07.465Z] SLOW: POST /api/ai/validate-photo took 6133ms
[2026-03-09T16:49:22.123Z] SLOW: POST /api/ai/validate-photo took 6557ms
[2026-03-09T16:49:50.019Z] SLOW: POST /api/ai/validate-photo took 5358ms
[2026-03-09T16:49:59.780Z] SLOW: POST /api/ai/validate-photo took 5016ms
[2026-03-09T16:50:33.969Z] SLOW: POST /api/ai/validate-photo took 5456ms
[2026-03-09T16:53:17.876Z] SLOW: POST /api/analyze-damage took 26042ms
[2026-03-09T23:32:54.748Z] GET /api/voorraad → 401 (1ms)
[2026-03-10T11:51:10.009Z] GET /api/search-history → 404 (2ms)
[2026-03-10T11:55:06.572Z] GET /api/search-history → 404 (2ms)
[2026-03-10T12:33:38.066Z] GET /api/search-history → 404 (2ms)
[2026-03-10T12:37:47.340Z] [FATAL] Uncaught: app is not defined
ReferenceError: app is not defined
    at Object.<anonymous> (/opt/t4c/backend/lib/ai.js:57:1)
    at Module._compile (node:internal/modules/cjs/loader:1706:14)
    at Object..js (node:internal/modules/cjs/loader:1839:10)
    at Module.load (node:internal/modules/cjs/loader:1441:32)
    at Function._load (node:internal/modules/cjs/loader:1263:12)
    at TracingChannel.traceSync (node:diagnostics_channel:328:14)
    at wrapModuleLoad (node:internal/modules/cjs/loader:237:24)
    at Module.<anonymous> (node:internal/modules/cjs/loader:1463:12)
    at Hook._require.Module.require (/usr/lib/node_modules/pm2/node_modules/require-in-the-middle/index.js:101:39)
    at require (node:internal/modules/helpers:147:16)
[2026-03-10T12:41:08.369Z] [FATAL] Uncaught: app is not defined
ReferenceError: app is not defined
    at Object.<anonymous> (/opt/t4c/backend/routes/scanner.js:329:1)
    at Module._compile (node:internal/modules/cjs/loader:1706:14)
    at Object..js (node:internal/modules/cjs/loader:1839:10)
    at Module.load (node:internal/modules/cjs/loader:1441:32)
    at Function._load (node:internal/modules/cjs/loader:1263:12)
    at TracingChannel.traceSync (node:diagnostics_channel:328:14)
    at wrapModuleLoad (node:internal/modules/cjs/loader:237:24)
    at Module.<anonymous> (node:internal/modules/cjs/loader:1463:12)
    at Hook._require.Module.require (/usr/lib/node_modules/pm2/node_modules/require-in-the-middle/index.js:101:39)
    at require (node:internal/modules/helpers:147:16)
[2026-03-10T12:44:13.970Z] GET /api/public/voorraad → 404 (3ms)
[2026-03-10T12:44:14.006Z] GET /api/market → 404 (4ms)
[2026-03-10T12:44:22.402Z] GET /api/admin/stats → 401 (9ms)
[2026-03-10T12:44:22.472Z] GET /api/admin/stats → 401 (2ms)
[2026-03-10T12:44:22.544Z] GET /api/admin/stats → 401 (3ms)
[2026-03-10T12:45:22.444Z] GET /api/admin/stats → 401 (12ms)
[2026-03-10T12:45:22.632Z] GET /api/admin/stats → 401 (3ms)
[2026-03-10T12:45:22.930Z] GET /api/admin/stats → 401 (2ms)
[2026-03-10T12:45:55.840Z] [WARN] Unhandled Rejection: getLearned is not defined
ReferenceError: getLearned is not defined
    at /opt/t4c/backend/routes/market.js:232:12
    at process.processTicksAndRejections (node:internal/process/task_queues:105:5)
[2026-03-10T12:46:17.614Z] [WARN] Unhandled Rejection: getLearned is not defined
ReferenceError: getLearned is not defined
    at /opt/t4c/backend/routes/market.js:232:12
    at process.processTicksAndRejections (node:internal/process/task_queues:105:5)
[2026-03-10T12:46:20.940Z] GET /api/admin/stats → 401 (9ms)
[2026-03-10T12:46:22.429Z] GET /api/admin/stats → 401 (3ms)
[2026-03-10T12:46:22.672Z] GET /api/admin/stats → 401 (4ms)
[2026-03-10T12:46:36.611Z] GET /api/admin/stats → 401 (3ms)
[2026-03-10T12:46:42.731Z] GET /api/admin/stats → 401 (3ms)
[2026-03-10T12:46:42.871Z] GET /api/search-history → 404 (4ms)
[2026-03-10T12:46:43.204Z] GET /api/admin/stats → 401 (2ms)
[2026-03-10T12:47:13.550Z] GET /api/admin/stats → 401 (4ms)
[2026-03-10T12:47:22.388Z] GET /api/admin/stats → 401 (3ms)
[2026-03-10T12:47:22.514Z] GET /api/admin/stats → 401 (5ms)
[2026-03-10T12:47:43.441Z] GET /api/admin/stats → 401 (3ms)
[2026-03-10T12:48:13.497Z] GET /api/admin/stats → 401 (2ms)
[2026-03-10T12:48:22.428Z] GET /api/admin/stats → 401 (3ms)
[2026-03-10T12:48:22.555Z] GET /api/admin/stats → 401 (3ms)
[2026-03-10T12:48:43.357Z] GET /api/admin/stats → 401 (2ms)
[2026-03-10T12:49:13.388Z] GET /api/admin/stats → 401 (2ms)
[2026-03-10T12:49:22.360Z] GET /api/admin/stats → 401 (2ms)
[2026-03-10T12:49:22.412Z] GET /api/admin/stats → 401 (2ms)
[2026-03-10T12:49:43.360Z] GET /api/admin/stats → 401 (3ms)
[2026-03-10T12:50:22.385Z] GET /api/admin/stats → 401 (2ms)
[2026-03-10T12:50:22.441Z] GET /api/admin/stats → 401 (2ms)
[2026-03-10T12:50:22.496Z] GET /api/admin/stats → 401 (2ms)
[2026-03-10T12:51:22.432Z] GET /api/admin/stats → 401 (2ms)
[2026-03-10T12:51:22.478Z] GET /api/admin/stats → 401 (2ms)
[2026-03-10T12:51:22.527Z] GET /api/admin/stats → 401 (2ms)
[2026-03-10T12:52:22.400Z] GET /api/admin/stats → 401 (2ms)
[2026-03-10T12:52:22.511Z] GET /api/admin/stats → 401 (2ms)
[2026-03-10T12:52:22.593Z] GET /api/admin/stats → 401 (2ms)
[2026-03-10T12:53:22.395Z] GET /api/admin/stats → 401 (2ms)
[2026-03-10T12:53:22.445Z] GET /api/admin/stats → 401 (2ms)
[2026-03-10T12:53:22.508Z] GET /api/admin/stats → 401 (3ms)
[2026-03-10T12:54:22.397Z] GET /api/admin/stats → 401 (2ms)
[2026-03-10T12:54:22.475Z] GET /api/admin/stats → 401 (2ms)
[2026-03-10T12:54:22.567Z] GET /api/admin/stats → 401 (1ms)
[2026-03-10T12:55:22.390Z] GET /api/admin/stats → 401 (3ms)
[2026-03-10T12:55:23.103Z] GET /api/admin/stats → 401 (2ms)
[2026-03-10T12:55:23.801Z] GET /api/admin/stats → 401 (2ms)
[2026-03-10T12:56:22.406Z] GET /api/admin/stats → 401 (2ms)
[2026-03-10T12:56:23.950Z] GET /api/admin/stats → 401 (2ms)
[2026-03-10T12:56:28.135Z] GET /api/admin/stats → 401 (2ms)
[2026-03-10T12:57:22.446Z] GET /api/admin/stats → 401 (3ms)
[2026-03-10T12:57:22.571Z] GET /api/admin/stats → 401 (2ms)
[2026-03-10T12:57:22.657Z] GET /api/admin/stats → 401 (2ms)
[2026-03-10T12:58:22.408Z] GET /api/admin/stats → 401 (3ms)
[2026-03-10T12:58:22.520Z] GET /api/admin/stats → 401 (2ms)
[2026-03-10T12:58:22.608Z] GET /api/admin/stats → 401 (2ms)
[2026-03-10T12:59:22.517Z] GET /api/admin/stats → 401 (3ms)
[2026-03-10T12:59:22.611Z] GET /api/admin/stats → 401 (2ms)
[2026-03-10T12:59:22.793Z] GET /api/admin/stats → 401 (2ms)
[2026-03-10T13:00:22.397Z] GET /api/admin/stats → 401 (2ms)
[2026-03-10T13:00:22.509Z] GET /api/admin/stats → 401 (2ms)
[2026-03-10T13:00:22.576Z] GET /api/admin/stats → 401 (2ms)
[2026-03-10T13:01:22.400Z] GET /api/admin/stats → 401 (1ms)
[2026-03-10T13:01:22.493Z] GET /api/admin/stats → 401 (2ms)
[2026-03-10T13:01:22.644Z] GET /api/admin/stats → 401 (2ms)
[2026-03-10T13:02:22.392Z] GET /api/admin/stats → 401 (3ms)
[2026-03-10T13:02:22.516Z] GET /api/admin/stats → 401 (2ms)
[2026-03-10T13:02:22.695Z] GET /api/admin/stats → 401 (2ms)
[2026-03-10T13:03:22.444Z] GET /api/admin/stats → 401 (3ms)
[2026-03-10T13:03:22.696Z] GET /api/admin/stats → 401 (2ms)
[2026-03-10T13:03:22.829Z] GET /api/admin/stats → 401 (2ms)
[2026-03-10T13:04:22.395Z] GET /api/admin/stats → 401 (2ms)
[2026-03-10T13:04:22.448Z] GET /api/admin/stats → 401 (2ms)
[2026-03-10T13:04:22.500Z] GET /api/admin/stats → 401 (2ms)
[2026-03-10T13:05:22.403Z] GET /api/admin/stats → 401 (2ms)
[2026-03-10T13:05:22.475Z] GET /api/admin/stats → 401 (2ms)
[2026-03-10T13:05:22.532Z] GET /api/admin/stats → 401 (2ms)
[2026-03-10T13:06:22.481Z] GET /api/admin/stats → 401 (3ms)
[2026-03-10T13:06:22.574Z] GET /api/admin/stats → 401 (2ms)
[2026-03-10T13:06:22.716Z] GET /api/admin/stats → 401 (2ms)
[2026-03-10T13:07:22.417Z] GET /api/admin/stats → 401 (2ms)
[2026-03-10T13:07:22.480Z] GET /api/admin/stats → 401 (2ms)
[2026-03-10T13:07:22.565Z] GET /api/admin/stats → 401 (2ms)
[2026-03-10T13:08:22.398Z] GET /api/admin/stats → 401 (3ms)
[2026-03-10T13:08:22.472Z] GET /api/admin/stats → 401 (2ms)
[2026-03-10T13:08:22.522Z] GET /api/admin/stats → 401 (2ms)
[2026-03-10T13:09:22.427Z] GET /api/admin/stats → 401 (2ms)
[2026-03-10T13:09:22.481Z] GET /api/admin/stats → 401 (2ms)
[2026-03-10T13:09:22.545Z] GET /api/admin/stats → 401 (2ms)
[2026-03-10T13:10:22.434Z] GET /api/admin/stats → 401 (3ms)
[2026-03-10T13:10:22.485Z] GET /api/admin/stats → 401 (2ms)
[2026-03-10T13:10:22.552Z] GET /api/admin/stats → 401 (2ms)
[2026-03-10T13:11:22.411Z] GET /api/admin/stats → 401 (2ms)
[2026-03-10T13:11:22.481Z] GET /api/admin/stats → 401 (2ms)
[2026-03-10T13:11:22.547Z] GET /api/admin/stats → 401 (2ms)
[2026-03-10T13:12:22.410Z] GET /api/admin/stats → 401 (2ms)
[2026-03-10T13:12:22.473Z] GET /api/admin/stats → 401 (2ms)
[2026-03-10T13:12:22.522Z] GET /api/admin/stats → 401 (1ms)
[2026-03-10T13:13:22.440Z] GET /api/admin/stats → 401 (3ms)
[2026-03-10T13:13:22.493Z] GET /api/admin/stats → 401 (1ms)
[2026-03-10T13:13:22.558Z] GET /api/admin/stats → 401 (2ms)
[2026-03-10T13:14:22.403Z] GET /api/admin/stats → 401 (2ms)
[2026-03-10T13:14:22.481Z] GET /api/admin/stats → 401 (1ms)
[2026-03-10T13:14:22.545Z] GET /api/admin/stats → 401 (2ms)
[2026-03-10T13:15:22.450Z] GET /api/admin/stats → 401 (2ms)
[2026-03-10T13:15:22.519Z] GET /api/admin/stats → 401 (2ms)
[2026-03-10T13:15:22.571Z] GET /api/admin/stats → 401 (2ms)
[2026-03-10T13:16:22.435Z] GET /api/admin/stats → 401 (6ms)
[2026-03-10T13:16:22.490Z] GET /api/admin/stats → 401 (2ms)
[2026-03-10T13:16:22.553Z] GET /api/admin/stats → 401 (2ms)
[2026-03-10T13:17:22.428Z] GET /api/admin/stats → 401 (3ms)
[2026-03-10T13:17:22.480Z] GET /api/admin/stats → 401 (2ms)
[2026-03-10T13:17:22.550Z] GET /api/admin/stats → 401 (2ms)
[2026-03-10T13:18:22.411Z] GET /api/admin/stats → 401 (2ms)
[2026-03-10T13:18:22.478Z] GET /api/admin/stats → 401 (2ms)
[2026-03-10T13:18:22.545Z] GET /api/admin/stats → 401 (2ms)
[2026-03-10T13:19:22.410Z] GET /api/admin/stats → 401 (2ms)
[2026-03-10T13:19:22.478Z] GET /api/admin/stats → 401 (2ms)
[2026-03-10T13:19:22.556Z] GET /api/admin/stats → 401 (2ms)
[2026-03-10T13:20:22.406Z] GET /api/admin/stats → 401 (2ms)
[2026-03-10T13:20:22.478Z] GET /api/admin/stats → 401 (2ms)
[2026-03-10T13:20:22.548Z] GET /api/admin/stats → 401 (2ms)
[2026-03-10T13:20:37.683Z] POST /api/ai/validate-photo → 401 (1ms)
[2026-03-10T13:21:22.477Z] GET /api/admin/stats → 401 (2ms)
[2026-03-10T13:21:22.528Z] GET /api/admin/stats → 401 (2ms)
[2026-03-10T13:21:22.585Z] GET /api/admin/stats → 401 (2ms)
[2026-03-10T13:22:22.478Z] GET /api/admin/stats → 401 (2ms)
[2026-03-10T13:22:22.531Z] GET /api/admin/stats → 401 (2ms)
[2026-03-10T13:22:22.586Z] GET /api/admin/stats → 401 (2ms)
[2026-03-10T13:23:22.411Z] GET /api/admin/stats → 401 (1ms)
[2026-03-10T13:23:22.472Z] GET /api/admin/stats → 401 (2ms)
[2026-03-10T13:23:22.527Z] GET /api/admin/stats → 401 (2ms)
[2026-03-10T13:24:22.416Z] GET /api/admin/stats → 401 (2ms)
[2026-03-10T13:24:22.471Z] GET /api/admin/stats → 401 (2ms)
[2026-03-10T13:24:22.526Z] GET /api/admin/stats → 401 (2ms)
[2026-03-10T13:25:22.427Z] GET /api/admin/stats → 401 (2ms)
[2026-03-10T13:25:22.481Z] GET /api/admin/stats → 401 (3ms)
[2026-03-10T13:25:22.547Z] GET /api/admin/stats → 401 (2ms)
[2026-03-10T13:26:22.413Z] GET /api/admin/stats → 401 (3ms)
[2026-03-10T13:26:22.477Z] GET /api/admin/stats → 401 (2ms)
[2026-03-10T13:26:22.530Z] GET /api/admin/stats → 401 (2ms)
[2026-03-10T13:27:22.473Z] GET /api/admin/stats → 401 (2ms)
[2026-03-10T13:27:22.562Z] GET /api/admin/stats → 401 (2ms)
[2026-03-10T13:27:22.635Z] GET /api/admin/stats → 401 (2ms)
[2026-03-10T13:28:22.464Z] GET /api/admin/stats → 401 (3ms)
[2026-03-10T13:28:22.527Z] GET /api/admin/stats → 401 (2ms)
[2026-03-10T13:28:22.595Z] GET /api/admin/stats → 401 (2ms)
[2026-03-10T13:29:22.434Z] GET /api/admin/stats → 401 (2ms)
[2026-03-10T13:29:22.523Z] GET /api/admin/stats → 401 (2ms)
[2026-03-10T13:29:22.586Z] GET /api/admin/stats → 401 (2ms)
[2026-03-10T13:30:22.473Z] GET /api/admin/stats → 401 (2ms)
[2026-03-10T13:30:22.519Z] GET /api/admin/stats → 401 (2ms)
[2026-03-10T13:30:22.574Z] GET /api/admin/stats → 401 (2ms)
[2026-03-10T13:31:22.474Z] GET /api/admin/stats → 401 (2ms)
[2026-03-10T13:31:22.524Z] GET /api/admin/stats → 401 (2ms)
[2026-03-10T13:31:22.586Z] GET /api/admin/stats → 401 (2ms)
[2026-03-10T13:32:22.415Z] GET /api/admin/stats → 401 (2ms)
[2026-03-10T13:32:22.477Z] GET /api/admin/stats → 401 (2ms)
[2026-03-10T13:32:22.528Z] GET /api/admin/stats → 401 (2ms)
[2026-03-10T13:33:22.457Z] GET /api/admin/stats → 401 (2ms)
[2026-03-10T13:33:22.506Z] GET /api/admin/stats → 401 (2ms)
[2026-03-10T13:33:22.554Z] GET /api/admin/stats → 401 (2ms)
[2026-03-10T13:34:22.426Z] GET /api/admin/stats → 401 (2ms)
[2026-03-10T13:34:22.477Z] GET /api/admin/stats → 401 (2ms)
[2026-03-10T13:34:22.532Z] GET /api/admin/stats → 401 (1ms)
[2026-03-10T13:35:22.426Z] GET /api/admin/stats → 401 (2ms)
[2026-03-10T13:35:22.474Z] GET /api/admin/stats → 401 (2ms)
[2026-03-10T13:35:22.523Z] GET /api/admin/stats → 401 (2ms)
[2026-03-10T13:36:22.470Z] GET /api/admin/stats → 401 (2ms)
[2026-03-10T13:36:22.520Z] GET /api/admin/stats → 401 (2ms)
[2026-03-10T13:36:22.582Z] GET /api/admin/stats → 401 (2ms)
[2026-03-10T13:37:22.423Z] GET /api/admin/stats → 401 (3ms)
[2026-03-10T13:37:22.479Z] GET /api/admin/stats → 401 (2ms)
[2026-03-10T13:37:22.537Z] GET /api/admin/stats → 401 (1ms)
[2026-03-10T13:38:22.421Z] GET /api/admin/stats → 401 (2ms)
[2026-03-10T13:38:22.479Z] GET /api/admin/stats → 401 (2ms)
[2026-03-10T13:38:22.537Z] GET /api/admin/stats → 401 (1ms)
[2026-03-10T13:39:22.459Z] GET /api/admin/stats → 401 (2ms)
[2026-03-10T13:39:22.513Z] GET /api/admin/stats → 401 (2ms)
[2026-03-10T13:39:22.565Z] GET /api/admin/stats → 401 (2ms)
[2026-03-10T13:40:22.423Z] GET /api/admin/stats → 401 (2ms)
[2026-03-10T13:40:22.476Z] GET /api/admin/stats → 401 (2ms)
[2026-03-10T13:40:22.544Z] GET /api/admin/stats → 401 (2ms)
[2026-03-10T13:41:22.467Z] GET /api/admin/stats → 401 (2ms)
[2026-03-10T13:41:22.515Z] GET /api/admin/stats → 401 (1ms)
[2026-03-10T13:41:22.567Z] GET /api/admin/stats → 401 (1ms)
[2026-03-10T13:42:22.429Z] GET /api/admin/stats → 401 (2ms)
[2026-03-10T13:42:22.480Z] GET /api/admin/stats → 401 (1ms)
[2026-03-10T13:42:22.543Z] GET /api/admin/stats → 401 (2ms)
[2026-03-10T13:43:22.432Z] GET /api/admin/stats → 401 (3ms)
[2026-03-10T13:43:22.497Z] GET /api/admin/stats → 401 (1ms)
[2026-03-10T13:43:22.554Z] GET /api/admin/stats → 401 (1ms)
[2026-03-10T13:44:22.438Z] GET /api/admin/stats → 401 (2ms)
[2026-03-10T13:44:22.497Z] GET /api/admin/stats → 401 (2ms)
[2026-03-10T13:44:22.550Z] GET /api/admin/stats → 401 (2ms)
[2026-03-10T13:45:22.458Z] GET /api/admin/stats → 401 (2ms)
[2026-03-10T13:45:22.506Z] GET /api/admin/stats → 401 (2ms)
[2026-03-10T13:45:22.560Z] GET /api/admin/stats → 401 (1ms)
[2026-03-10T13:46:22.437Z] GET /api/admin/stats → 401 (5ms)
[2026-03-10T13:46:22.497Z] GET /api/admin/stats → 401 (2ms)
[2026-03-10T13:46:22.557Z] GET /api/admin/stats → 401 (2ms)
[2026-03-10T13:47:22.431Z] GET /api/admin/stats → 401 (3ms)
[2026-03-10T13:47:22.496Z] GET /api/admin/stats → 401 (2ms)
[2026-03-10T13:47:22.542Z] GET /api/admin/stats → 401 (2ms)
[2026-03-10T13:48:22.423Z] GET /api/admin/stats → 401 (2ms)
[2026-03-10T13:48:22.483Z] GET /api/admin/stats → 401 (2ms)
[2026-03-10T13:48:22.544Z] GET /api/admin/stats → 401 (1ms)
[2026-03-10T13:49:22.430Z] GET /api/admin/stats → 401 (2ms)
[2026-03-10T13:49:22.478Z] GET /api/admin/stats → 401 (2ms)
[2026-03-10T13:49:22.543Z] GET /api/admin/stats → 401 (2ms)
[2026-03-10T13:50:22.432Z] GET /api/admin/stats → 401 (2ms)
[2026-03-10T13:50:22.483Z] GET /api/admin/stats → 401 (2ms)
[2026-03-10T13:50:22.549Z] GET /api/admin/stats → 401 (2ms)
[2026-03-10T13:51:22.603Z] GET /api/admin/stats → 401 (2ms)
[2026-03-10T13:51:22.655Z] GET /api/admin/stats → 401 (2ms)
[2026-03-10T13:51:22.708Z] GET /api/admin/stats → 401 (2ms)
[2026-03-10T13:52:22.427Z] GET /api/admin/stats → 401 (2ms)
[2026-03-10T13:52:22.479Z] GET /api/admin/stats → 401 (2ms)
[2026-03-10T13:52:22.532Z] GET /api/admin/stats → 401 (2ms)
[2026-03-10T13:53:22.437Z] GET /api/admin/stats → 401 (4ms)
[2026-03-10T13:53:22.495Z] GET /api/admin/stats → 401 (2ms)
[2026-03-10T13:53:22.548Z] GET /api/admin/stats → 401 (2ms)
[2026-03-10T13:54:07.560Z] POST /api/ai/validate-photo → 401 (1ms)
[2026-03-10T13:54:22.463Z] GET /api/admin/stats → 401 (2ms)
[2026-03-10T13:54:22.536Z] GET /api/admin/stats → 401 (2ms)
[2026-03-10T13:54:22.590Z] GET /api/admin/stats → 401 (2ms)
[2026-03-10T13:54:29.137Z] POST /api/ai/validate-photo → 401 (1ms)
[2026-03-10T13:54:32.301Z] POST /api/ai/validate-photo → 401 (2ms)
[2026-03-10T13:54:46.977Z] POST /api/ai/validate-photo → 401 (1ms)
[2026-03-10T13:55:22.430Z] GET /api/admin/stats → 401 (3ms)
[2026-03-10T13:55:22.500Z] GET /api/admin/stats → 401 (2ms)
[2026-03-10T13:55:22.550Z] GET /api/admin/stats → 401 (2ms)
[2026-03-10T13:55:30.508Z] POST /api/ai/validate-photo → 401 (2ms)
[2026-03-10T13:55:47.136Z] POST /api/ai/validate-photo → 401 (1ms)
[2026-03-10T13:55:56.977Z] POST /api/ai/validate-photo → 401 (2ms)
[2026-03-10T13:56:09.079Z] POST /api/ai/validate-photo → 401 (2ms)
[2026-03-10T13:56:21.982Z] POST /api/analyze-damage → 401 (2ms)
[2026-03-10T13:56:22.463Z] GET /api/admin/stats → 401 (3ms)
[2026-03-10T13:56:22.535Z] GET /api/admin/stats → 401 (2ms)
[2026-03-10T13:56:22.615Z] GET /api/admin/stats → 401 (2ms)
[2026-03-10T13:56:39.491Z] POST /api/analyze-damage → 401 (1ms)
[2026-03-10T13:56:57.590Z] POST /api/analyze-damage → 401 (2ms)
[2026-03-10T13:57:19.902Z] SLOW: GET /api/vehicle/enriched took 14169ms
[2026-03-10T13:57:22.582Z] GET /api/admin/stats → 401 (2ms)
[2026-03-10T13:57:22.963Z] GET /api/admin/stats → 401 (312ms)
[2026-03-10T13:57:23.189Z] GET /api/admin/stats → 401 (1ms)
[2026-03-10T13:57:24.432Z] [WARN] Unhandled Rejection: getLearned is not defined
ReferenceError: getLearned is not defined
    at /opt/t4c/backend/routes/market.js:232:12
    at process.processTicksAndRejections (node:internal/process/task_queues:105:5)
[2026-03-10T13:58:22.445Z] GET /api/admin/stats → 401 (3ms)
[2026-03-10T13:58:22.495Z] GET /api/admin/stats → 401 (2ms)
[2026-03-10T13:58:22.564Z] GET /api/admin/stats → 401 (2ms)
[2026-03-10T13:58:23.418Z] SLOW: POST /api/generate-car-images took 32538ms
[2026-03-10T13:59:22.436Z] GET /api/admin/stats → 401 (3ms)
[2026-03-10T13:59:22.494Z] GET /api/admin/stats → 401 (2ms)
[2026-03-10T13:59:22.537Z] GET /api/admin/stats → 401 (2ms)
[2026-03-10T14:00:22.439Z] GET /api/admin/stats → 401 (3ms)
[2026-03-10T14:00:22.493Z] GET /api/admin/stats → 401 (2ms)
[2026-03-10T14:00:22.543Z] GET /api/admin/stats → 401 (2ms)
[2026-03-10T14:01:22.443Z] GET /api/admin/stats → 401 (3ms)
[2026-03-10T14:01:22.495Z] GET /api/admin/stats → 401 (2ms)
[2026-03-10T14:01:22.541Z] GET /api/admin/stats → 401 (2ms)
[2026-03-10T14:02:22.444Z] GET /api/admin/stats → 401 (2ms)
[2026-03-10T14:02:22.507Z] GET /api/admin/stats → 401 (2ms)
[2026-03-10T14:02:22.557Z] GET /api/admin/stats → 401 (2ms)
[2026-03-10T14:03:22.498Z] GET /api/admin/stats → 401 (2ms)
[2026-03-10T14:03:22.553Z] GET /api/admin/stats → 401 (2ms)
[2026-03-10T14:03:22.613Z] GET /api/admin/stats → 401 (2ms)
[2026-03-10T14:04:22.432Z] GET /api/admin/stats → 401 (2ms)
[2026-03-10T14:04:22.500Z] GET /api/admin/stats → 401 (2ms)
[2026-03-10T14:04:22.549Z] GET /api/admin/stats → 401 (2ms)
[2026-03-10T14:05:22.438Z] GET /api/admin/stats → 401 (2ms)
[2026-03-10T14:05:22.492Z] GET /api/admin/stats → 401 (1ms)
[2026-03-10T14:05:22.551Z] GET /api/admin/stats → 401 (3ms)
[2026-03-10T14:06:22.434Z] GET /api/admin/stats → 401 (2ms)
[2026-03-10T14:06:22.493Z] GET /api/admin/stats → 401 (2ms)
[2026-03-10T14:06:22.551Z] GET /api/admin/stats → 401 (2ms)
[2026-03-10T14:07:22.444Z] GET /api/admin/stats → 401 (2ms)
[2026-03-10T14:07:22.498Z] GET /api/admin/stats → 401 (2ms)
[2026-03-10T14:07:22.553Z] GET /api/admin/stats → 401 (2ms)
[2026-03-10T14:08:22.436Z] GET /api/admin/stats → 401 (3ms)
[2026-03-10T14:08:22.488Z] GET /api/admin/stats → 401 (2ms)
[2026-03-10T14:08:22.538Z] GET /api/admin/stats → 401 (2ms)
[2026-03-10T14:09:22.503Z] GET /api/admin/stats → 401 (2ms)
[2026-03-10T14:09:22.553Z] GET /api/admin/stats → 401 (2ms)
[2026-03-10T14:09:22.615Z] GET /api/admin/stats → 401 (2ms)
[2026-03-10T14:10:22.444Z] GET /api/admin/stats → 401 (2ms)
[2026-03-10T14:10:22.501Z] GET /api/admin/stats → 401 (2ms)
[2026-03-10T14:10:22.556Z] GET /api/admin/stats → 401 (2ms)
[2026-03-10T14:11:22.465Z] GET /api/admin/stats → 401 (2ms)
[2026-03-10T14:11:22.527Z] GET /api/admin/stats → 401 (2ms)
[2026-03-10T14:11:22.581Z] GET /api/admin/stats → 401 (2ms)
[2026-03-10T14:12:22.455Z] GET /api/admin/stats → 401 (2ms)
[2026-03-10T14:12:22.510Z] GET /api/admin/stats → 401 (2ms)
[2026-03-10T14:12:22.575Z] GET /api/admin/stats → 401 (2ms)
[2026-03-10T14:13:22.445Z] GET /api/admin/stats → 401 (2ms)
[2026-03-10T14:13:22.509Z] GET /api/admin/stats → 401 (2ms)
[2026-03-10T14:13:22.572Z] GET /api/admin/stats → 401 (2ms)
[2026-03-10T14:14:22.447Z] GET /api/admin/stats → 401 (2ms)
[2026-03-10T14:14:22.515Z] GET /api/admin/stats → 401 (1ms)
[2026-03-10T14:14:22.572Z] GET /api/admin/stats → 401 (2ms)
[2026-03-10T14:15:22.493Z] GET /api/admin/stats → 401 (1ms)
[2026-03-10T14:15:22.546Z] GET /api/admin/stats → 401 (1ms)
[2026-03-10T14:15:22.594Z] GET /api/admin/stats → 401 (2ms)
[2026-03-10T14:16:22.453Z] GET /api/admin/stats → 401 (5ms)
[2026-03-10T14:16:22.514Z] GET /api/admin/stats → 401 (2ms)
[2026-03-10T14:16:22.592Z] GET /api/admin/stats → 401 (2ms)
[2026-03-10T14:17:22.462Z] GET /api/admin/stats → 401 (3ms)
[2026-03-10T14:17:22.528Z] GET /api/admin/stats → 401 (2ms)
[2026-03-10T14:17:22.589Z] GET /api/admin/stats → 401 (2ms)
[2026-03-10T14:18:22.447Z] GET /api/admin/stats → 401 (2ms)
[2026-03-10T14:18:22.518Z] GET /api/admin/stats → 401 (1ms)
[2026-03-10T14:18:22.584Z] GET /api/admin/stats → 401 (1ms)
[2026-03-10T14:19:22.448Z] GET /api/admin/stats → 401 (2ms)
[2026-03-10T14:19:22.502Z] GET /api/admin/stats → 401 (2ms)
[2026-03-10T14:19:22.549Z] GET /api/admin/stats → 401 (2ms)
[2026-03-10T14:20:22.449Z] GET /api/admin/stats → 401 (2ms)
[2026-03-10T14:20:22.515Z] GET /api/admin/stats → 401 (2ms)
[2026-03-10T14:20:22.571Z] GET /api/admin/stats → 401 (2ms)
[2026-03-10T14:21:22.492Z] GET /api/admin/stats → 401 (3ms)
[2026-03-10T14:21:22.555Z] GET /api/admin/stats → 401 (2ms)
[2026-03-10T14:21:22.621Z] GET /api/admin/stats → 401 (2ms)
[2026-03-10T14:22:22.456Z] GET /api/admin/stats → 401 (3ms)
[2026-03-10T14:22:22.535Z] GET /api/admin/stats → 401 (2ms)
[2026-03-10T14:22:22.608Z] GET /api/admin/stats → 401 (2ms)
[2026-03-10T14:23:22.459Z] GET /api/admin/stats → 401 (3ms)
[2026-03-10T14:23:22.515Z] GET /api/admin/stats → 401 (2ms)
[2026-03-10T14:23:22.577Z] GET /api/admin/stats → 401 (2ms)
[2026-03-10T14:24:22.449Z] GET /api/admin/stats → 401 (2ms)
[2026-03-10T14:24:22.507Z] GET /api/admin/stats → 401 (2ms)
[2026-03-10T14:24:22.569Z] GET /api/admin/stats → 401 (1ms)
[2026-03-10T14:25:22.452Z] GET /api/admin/stats → 401 (2ms)
[2026-03-10T14:25:22.504Z] GET /api/admin/stats → 401 (2ms)
[2026-03-10T14:25:22.553Z] GET /api/admin/stats → 401 (2ms)
[2026-03-10T14:26:22.451Z] GET /api/admin/stats → 401 (2ms)
[2026-03-10T14:26:22.499Z] GET /api/admin/stats → 401 (2ms)
[2026-03-10T14:26:22.559Z] GET /api/admin/stats → 401 (2ms)
[2026-03-10T14:27:22.532Z] GET /api/admin/stats → 401 (2ms)
[2026-03-10T14:27:22.588Z] GET /api/admin/stats → 401 (1ms)
[2026-03-10T14:27:22.636Z] GET /api/admin/stats → 401 (2ms)
[2026-03-10T14:28:22.459Z] GET /api/admin/stats → 401 (2ms)
[2026-03-10T14:28:22.531Z] GET /api/admin/stats → 401 (2ms)
[2026-03-10T14:28:22.584Z] GET /api/admin/stats → 401 (2ms)
[2026-03-10T14:29:22.460Z] GET /api/admin/stats → 401 (2ms)
[2026-03-10T14:29:22.511Z] GET /api/admin/stats → 401 (2ms)
[2026-03-10T14:29:22.569Z] GET /api/admin/stats → 401 (2ms)
[2026-03-10T14:30:22.461Z] GET /api/admin/stats → 401 (2ms)
[2026-03-10T14:30:22.519Z] GET /api/admin/stats → 401 (2ms)
[2026-03-10T14:30:22.575Z] GET /api/admin/stats → 401 (2ms)
[2026-03-10T14:31:22.458Z] GET /api/admin/stats → 401 (2ms)
[2026-03-10T14:31:22.532Z] GET /api/admin/stats → 401 (2ms)
[2026-03-10T14:31:22.580Z] GET /api/admin/stats → 401 (2ms)
[2026-03-10T14:32:22.460Z] GET /api/admin/stats → 401 (2ms)
[2026-03-10T14:32:22.528Z] GET /api/admin/stats → 401 (2ms)
[2026-03-10T14:32:22.584Z] GET /api/admin/stats → 401 (2ms)
[2026-03-10T14:33:22.508Z] GET /api/admin/stats → 401 (2ms)
[2026-03-10T14:33:22.569Z] GET /api/admin/stats → 401 (2ms)
[2026-03-10T14:33:22.626Z] GET /api/admin/stats → 401 (2ms)
[2026-03-10T14:34:22.464Z] GET /api/admin/stats → 401 (2ms)
[2026-03-10T14:34:22.523Z] GET /api/admin/stats → 401 (1ms)
[2026-03-10T14:34:22.583Z] GET /api/admin/stats → 401 (2ms)
[2026-03-10T14:35:22.469Z] GET /api/admin/stats → 401 (2ms)
[2026-03-10T14:35:22.536Z] GET /api/admin/stats → 401 (2ms)
[2026-03-10T14:35:22.608Z] GET /api/admin/stats → 401 (2ms)
[2026-03-10T14:36:22.490Z] GET /api/admin/stats → 401 (3ms)
[2026-03-10T14:36:22.551Z] GET /api/admin/stats → 401 (1ms)
[2026-03-10T14:36:22.624Z] GET /api/admin/stats → 401 (1ms)
[2026-03-10T14:37:22.463Z] GET /api/admin/stats → 401 (2ms)
[2026-03-10T14:37:22.527Z] GET /api/admin/stats → 401 (1ms)
[2026-03-10T14:37:22.579Z] GET /api/admin/stats → 401 (2ms)
[2026-03-10T14:38:22.466Z] GET /api/admin/stats → 401 (2ms)
[2026-03-10T14:38:22.534Z] GET /api/admin/stats → 401 (2ms)
[2026-03-10T14:38:22.601Z] GET /api/admin/stats → 401 (2ms)
[2026-03-10T14:39:22.505Z] GET /api/admin/stats → 401 (2ms)
[2026-03-10T14:39:22.569Z] GET /api/admin/stats → 401 (2ms)
[2026-03-10T14:39:22.631Z] GET /api/admin/stats → 401 (2ms)
[2026-03-10T14:40:22.465Z] GET /api/admin/stats → 401 (2ms)
[2026-03-10T14:40:22.546Z] GET /api/admin/stats → 401 (2ms)
[2026-03-10T14:40:22.637Z] GET /api/admin/stats → 401 (2ms)
[2026-03-10T14:41:22.474Z] GET /api/admin/stats → 401 (3ms)
[2026-03-10T14:41:22.549Z] GET /api/admin/stats → 401 (2ms)
[2026-03-10T14:41:22.612Z] GET /api/admin/stats → 401 (2ms)
[2026-03-10T14:42:22.470Z] GET /api/admin/stats → 401 (3ms)
[2026-03-10T14:42:22.539Z] GET /api/admin/stats → 401 (2ms)
[2026-03-10T14:42:22.615Z] GET /api/admin/stats → 401 (2ms)
[2026-03-10T14:43:22.484Z] GET /api/admin/stats → 401 (3ms)
[2026-03-10T14:43:22.545Z] GET /api/admin/stats → 401 (2ms)
[2026-03-10T14:43:22.606Z] GET /api/admin/stats → 401 (2ms)
[2026-03-10T14:44:22.471Z] GET /api/admin/stats → 401 (2ms)
[2026-03-10T14:44:22.537Z] GET /api/admin/stats → 401 (2ms)
[2026-03-10T14:44:22.587Z] GET /api/admin/stats → 401 (2ms)
[2026-03-10T14:45:01.966Z] SLOW: GET /api/market took 6566ms
[2026-03-10T14:45:22.756Z] GET /api/admin/stats → 401 (4ms)
[2026-03-10T14:45:23.039Z] GET /api/admin/stats → 401 (1ms)
[2026-03-10T14:45:23.098Z] GET /api/admin/stats → 401 (2ms)
[2026-03-10T14:46:22.483Z] GET /api/admin/stats → 401 (13ms)
[2026-03-10T14:46:22.711Z] GET /api/admin/stats → 401 (4ms)
[2026-03-10T14:46:22.845Z] GET /api/admin/stats → 401 (2ms)
[2026-03-10T14:47:22.498Z] GET /api/admin/stats → 401 (3ms)
[2026-03-10T14:47:22.571Z] GET /api/admin/stats → 401 (3ms)
[2026-03-10T14:47:22.624Z] GET /api/admin/stats → 401 (2ms)
[2026-03-10T14:48:22.492Z] GET /api/admin/stats → 401 (3ms)
[2026-03-10T14:48:22.570Z] GET /api/admin/stats → 401 (2ms)
[2026-03-10T14:48:22.654Z] GET /api/admin/stats → 401 (3ms)
[2026-03-10T14:49:22.484Z] GET /api/admin/stats → 401 (3ms)
[2026-03-10T14:49:22.546Z] GET /api/admin/stats → 401 (2ms)
[2026-03-10T14:49:22.604Z] GET /api/admin/stats → 401 (2ms)
[2026-03-10T14:50:22.515Z] GET /api/admin/stats → 401 (3ms)
[2026-03-10T14:50:22.597Z] GET /api/admin/stats → 401 (2ms)
[2026-03-10T14:50:22.677Z] GET /api/admin/stats → 401 (2ms)
[2026-03-10T14:51:22.522Z] GET /api/admin/stats → 401 (3ms)
[2026-03-10T14:51:22.591Z] GET /api/admin/stats → 401 (2ms)
[2026-03-10T14:51:22.650Z] GET /api/admin/stats → 401 (2ms)
[2026-03-10T14:52:22.484Z] GET /api/admin/stats → 401 (2ms)
[2026-03-10T14:52:22.545Z] GET /api/admin/stats → 401 (2ms)
[2026-03-10T14:52:22.617Z] GET /api/admin/stats → 401 (2ms)
[2026-03-10T14:53:22.497Z] GET /api/admin/stats → 401 (2ms)
[2026-03-10T14:53:22.551Z] GET /api/admin/stats → 401 (2ms)
[2026-03-10T14:53:22.604Z] GET /api/admin/stats → 401 (2ms)
[2026-03-10T14:54:22.494Z] GET /api/admin/stats → 401 (2ms)
[2026-03-10T14:54:22.555Z] GET /api/admin/stats → 401 (3ms)
[2026-03-10T14:54:22.742Z] GET /api/admin/stats → 401 (3ms)
[2026-03-10T14:55:22.494Z] GET /api/admin/stats → 401 (3ms)
[2026-03-10T14:55:22.548Z] GET /api/admin/stats → 401 (2ms)
[2026-03-10T14:55:22.608Z] GET /api/admin/stats → 401 (2ms)
[2026-03-10T14:56:22.478Z] GET /api/admin/stats → 401 (2ms)
[2026-03-10T14:56:22.546Z] GET /api/admin/stats → 401 (2ms)
[2026-03-10T14:56:22.620Z] GET /api/admin/stats → 401 (2ms)
[2026-03-10T14:57:22.529Z] GET /api/admin/stats → 401 (2ms)
[2026-03-10T14:57:22.589Z] GET /api/admin/stats → 401 (2ms)
[2026-03-10T14:57:22.652Z] GET /api/admin/stats → 401 (2ms)
[2026-03-10T14:58:22.497Z] GET /api/admin/stats → 401 (1ms)
[2026-03-10T14:58:22.572Z] GET /api/admin/stats → 401 (2ms)
[2026-03-10T14:58:22.641Z] GET /api/admin/stats → 401 (3ms)
[2026-03-10T14:59:22.493Z] GET /api/admin/stats → 401 (3ms)
[2026-03-10T14:59:23.775Z] GET /api/admin/stats → 401 (2ms)
[2026-03-10T14:59:24.950Z] GET /api/admin/stats → 401 (3ms)
[2026-03-10T15:00:22.493Z] GET /api/admin/stats → 401 (3ms)
[2026-03-10T15:00:22.544Z] GET /api/admin/stats → 401 (2ms)
[2026-03-10T15:00:22.593Z] GET /api/admin/stats → 401 (3ms)
[2026-03-10T15:01:22.522Z] GET /api/admin/stats → 401 (3ms)
[2026-03-10T15:01:22.641Z] GET /api/admin/stats → 401 (3ms)
[2026-03-10T15:01:22.701Z] GET /api/admin/stats → 401 (2ms)
[2026-03-10T15:02:22.719Z] GET /api/admin/stats → 401 (12ms)
[2026-03-10T15:02:22.860Z] GET /api/admin/stats → 401 (4ms)
[2026-03-10T15:02:22.973Z] GET /api/admin/stats → 401 (3ms)
[2026-03-10T15:03:22.561Z] GET /api/admin/stats → 401 (13ms)
[2026-03-10T15:03:22.629Z] GET /api/admin/stats → 401 (2ms)
[2026-03-10T15:03:22.700Z] GET /api/admin/stats → 401 (2ms)
[2026-03-10T15:04:22.537Z] GET /api/admin/stats → 401 (14ms)
[2026-03-10T15:04:22.596Z] GET /api/admin/stats → 401 (3ms)
[2026-03-10T15:04:22.673Z] GET /api/admin/stats → 401 (2ms)
[2026-03-10T15:05:22.498Z] GET /api/admin/stats → 401 (3ms)
[2026-03-10T15:05:22.573Z] GET /api/admin/stats → 401 (3ms)
[2026-03-10T15:05:22.625Z] GET /api/admin/stats → 401 (3ms)
[2026-03-10T15:05:41.279Z] GET /api/admin/stats → 401 (3ms)
[2026-03-10T15:05:49.888Z] GET /api/admin/stats → 401 (2ms)
[2026-03-10T15:05:56.472Z] GET /api/admin/stats → 401 (3ms)
[2026-03-10T15:06:22.472Z] GET /api/admin/stats → 401 (2ms)
[2026-03-10T15:06:26.461Z] GET /api/admin/stats → 401 (3ms)
[2026-03-10T15:07:22.520Z] GET /api/admin/stats → 401 (3ms)
[2026-03-10T15:07:22.572Z] GET /api/admin/stats → 401 (2ms)
[2026-03-10T15:08:22.511Z] GET /api/admin/stats → 401 (3ms)
[2026-03-10T15:08:22.581Z] GET /api/admin/stats → 401 (2ms)
[2026-03-10T15:09:22.559Z] GET /api/admin/stats → 401 (2ms)
[2026-03-10T15:10:22.530Z] GET /api/admin/stats → 401 (3ms)
[2026-03-10T15:11:22.513Z] GET /api/admin/stats → 401 (2ms)
[2026-03-10T15:12:22.519Z] GET /api/admin/stats → 401 (3ms)
[2026-03-10T15:13:22.508Z] GET /api/admin/stats → 401 (2ms)
[2026-03-10T15:14:22.515Z] GET /api/admin/stats → 401 (3ms)
[2026-03-10T15:15:22.576Z] GET /api/admin/stats → 401 (3ms)
[2026-03-10T15:16:22.530Z] GET /api/admin/stats → 401 (2ms)
[2026-03-10T15:17:22.514Z] GET /api/admin/stats → 401 (2ms)
[2026-03-10T15:18:22.520Z] GET /api/admin/stats → 401 (2ms)
[2026-03-10T15:19:22.520Z] GET /api/admin/stats → 401 (2ms)
[2026-03-10T15:20:24.247Z] GET /api/admin/stats → 401 (2ms)
[2026-03-10T15:21:22.553Z] GET /api/admin/stats → 401 (2ms)
[2026-03-10T15:22:22.514Z] GET /api/admin/stats → 401 (3ms)
[2026-03-10T15:23:22.530Z] GET /api/admin/stats → 401 (2ms)
[2026-03-10T15:24:22.535Z] GET /api/admin/stats → 401 (2ms)
[2026-03-10T15:25:22.528Z] GET /api/admin/stats → 401 (3ms)
[2026-03-10T15:26:22.546Z] GET /api/admin/stats → 401 (2ms)
[2026-03-10T15:27:22.571Z] GET /api/admin/stats → 401 (2ms)
[2026-03-10T15:28:22.537Z] GET /api/admin/stats → 401 (2ms)
[2026-03-10T15:29:22.525Z] GET /api/admin/stats → 401 (2ms)
[2026-03-10T15:30:22.525Z] GET /api/admin/stats → 401 (2ms)
[2026-03-10T15:31:22.532Z] GET /api/admin/stats → 401 (2ms)
[2026-03-10T15:32:22.545Z] GET /api/admin/stats → 401 (2ms)
[2026-03-10T15:33:22.596Z] GET /api/admin/stats → 401 (5ms)
[2026-03-10T15:34:22.543Z] GET /api/admin/stats → 401 (3ms)
[2026-03-10T15:35:22.699Z] GET /api/admin/stats → 401 (2ms)
[2026-03-10T15:36:22.544Z] GET /api/admin/stats → 401 (2ms)
[2026-03-10T15:37:22.544Z] GET /api/admin/stats → 401 (2ms)
[2026-03-10T15:38:22.557Z] GET /api/admin/stats → 401 (2ms)
[2026-03-10T15:39:22.585Z] GET /api/admin/stats → 401 (3ms)
[2026-03-10T15:40:22.550Z] GET /api/admin/stats → 401 (3ms)
[2026-03-10T15:41:22.556Z] GET /api/admin/stats → 401 (2ms)
[2026-03-10T15:42:22.552Z] GET /api/admin/stats → 401 (1ms)
[2026-03-10T15:43:22.548Z] GET /api/admin/stats → 401 (2ms)
[2026-03-10T15:44:22.564Z] GET /api/admin/stats → 401 (3ms)
[2026-03-10T15:45:22.579Z] GET /api/admin/stats → 401 (3ms)
[2026-03-10T15:46:22.554Z] GET /api/admin/stats → 401 (2ms)
[2026-03-10T15:47:22.561Z] GET /api/admin/stats → 401 (2ms)
[2026-03-10T15:48:22.566Z] GET /api/admin/stats → 401 (3ms)
[2026-03-10T15:49:22.552Z] GET /api/admin/stats → 401 (3ms)
[2026-03-10T15:50:22.554Z] GET /api/admin/stats → 401 (2ms)
[2026-03-10T15:51:22.616Z] GET /api/admin/stats → 401 (2ms)
[2026-03-10T15:52:22.561Z] GET /api/admin/stats → 401 (2ms)
[2026-03-10T15:53:22.557Z] GET /api/admin/stats → 401 (3ms)
[2026-03-10T15:54:22.551Z] GET /api/admin/stats → 401 (2ms)
[2026-03-10T15:55:22.565Z] GET /api/admin/stats → 401 (3ms)
[2026-03-10T15:56:22.561Z] GET /api/admin/stats → 401 (3ms)
[2026-03-10T15:57:22.588Z] GET /api/admin/stats → 401 (2ms)
[2026-03-10T15:58:22.559Z] GET /api/admin/stats → 401 (2ms)
[2026-03-10T15:59:22.552Z] GET /api/admin/stats → 401 (2ms)
[2026-03-10T16:00:22.558Z] GET /api/admin/stats → 401 (2ms)
[2026-03-10T16:01:22.557Z] GET /api/admin/stats → 401 (2ms)
[2026-03-10T16:02:22.553Z] GET /api/admin/stats → 401 (2ms)
[2026-03-10T16:03:22.625Z] GET /api/admin/stats → 401 (5ms)
[2026-03-10T16:04:22.556Z] GET /api/admin/stats → 401 (3ms)
[2026-03-10T16:05:22.559Z] GET /api/admin/stats → 401 (2ms)
[2026-03-10T16:06:22.568Z] GET /api/admin/stats → 401 (2ms)
[2026-03-10T16:07:22.546Z] GET /api/admin/stats → 401 (3ms)
[2026-03-10T16:08:22.561Z] GET /api/admin/stats → 401 (2ms)
[2026-03-10T16:09:22.632Z] GET /api/admin/stats → 401 (2ms)
[2026-03-10T16:10:22.577Z] GET /api/admin/stats → 401 (2ms)
[2026-03-10T16:11:22.558Z] GET /api/admin/stats → 401 (2ms)
[2026-03-10T16:12:22.570Z] GET /api/admin/stats → 401 (2ms)
[2026-03-10T16:13:22.546Z] GET /api/admin/stats → 401 (3ms)
[2026-03-10T16:14:22.562Z] GET /api/admin/stats → 401 (2ms)
[2026-03-10T16:15:22.607Z] GET /api/admin/stats → 401 (3ms)
[2026-03-10T16:16:22.555Z] GET /api/admin/stats → 401 (2ms)
[2026-03-10T16:17:22.550Z] GET /api/admin/stats → 401 (3ms)
[2026-03-10T16:18:22.575Z] GET /api/admin/stats → 401 (2ms)
[2026-03-10T16:19:22.555Z] GET /api/admin/stats → 401 (2ms)
[2026-03-10T16:20:22.555Z] GET /api/admin/stats → 401 (3ms)
[2026-03-10T16:21:22.683Z] GET /api/admin/stats → 401 (2ms)
[2026-03-10T16:22:22.575Z] GET /api/admin/stats → 401 (2ms)
[2026-03-10T16:23:22.561Z] GET /api/admin/stats → 401 (3ms)
[2026-03-10T16:24:22.558Z] GET /api/admin/stats → 401 (2ms)
[2026-03-10T16:25:22.682Z] GET /api/admin/stats → 401 (2ms)
[2026-03-10T16:26:22.576Z] GET /api/admin/stats → 401 (1ms)
[2026-03-10T16:27:22.598Z] GET /api/admin/stats → 401 (3ms)
[2026-03-10T16:28:22.586Z] GET /api/admin/stats → 401 (2ms)
[2026-03-10T16:30:22.573Z] GET /api/admin/stats → 401 (2ms)
[2026-03-10T16:31:22.570Z] GET /api/admin/stats → 401 (3ms)
[2026-03-10T16:32:22.683Z] GET /api/admin/stats → 401 (2ms)
[2026-03-10T16:33:22.619Z] GET /api/admin/stats → 401 (7ms)
[2026-03-10T16:34:22.581Z] GET /api/admin/stats → 401 (3ms)
[2026-03-10T16:35:22.611Z] GET /api/admin/stats → 401 (2ms)
[2026-03-10T16:36:22.583Z] GET /api/admin/stats → 401 (3ms)
[2026-03-10T16:37:22.576Z] GET /api/admin/stats → 401 (3ms)
[2026-03-10T16:38:22.585Z] GET /api/admin/stats → 401 (2ms)
[2026-03-10T16:39:22.619Z] GET /api/admin/stats → 401 (2ms)
[2026-03-10T16:40:22.599Z] GET /api/admin/stats → 401 (3ms)
[2026-03-10T16:41:22.591Z] GET /api/admin/stats → 401 (2ms)
[2026-03-10T16:42:22.587Z] GET /api/admin/stats → 401 (2ms)
[2026-03-10T16:43:22.600Z] GET /api/admin/stats → 401 (2ms)
[2026-03-10T16:44:22.590Z] GET /api/admin/stats → 401 (2ms)
[2026-03-10T16:45:22.618Z] GET /api/admin/stats → 401 (3ms)
[2026-03-10T16:46:22.598Z] GET /api/admin/stats → 401 (2ms)
[2026-03-10T16:47:22.592Z] GET /api/admin/stats → 401 (3ms)
[2026-03-10T16:48:22.586Z] GET /api/admin/stats → 401 (3ms)
[2026-03-10T16:49:22.601Z] GET /api/admin/stats → 401 (2ms)
[2026-03-10T16:50:22.594Z] GET /api/admin/stats → 401 (1ms)
[2026-03-10T16:51:22.646Z] GET /api/admin/stats → 401 (2ms)
[2026-03-10T16:52:22.604Z] GET /api/admin/stats → 401 (2ms)
[2026-03-10T16:53:22.592Z] GET /api/admin/stats → 401 (3ms)
[2026-03-10T16:54:22.603Z] GET /api/admin/stats → 401 (3ms)
[2026-03-10T16:55:22.599Z] GET /api/admin/stats → 401 (2ms)
[2026-03-10T16:56:22.602Z] GET /api/admin/stats → 401 (2ms)
[2026-03-10T16:57:22.625Z] GET /api/admin/stats → 401 (2ms)
[2026-03-10T16:58:22.589Z] GET /api/admin/stats → 401 (3ms)
[2026-03-10T16:59:22.586Z] GET /api/admin/stats → 401 (2ms)
[2026-03-10T17:00:22.605Z] GET /api/admin/stats → 401 (3ms)
[2026-03-10T17:01:22.613Z] GET /api/admin/stats → 401 (2ms)
[2026-03-10T17:02:22.612Z] GET /api/admin/stats → 401 (2ms)
[2026-03-10T17:03:22.665Z] GET /api/admin/stats → 401 (5ms)
[2026-03-10T17:04:22.606Z] GET /api/admin/stats → 401 (2ms)
[2026-03-10T17:05:22.609Z] GET /api/admin/stats → 401 (2ms)
[2026-03-10T17:06:22.672Z] GET /api/admin/stats → 401 (2ms)
[2026-03-10T17:07:22.603Z] GET /api/admin/stats → 401 (2ms)
[2026-03-10T17:08:22.605Z] GET /api/admin/stats → 401 (2ms)
[2026-03-10T17:09:22.712Z] GET /api/admin/stats → 401 (2ms)
[2026-03-10T17:10:22.610Z] GET /api/admin/stats → 401 (2ms)
[2026-03-10T17:11:22.605Z] GET /api/admin/stats → 401 (3ms)
[2026-03-10T17:12:22.620Z] GET /api/admin/stats → 401 (3ms)
[2026-03-10T17:13:22.607Z] GET /api/admin/stats → 401 (2ms)
[2026-03-10T17:14:22.685Z] GET /api/admin/stats → 401 (2ms)
[2026-03-10T17:15:22.687Z] GET /api/admin/stats → 401 (3ms)
[2026-03-10T17:16:22.685Z] GET /api/admin/stats → 401 (2ms)
[2026-03-10T17:17:22.669Z] GET /api/admin/stats → 401 (2ms)
[2026-03-10T17:18:22.613Z] GET /api/admin/stats → 401 (3ms)
[2026-03-10T17:19:22.626Z] GET /api/admin/stats → 401 (3ms)
[2026-03-10T17:20:22.644Z] GET /api/admin/stats → 401 (2ms)
[2026-03-10T17:21:22.658Z] GET /api/admin/stats → 401 (3ms)
[2026-03-10T17:22:22.685Z] GET /api/admin/stats → 401 (2ms)
[2026-03-10T17:23:22.636Z] GET /api/admin/stats → 401 (2ms)
[2026-03-10T17:24:22.624Z] GET /api/admin/stats → 401 (2ms)
[2026-03-10T17:25:22.629Z] GET /api/admin/stats → 401 (2ms)
[2026-03-10T17:26:22.646Z] GET /api/admin/stats → 401 (3ms)
[2026-03-10T17:27:22.667Z] GET /api/admin/stats → 401 (2ms)
[2026-03-10T17:28:22.627Z] GET /api/admin/stats → 401 (2ms)
[2026-03-10T17:29:22.616Z] GET /api/admin/stats → 401 (3ms)
[2026-03-10T17:30:22.630Z] GET /api/admin/stats → 401 (2ms)
[2026-03-10T17:31:22.656Z] GET /api/admin/stats → 401 (3ms)
[2026-03-10T17:32:22.634Z] GET /api/admin/stats → 401 (3ms)
[2026-03-10T17:33:22.688Z] GET /api/admin/stats → 401 (4ms)
[2026-03-10T17:34:22.622Z] GET /api/admin/stats → 401 (2ms)
[2026-03-10T17:35:22.643Z] GET /api/admin/stats → 401 (3ms)
[2026-03-10T17:36:22.651Z] GET /api/admin/stats → 401 (2ms)
[2026-03-10T17:37:22.685Z] GET /api/admin/stats → 401 (2ms)
[2026-03-10T17:38:22.685Z] GET /api/admin/stats → 401 (2ms)
[2026-03-10T17:39:22.681Z] GET /api/admin/stats → 401 (2ms)
[2026-03-10T17:40:22.635Z] GET /api/admin/stats → 401 (3ms)
[2026-03-10T17:41:22.643Z] GET /api/admin/stats → 401 (2ms)
[2026-03-10T17:42:22.647Z] GET /api/admin/stats → 401 (2ms)
[2026-03-10T17:43:22.646Z] GET /api/admin/stats → 401 (2ms)
[2026-03-10T17:44:22.684Z] GET /api/admin/stats → 401 (2ms)
[2026-03-10T17:45:22.673Z] GET /api/admin/stats → 401 (2ms)
[2026-03-10T17:46:22.684Z] GET /api/admin/stats → 401 (2ms)
[2026-03-10T17:47:22.648Z] GET /api/admin/stats → 401 (2ms)
[2026-03-10T17:48:22.648Z] GET /api/admin/stats → 401 (2ms)
[2026-03-10T17:49:22.640Z] GET /api/admin/stats → 401 (2ms)
[2026-03-10T17:50:22.649Z] GET /api/admin/stats → 401 (2ms)
[2026-03-10T17:51:22.686Z] GET /api/admin/stats → 401 (2ms)
[2026-03-10T17:52:22.638Z] GET /api/admin/stats → 401 (2ms)
[2026-03-10T17:53:22.653Z] GET /api/admin/stats → 401 (3ms)
[2026-03-10T17:54:22.656Z] GET /api/admin/stats → 401 (2ms)
[2026-03-10T17:55:22.645Z] GET /api/admin/stats → 401 (2ms)
[2026-03-10T17:56:22.642Z] GET /api/admin/stats → 401 (2ms)
[2026-03-10T17:57:22.672Z] GET /api/admin/stats → 401 (2ms)
[2026-03-10T17:58:22.646Z] GET /api/admin/stats → 401 (2ms)
[2026-03-10T17:59:22.664Z] GET /api/admin/stats → 401 (2ms)
[2026-03-10T18:00:22.662Z] GET /api/admin/stats → 401 (3ms)
[2026-03-10T18:01:22.653Z] GET /api/admin/stats → 401 (2ms)
[2026-03-10T18:02:22.658Z] GET /api/admin/stats → 401 (2ms)
[2026-03-10T18:03:22.683Z] GET /api/admin/stats → 401 (4ms)
[2026-03-10T18:04:22.653Z] GET /api/admin/stats → 401 (2ms)
[2026-03-10T18:05:22.666Z] GET /api/admin/stats → 401 (3ms)
[2026-03-10T18:06:22.654Z] GET /api/admin/stats → 401 (2ms)
[2026-03-10T18:07:22.647Z] GET /api/admin/stats → 401 (3ms)
[2026-03-10T18:08:22.664Z] GET /api/admin/stats → 401 (3ms)
[2026-03-10T18:09:22.699Z] GET /api/admin/stats → 401 (2ms)
[2026-03-10T18:10:22.662Z] GET /api/admin/stats → 401 (2ms)
[2026-03-10T18:11:22.682Z] GET /api/admin/stats → 401 (2ms)
[2026-03-10T18:12:22.662Z] GET /api/admin/stats → 401 (2ms)
[2026-03-10T18:13:22.670Z] GET /api/admin/stats → 401 (3ms)
[2026-03-10T18:14:22.668Z] GET /api/admin/stats → 401 (2ms)
[2026-03-10T18:15:22.690Z] GET /api/admin/stats → 401 (2ms)
[2026-03-10T18:16:22.675Z] GET /api/admin/stats → 401 (2ms)
[2026-03-10T18:17:22.686Z] GET /api/admin/stats → 401 (3ms)
[2026-03-10T18:18:22.674Z] GET /api/admin/stats → 401 (3ms)
[2026-03-10T18:19:22.688Z] GET /api/admin/stats → 401 (2ms)
[2026-03-10T18:20:22.669Z] GET /api/admin/stats → 401 (2ms)
[2026-03-10T18:21:22.717Z] GET /api/admin/stats → 401 (2ms)
[2026-03-10T18:22:22.666Z] GET /api/admin/stats → 401 (2ms)
[2026-03-10T18:23:22.666Z] GET /api/admin/stats → 401 (3ms)
[2026-03-10T18:24:22.670Z] GET /api/admin/stats → 401 (2ms)
[2026-03-10T18:25:22.720Z] GET /api/admin/stats → 401 (2ms)
[2026-03-10T18:26:22.671Z] GET /api/admin/stats → 401 (3ms)
[2026-03-10T18:27:22.705Z] GET /api/admin/stats → 401 (2ms)
[2026-03-10T18:28:22.685Z] GET /api/admin/stats → 401 (3ms)
[2026-03-10T18:29:22.687Z] GET /api/admin/stats → 401 (2ms)
[2026-03-10T18:30:22.684Z] GET /api/admin/stats → 401 (2ms)
[2026-03-10T18:31:22.689Z] GET /api/admin/stats → 401 (2ms)
[2026-03-10T18:32:22.692Z] GET /api/admin/stats → 401 (2ms)
[2026-03-10T18:33:22.761Z] GET /api/admin/stats → 401 (5ms)
[2026-03-10T18:34:22.690Z] GET /api/admin/stats → 401 (2ms)
[2026-03-10T18:35:22.686Z] GET /api/admin/stats → 401 (2ms)
[2026-03-10T18:36:22.691Z] GET /api/admin/stats → 401 (3ms)
[2026-03-10T18:37:22.701Z] GET /api/admin/stats → 401 (3ms)
[2026-03-10T18:38:22.686Z] GET /api/admin/stats → 401 (2ms)
[2026-03-10T18:39:22.749Z] GET /api/admin/stats → 401 (5ms)
[2026-03-10T18:40:22.690Z] GET /api/admin/stats → 401 (2ms)
[2026-03-10T18:41:22.702Z] GET /api/admin/stats → 401 (2ms)
[2026-03-10T18:42:22.692Z] GET /api/admin/stats → 401 (2ms)
[2026-03-10T18:43:22.683Z] GET /api/admin/stats → 401 (2ms)
[2026-03-10T18:44:22.682Z] GET /api/admin/stats → 401 (2ms)
[2026-03-10T18:45:22.769Z] GET /api/admin/stats → 401 (2ms)
[2026-03-10T18:46:22.813Z] GET /api/admin/stats → 401 (2ms)
[2026-03-10T18:47:22.935Z] GET /api/admin/stats → 401 (3ms)
[2026-03-10T18:48:22.673Z] GET /api/admin/stats → 401 (2ms)
[2026-03-10T18:49:22.661Z] GET /api/admin/stats → 401 (3ms)
[2026-03-10T18:50:22.658Z] GET /api/admin/stats → 401 (3ms)
[2026-03-10T18:51:22.708Z] GET /api/admin/stats → 401 (3ms)
[2026-03-10T18:52:22.690Z] GET /api/admin/stats → 401 (2ms)
[2026-03-10T18:53:22.680Z] GET /api/admin/stats → 401 (2ms)
[2026-03-10T18:54:22.677Z] GET /api/admin/stats → 401 (2ms)
[2026-03-10T18:55:22.679Z] GET /api/admin/stats → 401 (3ms)
[2026-03-10T18:56:22.704Z] GET /api/admin/stats → 401 (2ms)
[2026-03-10T18:57:22.715Z] GET /api/admin/stats → 401 (2ms)
[2026-03-10T18:58:22.695Z] GET /api/admin/stats → 401 (2ms)
[2026-03-10T18:59:22.690Z] GET /api/admin/stats → 401 (2ms)
[2026-03-10T19:00:22.687Z] GET /api/admin/stats → 401 (2ms)
[2026-03-10T19:01:22.689Z] GET /api/admin/stats → 401 (3ms)
[2026-03-10T19:02:22.696Z] GET /api/admin/stats → 401 (3ms)
[2026-03-10T19:03:22.823Z] GET /api/admin/stats → 401 (5ms)
[2026-03-10T19:04:22.819Z] GET /api/admin/stats → 401 (3ms)
[2026-03-10T19:05:22.696Z] GET /api/admin/stats → 401 (3ms)
[2026-03-10T19:06:22.674Z] GET /api/admin/stats → 401 (2ms)
[2026-03-10T19:07:22.715Z] GET /api/admin/stats → 401 (2ms)
[2026-03-10T19:08:22.718Z] GET /api/admin/stats → 401 (3ms)
[2026-03-10T19:09:22.753Z] GET /api/admin/stats → 401 (2ms)
[2026-03-10T19:10:22.814Z] GET /api/admin/stats → 401 (2ms)
[2026-03-10T19:11:22.685Z] GET /api/admin/stats → 401 (3ms)
[2026-03-10T19:12:22.691Z] GET /api/admin/stats → 401 (3ms)
[2026-03-10T19:13:22.679Z] GET /api/admin/stats → 401 (3ms)
[2026-03-10T19:14:22.687Z] GET /api/admin/stats → 401 (3ms)
[2026-03-10T19:15:22.736Z] GET /api/admin/stats → 401 (2ms)
[2026-03-10T19:16:22.738Z] GET /api/admin/stats → 401 (3ms)
[2026-03-10T19:17:22.688Z] GET /api/admin/stats → 401 (2ms)
[2026-03-10T19:18:22.810Z] GET /api/admin/stats → 401 (2ms)
[2026-03-10T19:19:22.684Z] GET /api/admin/stats → 401 (3ms)
[2026-03-10T19:20:22.809Z] GET /api/admin/stats → 401 (2ms)
[2026-03-10T19:21:22.810Z] GET /api/admin/stats → 401 (3ms)
[2026-03-10T19:22:22.697Z] GET /api/admin/stats → 401 (2ms)
[2026-03-10T19:23:22.680Z] GET /api/admin/stats → 401 (2ms)
[2026-03-10T19:24:22.693Z] GET /api/admin/stats → 401 (2ms)
[2026-03-10T19:25:22.704Z] GET /api/admin/stats → 401 (2ms)
[2026-03-10T19:26:22.808Z] GET /api/admin/stats → 401 (2ms)
[2026-03-10T19:27:22.728Z] GET /api/admin/stats → 401 (2ms)
[2026-03-10T19:28:22.685Z] GET /api/admin/stats → 401 (2ms)
[2026-03-10T19:29:22.692Z] GET /api/admin/stats → 401 (2ms)
[2026-03-10T19:30:22.807Z] GET /api/admin/stats → 401 (3ms)
[2026-03-10T19:31:22.693Z] GET /api/admin/stats → 401 (2ms)
[2026-03-10T19:32:22.806Z] GET /api/admin/stats → 401 (2ms)
[2026-03-10T19:33:22.732Z] GET /api/admin/stats → 401 (5ms)
[2026-03-10T19:34:22.697Z] GET /api/admin/stats → 401 (3ms)
[2026-03-10T19:35:22.702Z] GET /api/admin/stats → 401 (3ms)
[2026-03-10T19:36:22.707Z] GET /api/admin/stats → 401 (2ms)
[2026-03-10T19:37:22.690Z] GET /api/admin/stats → 401 (3ms)
[2026-03-10T19:38:22.683Z] GET /api/admin/stats → 401 (3ms)
[2026-03-10T19:39:22.736Z] GET /api/admin/stats → 401 (2ms)
[2026-03-10T19:40:22.700Z] GET /api/admin/stats → 401 (2ms)
[2026-03-10T19:41:22.700Z] GET /api/admin/stats → 401 (3ms)
[2026-03-10T19:42:22.724Z] GET /api/admin/stats → 401 (3ms)
[2026-03-10T19:43:22.694Z] GET /api/admin/stats → 401 (3ms)
[2026-03-10T19:44:22.706Z] GET /api/admin/stats → 401 (3ms)
[2026-03-10T19:45:22.730Z] GET /api/admin/stats → 401 (2ms)
[2026-03-10T19:46:22.711Z] GET /api/admin/stats → 401 (3ms)
[2026-03-10T19:47:22.712Z] GET /api/admin/stats → 401 (3ms)
[2026-03-10T19:48:22.708Z] GET /api/admin/stats → 401 (3ms)
[2026-03-10T19:49:22.709Z] GET /api/admin/stats → 401 (2ms)
[2026-03-10T19:50:22.709Z] GET /api/admin/stats → 401 (2ms)
[2026-03-10T19:51:22.738Z] GET /api/admin/stats → 401 (2ms)
[2026-03-10T19:52:22.718Z] GET /api/admin/stats → 401 (2ms)
[2026-03-10T19:53:22.706Z] GET /api/admin/stats → 401 (3ms)
[2026-03-10T19:54:22.699Z] GET /api/admin/stats → 401 (2ms)
[2026-03-10T19:55:22.721Z] GET /api/admin/stats → 401 (2ms)
[2026-03-10T19:56:22.727Z] GET /api/admin/stats → 401 (3ms)
[2026-03-10T19:57:22.815Z] GET /api/admin/stats → 401 (2ms)
[2026-03-10T19:58:22.729Z] GET /api/admin/stats → 401 (3ms)
[2026-03-10T19:59:22.736Z] GET /api/admin/stats → 401 (2ms)
[2026-03-10T20:00:22.731Z] GET /api/admin/stats → 401 (3ms)
[2026-03-10T20:01:22.730Z] GET /api/admin/stats → 401 (2ms)
[2026-03-10T20:02:22.745Z] GET /api/admin/stats → 401 (2ms)
[2026-03-10T20:03:22.767Z] GET /api/admin/stats → 401 (6ms)
[2026-03-10T20:04:22.834Z] GET /api/admin/stats → 401 (2ms)
[2026-03-10T20:05:22.757Z] GET /api/admin/stats → 401 (2ms)
[2026-03-10T20:06:22.759Z] GET /api/admin/stats → 401 (2ms)
[2026-03-10T20:07:22.771Z] GET /api/admin/stats → 401 (2ms)
[2026-03-10T20:08:22.843Z] GET /api/admin/stats → 401 (2ms)
[2026-03-10T20:09:22.808Z] GET /api/admin/stats → 401 (3ms)
[2026-03-10T20:09:28.246Z] SLOW: GET /api/vehicle/enriched took 11044ms
[2026-03-10T20:09:35.229Z] SLOW: GET /api/market took 6718ms
[2026-03-10T20:10:22.848Z] GET /api/admin/stats → 401 (3ms)
[2026-03-10T20:10:34.633Z] POST /api/pdf → 400 (4ms)
[2026-03-10T20:11:22.767Z] GET /api/admin/stats → 401 (2ms)
[2026-03-10T20:12:22.766Z] GET /api/admin/stats → 401 (2ms)
[2026-03-10T20:13:22.766Z] GET /api/admin/stats → 401 (3ms)
[2026-03-10T20:14:22.776Z] GET /api/admin/stats → 401 (2ms)
[2026-03-10T20:15:22.828Z] GET /api/admin/stats → 401 (2ms)
[2026-03-10T20:16:22.852Z] GET /api/admin/stats → 401 (2ms)
[2026-03-10T20:17:22.784Z] GET /api/admin/stats → 401 (2ms)
[2026-03-10T20:18:22.784Z] GET /api/admin/stats → 401 (2ms)
[2026-03-10T20:19:22.777Z] GET /api/admin/stats → 401 (2ms)
[2026-03-10T20:20:22.791Z] GET /api/admin/stats → 401 (3ms)
[2026-03-10T20:21:22.858Z] GET /api/admin/stats → 401 (3ms)
[2026-03-10T20:22:22.829Z] GET /api/admin/stats → 401 (4ms)
[2026-03-10T20:23:22.792Z] GET /api/admin/stats → 401 (3ms)
[2026-03-10T20:24:22.809Z] GET /api/admin/stats → 401 (2ms)
[2026-03-10T20:25:22.860Z] GET /api/admin/stats → 401 (2ms)
[2026-03-10T20:26:22.788Z] GET /api/admin/stats → 401 (2ms)
[2026-03-10T20:27:22.891Z] GET /api/admin/stats → 401 (3ms)
[2026-03-10T20:28:22.832Z] GET /api/admin/stats → 401 (2ms)
[2026-03-10T20:29:22.805Z] GET /api/admin/stats → 401 (2ms)
[2026-03-10T20:30:22.806Z] GET /api/admin/stats → 401 (3ms)
[2026-03-10T20:31:22.798Z] GET /api/admin/stats → 401 (2ms)
[2026-03-10T20:32:22.800Z] GET /api/admin/stats → 401 (3ms)
[2026-03-10T20:33:22.864Z] GET /api/admin/stats → 401 (5ms)
[2026-03-10T20:34:22.812Z] GET /api/admin/stats → 401 (3ms)
[2026-03-10T20:35:22.795Z] GET /api/admin/stats → 401 (3ms)
[2026-03-10T20:36:22.811Z] GET /api/admin/stats → 401 (3ms)
[2026-03-10T20:37:22.796Z] GET /api/admin/stats → 401 (1ms)
[2026-03-10T20:38:22.800Z] GET /api/admin/stats → 401 (3ms)
[2026-03-10T20:39:22.848Z] GET /api/admin/stats → 401 (3ms)
[2026-03-10T20:40:22.804Z] GET /api/admin/stats → 401 (3ms)
[2026-03-10T20:41:22.810Z] GET /api/admin/stats → 401 (2ms)
[2026-03-10T20:42:22.855Z] GET /api/admin/stats → 401 (2ms)
[2026-03-10T20:43:22.815Z] GET /api/admin/stats → 401 (2ms)
[2026-03-10T20:44:22.820Z] GET /api/admin/stats → 401 (2ms)
[2026-03-10T20:45:22.845Z] GET /api/admin/stats → 401 (2ms)
[2026-03-10T20:46:22.802Z] GET /api/admin/stats → 401 (2ms)
[2026-03-10T20:47:22.814Z] GET /api/admin/stats → 401 (2ms)
[2026-03-10T20:48:22.814Z] GET /api/admin/stats → 401 (2ms)
[2026-03-10T20:49:22.811Z] GET /api/admin/stats → 401 (3ms)
[2026-03-10T20:50:22.854Z] GET /api/admin/stats → 401 (2ms)
[2026-03-10T20:51:22.834Z] GET /api/admin/stats → 401 (2ms)
[2026-03-10T20:52:22.802Z] GET /api/admin/stats → 401 (2ms)
[2026-03-10T20:53:22.823Z] GET /api/admin/stats → 401 (2ms)
[2026-03-10T20:54:22.816Z] GET /api/admin/stats → 401 (2ms)
[2026-03-10T20:55:22.862Z] GET /api/admin/stats → 401 (2ms)
[2026-03-10T20:56:22.854Z] GET /api/admin/stats → 401 (1ms)
[2026-03-10T20:57:22.856Z] GET /api/admin/stats → 401 (2ms)
[2026-03-10T20:58:22.856Z] GET /api/admin/stats → 401 (2ms)
[2026-03-10T20:59:22.856Z] GET /api/admin/stats → 401 (2ms)
[2026-03-10T21:00:22.816Z] GET /api/admin/stats → 401 (2ms)
[2026-03-10T21:01:22.831Z] GET /api/admin/stats → 401 (3ms)
[2026-03-10T21:02:22.821Z] GET /api/admin/stats → 401 (2ms)
[2026-03-10T21:03:22.861Z] GET /api/admin/stats → 401 (5ms)
[2026-03-10T21:04:22.845Z] GET /api/admin/stats → 401 (2ms)
[2026-03-10T21:05:22.827Z] GET /api/admin/stats → 401 (3ms)
[2026-03-10T21:06:22.812Z] GET /api/admin/stats → 401 (2ms)
[2026-03-10T21:07:22.847Z] GET /api/admin/stats → 401 (2ms)
[2026-03-10T21:08:22.815Z] GET /api/admin/stats → 401 (2ms)
[2026-03-10T21:09:22.853Z] GET /api/admin/stats → 401 (2ms)
[2026-03-10T21:10:22.815Z] GET /api/admin/stats → 401 (3ms)
[2026-03-10T21:11:22.830Z] GET /api/admin/stats → 401 (3ms)
[2026-03-10T21:12:22.844Z] GET /api/admin/stats → 401 (2ms)
[2026-03-10T21:13:22.828Z] GET /api/admin/stats → 401 (2ms)
[2026-03-10T21:14:22.812Z] GET /api/admin/stats → 401 (2ms)
[2026-03-10T21:15:23.084Z] GET /api/admin/stats → 401 (2ms)
[2026-03-10T21:16:22.847Z] GET /api/admin/stats → 401 (3ms)
[2026-03-10T21:17:22.831Z] GET /api/admin/stats → 401 (2ms)
[2026-03-10T21:18:22.835Z] GET /api/admin/stats → 401 (1ms)
[2026-03-10T21:19:22.822Z] GET /api/admin/stats → 401 (2ms)
[2026-03-10T21:20:22.829Z] GET /api/admin/stats → 401 (3ms)
[2026-03-10T21:21:22.902Z] GET /api/admin/stats → 401 (2ms)
[2026-03-10T21:22:22.943Z] GET /api/admin/stats → 401 (2ms)
[2026-03-10T21:23:22.833Z] GET /api/admin/stats → 401 (2ms)
[2026-03-10T21:24:22.845Z] GET /api/admin/stats → 401 (3ms)
[2026-03-10T21:25:22.831Z] GET /api/admin/stats → 401 (2ms)
[2026-03-10T21:26:22.837Z] GET /api/admin/stats → 401 (3ms)
[2026-03-10T21:27:22.869Z] GET /api/admin/stats → 401 (3ms)
[2026-03-10T21:28:22.824Z] GET /api/admin/stats → 401 (3ms)
[2026-03-10T21:29:22.843Z] GET /api/admin/stats → 401 (2ms)
[2026-03-10T21:30:22.840Z] GET /api/admin/stats → 401 (2ms)
[2026-03-10T21:31:22.842Z] GET /api/admin/stats → 401 (2ms)
[2026-03-10T21:32:22.844Z] GET /api/admin/stats → 401 (2ms)
[2026-03-10T21:33:22.935Z] GET /api/admin/stats → 401 (5ms)
[2026-03-10T21:34:22.848Z] GET /api/admin/stats → 401 (3ms)
[2026-03-10T21:35:22.851Z] GET /api/admin/stats → 401 (2ms)
[2026-03-10T21:36:22.844Z] GET /api/admin/stats → 401 (2ms)
[2026-03-10T21:37:22.843Z] GET /api/admin/stats → 401 (2ms)
[2026-03-10T21:38:22.850Z] GET /api/admin/stats → 401 (3ms)
[2026-03-10T21:39:22.896Z] GET /api/admin/stats → 401 (3ms)
[2026-03-10T21:40:22.843Z] GET /api/admin/stats → 401 (3ms)
[2026-03-10T21:41:22.846Z] GET /api/admin/stats → 401 (2ms)
[2026-03-10T21:42:22.844Z] GET /api/admin/stats → 401 (2ms)
[2026-03-10T21:43:22.842Z] GET /api/admin/stats → 401 (2ms)
[2026-03-10T21:44:22.861Z] GET /api/admin/stats → 401 (3ms)
[2026-03-10T21:45:22.887Z] GET /api/admin/stats → 401 (2ms)
[2026-03-10T21:46:22.851Z] GET /api/admin/stats → 401 (2ms)
[2026-03-10T21:47:22.836Z] GET /api/admin/stats → 401 (1ms)
[2026-03-10T21:48:22.842Z] GET /api/admin/stats → 401 (3ms)
[2026-03-10T21:49:22.852Z] GET /api/admin/stats → 401 (3ms)
[2026-03-10T21:50:22.848Z] GET /api/admin/stats → 401 (2ms)
[2026-03-10T21:51:22.880Z] GET /api/admin/stats → 401 (2ms)
[2026-03-10T21:52:22.849Z] GET /api/admin/stats → 401 (2ms)
[2026-03-10T21:53:22.848Z] GET /api/admin/stats → 401 (2ms)
[2026-03-10T21:54:22.846Z] GET /api/admin/stats → 401 (2ms)
[2026-03-10T21:55:22.856Z] GET /api/admin/stats → 401 (2ms)
[2026-03-10T21:56:22.849Z] GET /api/admin/stats → 401 (2ms)
[2026-03-10T21:57:22.893Z] GET /api/admin/stats → 401 (2ms)
[2026-03-10T21:58:22.863Z] GET /api/admin/stats → 401 (3ms)
[2026-03-10T21:59:22.843Z] GET /api/admin/stats → 401 (3ms)
[2026-03-10T22:00:22.852Z] GET /api/admin/stats → 401 (2ms)
[2026-03-10T22:01:22.862Z] GET /api/admin/stats → 401 (2ms)
[2026-03-10T22:02:22.864Z] GET /api/admin/stats → 401 (2ms)
[2026-03-10T22:03:22.897Z] GET /api/admin/stats → 401 (5ms)
[2026-03-10T22:04:22.867Z] GET /api/admin/stats → 401 (2ms)
[2026-03-10T22:05:22.863Z] GET /api/admin/stats → 401 (2ms)
[2026-03-10T22:06:22.865Z] GET /api/admin/stats → 401 (2ms)
[2026-03-10T22:07:22.938Z] GET /api/admin/stats → 401 (2ms)
[2026-03-10T22:08:22.938Z] GET /api/admin/stats → 401 (2ms)
[2026-03-10T22:09:22.936Z] GET /api/admin/stats → 401 (1ms)
[2026-03-10T22:10:22.869Z] GET /api/admin/stats → 401 (2ms)
[2026-03-10T22:11:22.869Z] GET /api/admin/stats → 401 (2ms)
[2026-03-10T22:12:22.865Z] GET /api/admin/stats → 401 (2ms)
[2026-03-10T22:13:22.870Z] GET /api/admin/stats → 401 (2ms)
[2026-03-10T22:14:22.871Z] GET /api/admin/stats → 401 (3ms)
[2026-03-10T22:15:22.940Z] GET /api/admin/stats → 401 (2ms)
[2026-03-10T22:16:22.878Z] GET /api/admin/stats → 401 (2ms)
[2026-03-10T22:17:22.872Z] GET /api/admin/stats → 401 (2ms)
[2026-03-10T22:18:22.865Z] GET /api/admin/stats → 401 (2ms)
[2026-03-10T22:19:22.863Z] GET /api/admin/stats → 401 (2ms)
[2026-03-10T22:20:22.891Z] GET /api/admin/stats → 401 (3ms)
[2026-03-10T22:21:22.916Z] GET /api/admin/stats → 401 (2ms)
[2026-03-10T22:22:22.869Z] GET /api/admin/stats → 401 (2ms)
[2026-03-10T22:23:22.887Z] GET /api/admin/stats → 401 (2ms)
[2026-03-10T22:24:22.883Z] GET /api/admin/stats → 401 (2ms)
[2026-03-10T22:25:22.870Z] GET /api/admin/stats → 401 (2ms)
[2026-03-10T22:26:22.904Z] GET /api/admin/stats → 401 (2ms)
[2026-03-10T22:27:22.921Z] GET /api/admin/stats → 401 (2ms)
[2026-03-10T22:28:22.880Z] GET /api/admin/stats → 401 (2ms)
[2026-03-10T22:29:22.891Z] GET /api/admin/stats → 401 (2ms)
[2026-03-10T22:30:22.884Z] GET /api/admin/stats → 401 (2ms)
[2026-03-10T22:31:22.886Z] GET /api/admin/stats → 401 (2ms)
[2026-03-10T22:32:22.900Z] GET /api/admin/stats → 401 (2ms)
[2026-03-10T22:33:22.916Z] GET /api/admin/stats → 401 (5ms)
[2026-03-10T22:34:22.893Z] GET /api/admin/stats → 401 (2ms)
[2026-03-10T22:35:22.889Z] GET /api/admin/stats → 401 (2ms)
[2026-03-10T22:36:22.897Z] GET /api/admin/stats → 401 (3ms)
[2026-03-10T22:37:22.906Z] GET /api/admin/stats → 401 (2ms)
[2026-03-10T22:38:22.941Z] GET /api/admin/stats → 401 (2ms)
[2026-03-10T22:39:22.945Z] GET /api/admin/stats → 401 (2ms)
[2026-03-10T22:40:22.904Z] GET /api/admin/stats → 401 (2ms)
[2026-03-10T22:41:22.900Z] GET /api/admin/stats → 401 (2ms)
[2026-03-10T22:42:22.903Z] GET /api/admin/stats → 401 (2ms)
[2026-03-10T22:43:22.910Z] GET /api/admin/stats → 401 (2ms)
[2026-03-10T22:44:22.896Z] GET /api/admin/stats → 401 (2ms)
[2026-03-10T22:45:23.101Z] GET /api/admin/stats → 401 (2ms)
[2026-03-10T22:46:22.916Z] GET /api/admin/stats → 401 (2ms)
[2026-03-10T22:47:22.900Z] GET /api/admin/stats → 401 (2ms)
[2026-03-10T22:48:22.899Z] GET /api/admin/stats → 401 (2ms)
[2026-03-10T22:49:22.903Z] GET /api/admin/stats → 401 (2ms)
[2026-03-10T22:50:22.916Z] GET /api/admin/stats → 401 (2ms)
[2026-03-10T22:51:22.964Z] GET /api/admin/stats → 401 (2ms)
[2026-03-10T22:52:22.916Z] GET /api/admin/stats → 401 (2ms)
[2026-03-10T22:53:22.917Z] GET /api/admin/stats → 401 (2ms)
[2026-03-10T22:54:22.904Z] GET /api/admin/stats → 401 (2ms)
[2026-03-10T22:55:22.913Z] GET /api/admin/stats → 401 (2ms)
[2026-03-10T22:56:22.904Z] GET /api/admin/stats → 401 (2ms)
[2026-03-10T22:57:22.936Z] GET /api/admin/stats → 401 (2ms)
[2026-03-10T22:58:22.911Z] GET /api/admin/stats → 401 (3ms)
[2026-03-10T22:59:22.909Z] GET /api/admin/stats → 401 (3ms)
[2026-03-10T23:00:22.915Z] GET /api/admin/stats → 401 (3ms)
[2026-03-10T23:01:22.923Z] GET /api/admin/stats → 401 (2ms)
[2026-03-10T23:02:22.910Z] GET /api/admin/stats → 401 (3ms)
[2026-03-10T23:03:22.946Z] GET /api/admin/stats → 401 (5ms)
[2026-03-10T23:04:22.911Z] GET /api/admin/stats → 401 (3ms)
[2026-03-10T23:05:22.921Z] GET /api/admin/stats → 401 (2ms)
[2026-03-10T23:06:22.959Z] GET /api/admin/stats → 401 (3ms)
[2026-03-10T23:07:22.946Z] GET /api/admin/stats → 401 (2ms)
[2026-03-10T23:08:22.923Z] GET /api/admin/stats → 401 (2ms)
[2026-03-10T23:09:22.952Z] GET /api/admin/stats → 401 (2ms)
[2026-03-10T23:10:22.922Z] GET /api/admin/stats → 401 (2ms)
[2026-03-10T23:11:22.936Z] GET /api/admin/stats → 401 (3ms)
[2026-03-10T23:12:22.956Z] GET /api/admin/stats → 401 (2ms)
[2026-03-10T23:13:22.940Z] GET /api/admin/stats → 401 (3ms)
[2026-03-10T23:14:22.939Z] GET /api/admin/stats → 401 (2ms)
[2026-03-10T23:15:23.037Z] GET /api/admin/stats → 401 (2ms)
[2026-03-10T23:16:22.947Z] GET /api/admin/stats → 401 (2ms)
[2026-03-10T23:17:23.015Z] GET /api/admin/stats → 401 (2ms)
[2026-03-10T23:18:22.961Z] GET /api/admin/stats → 401 (2ms)
[2026-03-10T23:19:22.951Z] GET /api/admin/stats → 401 (2ms)
[2026-03-10T23:20:22.965Z] GET /api/admin/stats → 401 (2ms)
[2026-03-10T23:21:22.989Z] GET /api/admin/stats → 401 (2ms)
[2026-03-10T23:22:22.959Z] GET /api/admin/stats → 401 (3ms)
[2026-03-10T23:23:22.987Z] GET /api/admin/stats → 401 (2ms)
[2026-03-10T23:24:22.976Z] GET /api/admin/stats → 401 (2ms)
[2026-03-10T23:25:22.969Z] GET /api/admin/stats → 401 (2ms)
[2026-03-10T23:26:22.952Z] GET /api/admin/stats → 401 (2ms)
[2026-03-10T23:27:23.023Z] GET /api/admin/stats → 401 (2ms)
[2026-03-10T23:28:23.048Z] GET /api/admin/stats → 401 (3ms)
[2026-03-10T23:29:22.923Z] GET /api/admin/stats → 401 (1ms)
[2026-03-10T23:30:22.945Z] GET /api/admin/stats → 401 (2ms)
[2026-03-10T23:31:22.975Z] GET /api/admin/stats → 401 (2ms)
[2026-03-10T23:32:22.992Z] GET /api/admin/stats → 401 (3ms)
[2026-03-10T23:33:23.055Z] GET /api/admin/stats → 401 (5ms)
[2026-03-10T23:34:22.987Z] GET /api/admin/stats → 401 (3ms)
[2026-03-10T23:35:23.009Z] GET /api/admin/stats → 401 (3ms)
[2026-03-10T23:36:23.024Z] GET /api/admin/stats → 401 (2ms)
[2026-03-10T23:37:22.988Z] GET /api/admin/stats → 401 (2ms)
[2026-03-10T23:38:23.017Z] GET /api/admin/stats → 401 (3ms)
[2026-03-10T23:39:23.131Z] GET /api/admin/stats → 401 (2ms)
[2026-03-10T23:40:23.016Z] GET /api/admin/stats → 401 (3ms)
[2026-03-10T23:41:22.960Z] GET /api/admin/stats → 401 (3ms)
[2026-03-10T23:42:23.014Z] GET /api/admin/stats → 401 (2ms)
[2026-03-10T23:43:23.088Z] GET /api/admin/stats → 401 (2ms)
[2026-03-10T23:44:23.013Z] GET /api/admin/stats → 401 (2ms)
[2026-03-10T23:45:23.107Z] GET /api/admin/stats → 401 (3ms)
[2026-03-10T23:46:22.979Z] GET /api/admin/stats → 401 (2ms)
[2026-03-10T23:47:22.974Z] GET /api/admin/stats → 401 (2ms)
[2026-03-10T23:48:23.026Z] GET /api/admin/stats → 401 (2ms)
[2026-03-10T23:49:23.048Z] GET /api/admin/stats → 401 (1ms)
[2026-03-10T23:50:23.015Z] GET /api/admin/stats → 401 (3ms)
[2026-03-10T23:51:23.070Z] GET /api/admin/stats → 401 (3ms)
[2026-03-10T23:52:22.993Z] GET /api/admin/stats → 401 (3ms)
[2026-03-10T23:53:23.007Z] GET /api/admin/stats → 401 (3ms)
[2026-03-10T23:54:22.979Z] GET /api/admin/stats → 401 (3ms)
[2026-03-10T23:55:22.973Z] GET /api/admin/stats → 401 (2ms)
[2026-03-10T23:56:23.106Z] GET /api/admin/stats → 401 (3ms)
[2026-03-10T23:57:23.212Z] GET /api/admin/stats → 401 (2ms)
[2026-03-10T23:58:22.975Z] GET /api/admin/stats → 401 (2ms)
[2026-03-10T23:59:22.968Z] GET /api/admin/stats → 401 (2ms)
[2026-03-11T00:00:22.994Z] GET /api/admin/stats → 401 (2ms)
[2026-03-11T00:01:23.002Z] GET /api/admin/stats → 401 (2ms)
[2026-03-11T00:02:23.104Z] GET /api/admin/stats → 401 (2ms)
[2026-03-11T00:03:23.053Z] GET /api/admin/stats → 401 (5ms)
[2026-03-11T00:04:22.976Z] GET /api/admin/stats → 401 (2ms)
[2026-03-11T00:05:22.975Z] GET /api/admin/stats → 401 (2ms)
[2026-03-11T00:06:23.092Z] GET /api/admin/stats → 401 (2ms)
[2026-03-11T00:07:22.974Z] GET /api/admin/stats → 401 (2ms)
[2026-03-11T00:08:22.990Z] GET /api/admin/stats → 401 (3ms)
[2026-03-11T00:09:23.009Z] GET /api/admin/stats → 401 (2ms)
[2026-03-11T00:10:22.987Z] GET /api/admin/stats → 401 (3ms)
[2026-03-11T00:11:23.003Z] GET /api/admin/stats → 401 (3ms)
[2026-03-11T00:12:22.986Z] GET /api/admin/stats → 401 (3ms)
[2026-03-11T00:13:22.981Z] GET /api/admin/stats → 401 (2ms)
[2026-03-11T00:14:22.980Z] GET /api/admin/stats → 401 (2ms)
[2026-03-11T00:15:23.008Z] GET /api/admin/stats → 401 (3ms)
[2026-03-11T00:16:22.977Z] GET /api/admin/stats → 401 (3ms)
[2026-03-11T00:17:22.977Z] GET /api/admin/stats → 401 (2ms)
[2026-03-11T00:18:23.028Z] GET /api/admin/stats → 401 (3ms)
[2026-03-11T00:19:22.990Z] GET /api/admin/stats → 401 (2ms)
[2026-03-11T00:20:22.987Z] GET /api/admin/stats → 401 (2ms)
[2026-03-11T00:21:23.042Z] GET /api/admin/stats → 401 (2ms)
[2026-03-11T00:22:23.103Z] GET /api/admin/stats → 401 (2ms)
[2026-03-11T00:23:22.992Z] GET /api/admin/stats → 401 (2ms)
[2026-03-11T00:24:22.981Z] GET /api/admin/stats → 401 (2ms)
[2026-03-11T00:25:22.997Z] GET /api/admin/stats → 401 (3ms)
[2026-03-11T00:26:22.980Z] GET /api/admin/stats → 401 (3ms)
[2026-03-11T00:27:23.040Z] GET /api/admin/stats → 401 (2ms)
[2026-03-11T00:28:23.011Z] GET /api/admin/stats → 401 (3ms)
[2026-03-11T00:29:22.990Z] GET /api/admin/stats → 401 (2ms)
[2026-03-11T00:30:22.995Z] GET /api/admin/stats → 401 (2ms)
[2026-03-11T00:31:23.001Z] GET /api/admin/stats → 401 (2ms)
[2026-03-11T00:32:22.991Z] GET /api/admin/stats → 401 (2ms)
[2026-03-11T00:33:23.049Z] GET /api/admin/stats → 401 (5ms)
[2026-03-11T00:34:23.003Z] GET /api/admin/stats → 401 (2ms)
[2026-03-11T00:35:23.001Z] GET /api/admin/stats → 401 (3ms)
[2026-03-11T00:36:23.008Z] GET /api/admin/stats → 401 (2ms)
[2026-03-11T00:37:23.003Z] GET /api/admin/stats → 401 (2ms)
[2026-03-11T00:38:23.000Z] GET /api/admin/stats → 401 (2ms)
[2026-03-11T00:39:23.174Z] GET /api/admin/stats → 401 (2ms)
[2026-03-11T00:40:23.022Z] GET /api/admin/stats → 401 (2ms)
[2026-03-11T00:41:23.000Z] GET /api/admin/stats → 401 (2ms)
[2026-03-11T00:42:23.000Z] GET /api/admin/stats → 401 (1ms)
[2026-03-11T00:43:23.005Z] GET /api/admin/stats → 401 (2ms)
[2026-03-11T00:44:23.011Z] GET /api/admin/stats → 401 (2ms)
[2026-03-11T00:45:23.197Z] GET /api/admin/stats → 401 (2ms)
[2026-03-11T00:46:23.013Z] GET /api/admin/stats → 401 (2ms)
[2026-03-11T00:47:23.104Z] GET /api/admin/stats → 401 (2ms)
[2026-03-11T00:48:23.006Z] GET /api/admin/stats → 401 (2ms)
[2026-03-11T00:49:23.013Z] GET /api/admin/stats → 401 (2ms)
[2026-03-11T00:50:23.011Z] GET /api/admin/stats → 401 (2ms)
[2026-03-11T00:51:23.066Z] GET /api/admin/stats → 401 (3ms)
[2026-03-11T00:52:23.021Z] GET /api/admin/stats → 401 (3ms)
[2026-03-11T00:53:23.023Z] GET /api/admin/stats → 401 (2ms)
[2026-03-11T00:54:23.014Z] GET /api/admin/stats → 401 (2ms)
[2026-03-11T00:55:23.027Z] GET /api/admin/stats → 401 (2ms)
[2026-03-11T00:56:23.028Z] GET /api/admin/stats → 401 (2ms)
[2026-03-11T00:57:23.061Z] GET /api/admin/stats → 401 (2ms)
[2026-03-11T00:58:23.018Z] GET /api/admin/stats → 401 (3ms)
[2026-03-11T00:59:23.112Z] GET /api/admin/stats → 401 (2ms)
[2026-03-11T01:00:23.027Z] GET /api/admin/stats → 401 (2ms)
[2026-03-11T01:01:23.021Z] GET /api/admin/stats → 401 (2ms)
[2026-03-11T01:02:23.032Z] GET /api/admin/stats → 401 (2ms)
[2026-03-11T01:03:23.115Z] GET /api/admin/stats → 401 (5ms)
[2026-03-11T01:04:23.021Z] GET /api/admin/stats → 401 (2ms)
[2026-03-11T01:05:23.051Z] GET /api/admin/stats → 401 (2ms)
[2026-03-11T01:06:23.034Z] GET /api/admin/stats → 401 (2ms)
[2026-03-11T01:07:23.102Z] GET /api/admin/stats → 401 (3ms)
[2026-03-11T01:08:23.019Z] GET /api/admin/stats → 401 (2ms)
[2026-03-11T01:09:23.261Z] GET /api/admin/stats → 401 (2ms)
[2026-03-11T01:10:23.036Z] GET /api/admin/stats → 401 (3ms)
[2026-03-11T01:11:23.023Z] GET /api/admin/stats → 401 (3ms)
[2026-03-11T01:12:23.022Z] GET /api/admin/stats → 401 (2ms)
[2026-03-11T01:13:23.035Z] GET /api/admin/stats → 401 (3ms)
[2026-03-11T01:14:23.050Z] GET /api/admin/stats → 401 (3ms)
[2026-03-11T01:15:23.081Z] GET /api/admin/stats → 401 (3ms)
[2026-03-11T01:16:23.259Z] GET /api/admin/stats → 401 (2ms)
[2026-03-11T01:17:23.066Z] GET /api/admin/stats → 401 (2ms)
[2026-03-11T01:18:23.034Z] GET /api/admin/stats → 401 (3ms)
[2026-03-11T01:19:23.072Z] GET /api/admin/stats → 401 (2ms)
[2026-03-11T01:20:23.045Z] GET /api/admin/stats → 401 (2ms)
[2026-03-11T01:21:23.151Z] GET /api/admin/stats → 401 (2ms)
[2026-03-11T01:22:23.047Z] GET /api/admin/stats → 401 (2ms)
[2026-03-11T01:23:23.060Z] GET /api/admin/stats → 401 (2ms)
[2026-03-11T01:24:23.031Z] GET /api/admin/stats → 401 (3ms)
[2026-03-11T01:25:23.095Z] GET /api/admin/stats → 401 (5ms)
[2026-03-11T01:26:23.064Z] GET /api/admin/stats → 401 (2ms)
[2026-03-11T01:27:23.304Z] GET /api/admin/stats → 401 (2ms)
[2026-03-11T01:28:23.085Z] GET /api/admin/stats → 401 (2ms)
[2026-03-11T01:29:23.056Z] GET /api/admin/stats → 401 (2ms)
[2026-03-11T01:30:23.053Z] GET /api/admin/stats → 401 (2ms)
[2026-03-11T01:31:23.063Z] GET /api/admin/stats → 401 (2ms)
[2026-03-11T01:32:23.097Z] GET /api/admin/stats → 401 (3ms)
[2026-03-11T01:33:23.098Z] GET /api/admin/stats → 401 (5ms)
[2026-03-11T01:34:23.057Z] GET /api/admin/stats → 401 (2ms)
[2026-03-11T01:35:23.045Z] GET /api/admin/stats → 401 (3ms)
[2026-03-11T01:36:23.061Z] GET /api/admin/stats → 401 (2ms)
[2026-03-11T01:37:23.109Z] GET /api/admin/stats → 401 (2ms)
[2026-03-11T01:38:23.058Z] GET /api/admin/stats → 401 (3ms)
[2026-03-11T01:39:23.117Z] GET /api/admin/stats → 401 (2ms)
[2026-03-11T01:40:23.066Z] GET /api/admin/stats → 401 (3ms)
[2026-03-11T01:41:23.065Z] GET /api/admin/stats → 401 (2ms)
[2026-03-11T01:42:23.147Z] GET /api/admin/stats → 401 (2ms)
[2026-03-11T01:43:23.061Z] GET /api/admin/stats → 401 (2ms)
[2026-03-11T01:44:23.065Z] GET /api/admin/stats → 401 (3ms)
[2026-03-11T01:45:23.093Z] GET /api/admin/stats → 401 (3ms)
[2026-03-11T01:46:23.052Z] GET /api/admin/stats → 401 (3ms)
[2026-03-11T01:47:23.075Z] GET /api/admin/stats → 401 (3ms)
[2026-03-11T01:48:23.065Z] GET /api/admin/stats → 401 (3ms)
[2026-03-11T01:49:23.142Z] GET /api/admin/stats → 401 (2ms)
[2026-03-11T01:50:23.093Z] GET /api/admin/stats → 401 (2ms)
[2026-03-11T01:51:23.100Z] GET /api/admin/stats → 401 (3ms)
[2026-03-11T01:52:23.087Z] GET /api/admin/stats → 401 (3ms)
[2026-03-11T01:53:23.066Z] GET /api/admin/stats → 401 (3ms)
[2026-03-11T01:54:23.071Z] GET /api/admin/stats → 401 (3ms)
[2026-03-11T01:55:23.087Z] GET /api/admin/stats → 401 (2ms)
[2026-03-11T01:56:23.082Z] GET /api/admin/stats → 401 (2ms)
[2026-03-11T01:57:23.131Z] GET /api/admin/stats → 401 (2ms)
[2026-03-11T01:58:23.097Z] GET /api/admin/stats → 401 (2ms)
[2026-03-11T01:59:23.098Z] GET /api/admin/stats → 401 (3ms)
[2026-03-11T02:00:23.071Z] GET /api/admin/stats → 401 (2ms)
[2026-03-11T02:01:23.074Z] GET /api/admin/stats → 401 (2ms)
[2026-03-11T02:02:23.082Z] GET /api/admin/stats → 401 (3ms)
[2026-03-11T02:03:23.262Z] GET /api/admin/stats → 401 (6ms)
[2026-03-11T02:04:23.085Z] GET /api/admin/stats → 401 (3ms)
[2026-03-11T02:05:23.098Z] GET /api/admin/stats → 401 (2ms)
[2026-03-11T02:06:23.105Z] GET /api/admin/stats → 401 (3ms)
[2026-03-11T02:07:23.078Z] GET /api/admin/stats → 401 (2ms)
[2026-03-11T02:08:23.098Z] GET /api/admin/stats → 401 (3ms)
[2026-03-11T02:09:23.290Z] GET /api/admin/stats → 401 (2ms)
[2026-03-11T02:10:23.088Z] GET /api/admin/stats → 401 (2ms)
[2026-03-11T02:11:23.094Z] GET /api/admin/stats → 401 (2ms)
[2026-03-11T02:12:23.082Z] GET /api/admin/stats → 401 (3ms)
[2026-03-11T02:13:23.085Z] GET /api/admin/stats → 401 (2ms)
[2026-03-11T02:14:23.080Z] GET /api/admin/stats → 401 (2ms)
[2026-03-11T02:15:23.140Z] GET /api/admin/stats → 401 (2ms)
[2026-03-11T02:16:23.079Z] GET /api/admin/stats → 401 (2ms)
[2026-03-11T02:17:23.099Z] GET /api/admin/stats → 401 (3ms)
[2026-03-11T02:18:23.099Z] GET /api/admin/stats → 401 (3ms)
[2026-03-11T02:19:23.083Z] GET /api/admin/stats → 401 (2ms)
[2026-03-11T02:20:23.099Z] GET /api/admin/stats → 401 (2ms)
[2026-03-11T02:21:23.130Z] GET /api/admin/stats → 401 (3ms)
[2026-03-11T02:22:23.091Z] GET /api/admin/stats → 401 (2ms)
[2026-03-11T02:23:23.091Z] GET /api/admin/stats → 401 (2ms)
[2026-03-11T02:24:23.104Z] GET /api/admin/stats → 401 (2ms)
[2026-03-11T02:25:23.089Z] GET /api/admin/stats → 401 (2ms)
[2026-03-11T02:26:23.105Z] GET /api/admin/stats → 401 (2ms)
[2026-03-11T02:27:23.282Z] GET /api/admin/stats → 401 (2ms)
[2026-03-11T02:28:23.097Z] GET /api/admin/stats → 401 (2ms)
[2026-03-11T02:29:23.092Z] GET /api/admin/stats → 401 (2ms)
[2026-03-11T02:30:23.105Z] GET /api/admin/stats → 401 (2ms)
[2026-03-11T02:31:23.096Z] GET /api/admin/stats → 401 (2ms)
[2026-03-11T02:32:23.096Z] GET /api/admin/stats → 401 (2ms)
[2026-03-11T02:33:23.263Z] GET /api/admin/stats → 401 (5ms)
[2026-03-11T02:34:23.107Z] GET /api/admin/stats → 401 (3ms)
[2026-03-11T02:35:23.254Z] GET /api/admin/stats → 401 (2ms)
[2026-03-11T02:36:23.094Z] GET /api/admin/stats → 401 (2ms)
[2026-03-11T02:37:23.112Z] GET /api/admin/stats → 401 (3ms)
[2026-03-11T02:38:23.104Z] GET /api/admin/stats → 401 (3ms)
[2026-03-11T02:39:23.149Z] GET /api/admin/stats → 401 (3ms)
[2026-03-11T02:40:23.105Z] GET /api/admin/stats → 401 (2ms)
[2026-03-11T02:41:23.110Z] GET /api/admin/stats → 401 (2ms)
[2026-03-11T02:42:23.111Z] GET /api/admin/stats → 401 (3ms)
[2026-03-11T02:43:23.109Z] GET /api/admin/stats → 401 (3ms)
[2026-03-11T02:44:23.121Z] GET /api/admin/stats → 401 (3ms)
[2026-03-11T02:45:23.174Z] GET /api/admin/stats → 401 (2ms)
[2026-03-11T02:46:23.112Z] GET /api/admin/stats → 401 (2ms)
[2026-03-11T02:47:23.122Z] GET /api/admin/stats → 401 (2ms)
[2026-03-11T02:48:23.135Z] GET /api/admin/stats → 401 (2ms)
[2026-03-11T02:49:23.105Z] GET /api/admin/stats → 401 (2ms)
[2026-03-11T02:50:23.111Z] GET /api/admin/stats → 401 (2ms)
[2026-03-11T02:51:23.155Z] GET /api/admin/stats → 401 (2ms)
[2026-03-11T02:52:23.113Z] GET /api/admin/stats → 401 (3ms)
[2026-03-11T02:53:23.122Z] GET /api/admin/stats → 401 (3ms)
[2026-03-11T02:54:23.120Z] GET /api/admin/stats → 401 (3ms)
[2026-03-11T02:55:23.261Z] GET /api/admin/stats → 401 (3ms)
[2026-03-11T02:56:23.129Z] GET /api/admin/stats → 401 (3ms)
[2026-03-11T02:57:23.311Z] GET /api/admin/stats → 401 (2ms)
[2026-03-11T02:58:23.148Z] GET /api/admin/stats → 401 (2ms)
[2026-03-11T02:59:23.124Z] GET /api/admin/stats → 401 (2ms)
[2026-03-11T03:00:23.136Z] GET /api/admin/stats → 401 (2ms)
[2026-03-11T03:01:23.134Z] GET /api/admin/stats → 401 (3ms)
[2026-03-11T03:02:23.129Z] GET /api/admin/stats → 401 (3ms)
[2026-03-11T03:03:23.265Z] GET /api/admin/stats → 401 (5ms)
[2026-03-11T03:04:23.128Z] GET /api/admin/stats → 401 (2ms)
[2026-03-11T03:05:23.125Z] GET /api/admin/stats → 401 (2ms)
[2026-03-11T03:06:23.130Z] GET /api/admin/stats → 401 (2ms)
[2026-03-11T03:07:23.132Z] GET /api/admin/stats → 401 (2ms)
[2026-03-11T03:08:23.133Z] GET /api/admin/stats → 401 (3ms)
[2026-03-11T03:09:23.333Z] GET /api/admin/stats → 401 (2ms)
[2026-03-11T03:10:23.132Z] GET /api/admin/stats → 401 (2ms)
[2026-03-11T03:11:23.144Z] GET /api/admin/stats → 401 (2ms)
[2026-03-11T03:12:23.162Z] GET /api/admin/stats → 401 (3ms)
[2026-03-11T03:13:23.140Z] GET /api/admin/stats → 401 (2ms)
[2026-03-11T03:14:23.143Z] GET /api/admin/stats → 401 (2ms)
[2026-03-11T03:15:23.197Z] GET /api/admin/stats → 401 (3ms)
[2026-03-11T03:16:23.133Z] GET /api/admin/stats → 401 (2ms)
[2026-03-11T03:17:23.140Z] GET /api/admin/stats → 401 (2ms)
[2026-03-11T03:18:23.148Z] GET /api/admin/stats → 401 (2ms)
[2026-03-11T03:19:23.261Z] GET /api/admin/stats → 401 (2ms)
[2026-03-11T03:20:23.138Z] GET /api/admin/stats → 401 (2ms)
[2026-03-11T03:21:23.184Z] GET /api/admin/stats → 401 (2ms)
[2026-03-11T03:22:23.137Z] GET /api/admin/stats → 401 (2ms)
[2026-03-11T03:23:23.146Z] GET /api/admin/stats → 401 (2ms)
[2026-03-11T03:24:23.144Z] GET /api/admin/stats → 401 (2ms)
[2026-03-11T03:25:23.146Z] GET /api/admin/stats → 401 (2ms)
[2026-03-11T03:26:23.163Z] GET /api/admin/stats → 401 (2ms)
[2026-03-11T03:27:23.191Z] GET /api/admin/stats → 401 (2ms)
[2026-03-11T03:28:23.168Z] GET /api/admin/stats → 401 (2ms)
[2026-03-11T03:29:23.164Z] GET /api/admin/stats → 401 (2ms)
[2026-03-11T03:30:23.156Z] GET /api/admin/stats → 401 (2ms)
[2026-03-11T03:31:23.150Z] GET /api/admin/stats → 401 (2ms)
[2026-03-11T03:32:23.156Z] GET /api/admin/stats → 401 (2ms)
[2026-03-11T03:33:23.195Z] GET /api/admin/stats → 401 (5ms)
[2026-03-11T03:34:23.159Z] GET /api/admin/stats → 401 (2ms)
[2026-03-11T03:35:23.261Z] GET /api/admin/stats → 401 (2ms)
[2026-03-11T03:36:23.154Z] GET /api/admin/stats → 401 (2ms)
[2026-03-11T03:37:23.171Z] GET /api/admin/stats → 401 (2ms)
[2026-03-11T03:38:23.165Z] GET /api/admin/stats → 401 (2ms)
[2026-03-11T03:39:23.201Z] GET /api/admin/stats → 401 (2ms)
[2026-03-11T03:40:23.157Z] GET /api/admin/stats → 401 (2ms)
[2026-03-11T03:41:23.154Z] GET /api/admin/stats → 401 (2ms)
[2026-03-11T03:42:23.154Z] GET /api/admin/stats → 401 (2ms)
[2026-03-11T03:43:23.177Z] GET /api/admin/stats → 401 (2ms)
[2026-03-11T03:44:23.169Z] GET /api/admin/stats → 401 (3ms)
[2026-03-11T03:45:23.220Z] GET /api/admin/stats → 401 (2ms)
[2026-03-11T03:46:23.168Z] GET /api/admin/stats → 401 (2ms)
[2026-03-11T03:47:23.174Z] GET /api/admin/stats → 401 (1ms)
[2026-03-11T03:48:23.169Z] GET /api/admin/stats → 401 (3ms)
[2026-03-11T03:49:23.167Z] GET /api/admin/stats → 401 (2ms)
[2026-03-11T03:50:23.175Z] GET /api/admin/stats → 401 (2ms)
[2026-03-11T03:51:23.216Z] GET /api/admin/stats → 401 (2ms)
[2026-03-11T03:52:23.177Z] GET /api/admin/stats → 401 (1ms)
[2026-03-11T03:53:23.181Z] GET /api/admin/stats → 401 (2ms)
[2026-03-11T03:54:23.181Z] GET /api/admin/stats → 401 (3ms)
[2026-03-11T03:55:23.182Z] GET /api/admin/stats → 401 (3ms)
[2026-03-11T03:56:23.182Z] GET /api/admin/stats → 401 (2ms)
[2026-03-11T03:57:23.210Z] GET /api/admin/stats → 401 (2ms)
[2026-03-11T03:58:23.177Z] GET /api/admin/stats → 401 (2ms)
[2026-03-11T03:59:23.420Z] GET /api/admin/stats → 401 (3ms)
[2026-03-11T04:00:23.259Z] GET /api/admin/stats → 401 (2ms)
[2026-03-11T04:01:23.178Z] GET /api/admin/stats → 401 (2ms)
[2026-03-11T04:02:23.188Z] GET /api/admin/stats → 401 (2ms)
[2026-03-11T04:03:23.213Z] GET /api/admin/stats → 401 (4ms)
[2026-03-11T04:04:23.179Z] GET /api/admin/stats → 401 (3ms)
[2026-03-11T04:05:23.186Z] GET /api/admin/stats → 401 (2ms)
[2026-03-11T04:06:23.195Z] GET /api/admin/stats → 401 (2ms)
[2026-03-11T04:07:23.259Z] GET /api/admin/stats → 401 (2ms)
[2026-03-11T04:08:23.185Z] GET /api/admin/stats → 401 (2ms)
[2026-03-11T04:09:23.221Z] GET /api/admin/stats → 401 (3ms)
[2026-03-11T04:10:23.181Z] GET /api/admin/stats → 401 (3ms)
[2026-03-11T04:11:23.214Z] GET /api/admin/stats → 401 (2ms)
[2026-03-11T04:12:23.196Z] GET /api/admin/stats → 401 (2ms)
[2026-03-11T04:13:23.180Z] GET /api/admin/stats → 401 (2ms)
[2026-03-11T04:14:23.191Z] GET /api/admin/stats → 401 (1ms)
[2026-03-11T04:15:23.262Z] GET /api/admin/stats → 401 (2ms)
[2026-03-11T04:16:23.186Z] GET /api/admin/stats → 401 (2ms)
[2026-03-11T04:17:23.194Z] GET /api/admin/stats → 401 (2ms)
[2026-03-11T04:18:23.185Z] GET /api/admin/stats → 401 (2ms)
[2026-03-11T04:19:23.194Z] GET /api/admin/stats → 401 (2ms)
[2026-03-11T04:20:23.210Z] GET /api/admin/stats → 401 (2ms)
[2026-03-11T04:21:23.235Z] GET /api/admin/stats → 401 (2ms)
[2026-03-11T04:22:23.192Z] GET /api/admin/stats → 401 (1ms)
[2026-03-11T04:23:23.192Z] GET /api/admin/stats → 401 (2ms)
[2026-03-11T04:24:23.203Z] GET /api/admin/stats → 401 (2ms)
[2026-03-11T04:25:23.197Z] GET /api/admin/stats → 401 (2ms)
[2026-03-11T04:26:23.203Z] GET /api/admin/stats → 401 (2ms)
[2026-03-11T04:27:23.226Z] GET /api/admin/stats → 401 (2ms)
[2026-03-11T04:28:23.185Z] GET /api/admin/stats → 401 (2ms)
[2026-03-11T04:29:23.210Z] GET /api/admin/stats → 401 (3ms)
[2026-03-11T04:30:23.204Z] GET /api/admin/stats → 401 (2ms)
[2026-03-11T04:31:23.201Z] GET /api/admin/stats → 401 (3ms)
[2026-03-11T04:32:23.199Z] GET /api/admin/stats → 401 (2ms)
[2026-03-11T04:33:23.277Z] GET /api/admin/stats → 401 (5ms)
[2026-03-11T04:34:23.208Z] GET /api/admin/stats → 401 (2ms)
[2026-03-11T04:35:23.204Z] GET /api/admin/stats → 401 (2ms)
[2026-03-11T04:36:23.204Z] GET /api/admin/stats → 401 (2ms)
[2026-03-11T04:37:23.212Z] GET /api/admin/stats → 401 (2ms)
[2026-03-11T04:38:23.198Z] GET /api/admin/stats → 401 (2ms)
[2026-03-11T04:39:23.295Z] GET /api/admin/stats → 401 (3ms)
[2026-03-11T04:40:23.224Z] GET /api/admin/stats → 401 (2ms)
[2026-03-11T04:41:23.233Z] GET /api/admin/stats → 401 (2ms)
[2026-03-11T04:42:23.214Z] GET /api/admin/stats → 401 (3ms)
[2026-03-11T04:43:23.220Z] GET /api/admin/stats → 401 (2ms)
[2026-03-11T04:44:23.207Z] GET /api/admin/stats → 401 (3ms)
[2026-03-11T04:45:23.251Z] GET /api/admin/stats → 401 (3ms)
[2026-03-11T04:46:23.227Z] GET /api/admin/stats → 401 (3ms)
[2026-03-11T04:47:23.217Z] GET /api/admin/stats → 401 (3ms)
[2026-03-11T04:48:23.218Z] GET /api/admin/stats → 401 (3ms)
[2026-03-11T04:49:23.256Z] GET /api/admin/stats → 401 (2ms)
[2026-03-11T04:50:23.226Z] GET /api/admin/stats → 401 (2ms)
[2026-03-11T04:51:23.278Z] GET /api/admin/stats → 401 (3ms)
[2026-03-11T04:52:23.256Z] GET /api/admin/stats → 401 (2ms)
[2026-03-11T04:53:23.219Z] GET /api/admin/stats → 401 (3ms)
[2026-03-11T04:54:23.235Z] GET /api/admin/stats → 401 (2ms)
[2026-03-11T04:55:23.217Z] GET /api/admin/stats → 401 (2ms)
[2026-03-11T04:56:23.221Z] GET /api/admin/stats → 401 (2ms)
[2026-03-11T04:57:23.277Z] GET /api/admin/stats → 401 (2ms)
[2026-03-11T04:58:23.256Z] GET /api/admin/stats → 401 (2ms)
[2026-03-11T04:59:23.251Z] GET /api/admin/stats → 401 (2ms)
[2026-03-11T05:00:23.232Z] GET /api/admin/stats → 401 (2ms)
[2026-03-11T05:01:23.256Z] GET /api/admin/stats → 401 (2ms)
[2026-03-11T05:02:23.225Z] GET /api/admin/stats → 401 (2ms)
[2026-03-11T05:03:23.412Z] GET /api/admin/stats → 401 (5ms)
[2026-03-11T05:04:23.258Z] GET /api/admin/stats → 401 (3ms)
[2026-03-11T05:05:23.228Z] GET /api/admin/stats → 401 (1ms)
[2026-03-11T05:06:23.232Z] GET /api/admin/stats → 401 (2ms)
[2026-03-11T05:07:23.223Z] GET /api/admin/stats → 401 (2ms)
[2026-03-11T05:08:23.230Z] GET /api/admin/stats → 401 (2ms)
[2026-03-11T05:09:23.437Z] GET /api/admin/stats → 401 (2ms)
[2026-03-11T05:10:23.246Z] GET /api/admin/stats → 401 (2ms)
[2026-03-11T05:11:23.251Z] GET /api/admin/stats → 401 (2ms)
[2026-03-11T05:12:23.240Z] GET /api/admin/stats → 401 (3ms)
[2026-03-11T05:13:23.240Z] GET /api/admin/stats → 401 (2ms)
[2026-03-11T05:14:23.262Z] GET /api/admin/stats → 401 (3ms)
[2026-03-11T05:15:23.281Z] GET /api/admin/stats → 401 (3ms)
[2026-03-11T05:16:23.240Z] GET /api/admin/stats → 401 (2ms)
[2026-03-11T05:17:23.258Z] GET /api/admin/stats → 401 (2ms)
[2026-03-11T05:18:23.248Z] GET /api/admin/stats → 401 (2ms)
[2026-03-11T05:19:23.246Z] GET /api/admin/stats → 401 (3ms)
[2026-03-11T05:20:23.273Z] GET /api/admin/stats → 401 (2ms)
[2026-03-11T05:21:23.431Z] GET /api/admin/stats → 401 (1ms)
[2026-03-11T05:22:23.259Z] GET /api/admin/stats → 401 (2ms)
[2026-03-11T05:23:23.253Z] GET /api/admin/stats → 401 (2ms)
[2026-03-11T05:24:23.258Z] GET /api/admin/stats → 401 (2ms)
[2026-03-11T05:25:23.261Z] GET /api/admin/stats → 401 (2ms)
[2026-03-11T05:26:23.256Z] GET /api/admin/stats → 401 (2ms)
[2026-03-11T05:27:23.299Z] GET /api/admin/stats → 401 (1ms)
[2026-03-11T05:28:23.250Z] GET /api/admin/stats → 401 (2ms)
[2026-03-11T05:29:23.271Z] GET /api/admin/stats → 401 (2ms)
[2026-03-11T05:30:23.274Z] GET /api/admin/stats → 401 (2ms)
[2026-03-11T05:31:23.271Z] GET /api/admin/stats → 401 (2ms)
[2026-03-11T05:32:23.262Z] GET /api/admin/stats → 401 (2ms)
[2026-03-11T05:33:23.354Z] GET /api/admin/stats → 401 (4ms)
[2026-03-11T05:34:23.272Z] GET /api/admin/stats → 401 (3ms)
[2026-03-11T05:35:23.256Z] GET /api/admin/stats → 401 (3ms)
[2026-03-11T05:36:23.253Z] GET /api/admin/stats → 401 (2ms)
[2026-03-11T05:37:23.273Z] GET /api/admin/stats → 401 (3ms)
[2026-03-11T05:38:23.261Z] GET /api/admin/stats → 401 (3ms)
[2026-03-11T05:39:23.294Z] GET /api/admin/stats → 401 (2ms)
[2026-03-11T05:40:23.274Z] GET /api/admin/stats → 401 (3ms)
[2026-03-11T05:41:23.274Z] GET /api/admin/stats → 401 (2ms)
[2026-03-11T05:42:23.276Z] GET /api/admin/stats → 401 (2ms)
[2026-03-11T05:43:23.274Z] GET /api/admin/stats → 401 (2ms)
[2026-03-11T05:44:23.278Z] GET /api/admin/stats → 401 (1ms)
[2026-03-11T05:45:23.449Z] GET /api/admin/stats → 401 (3ms)
[2026-03-11T05:46:23.281Z] GET /api/admin/stats → 401 (2ms)
[2026-03-11T05:47:23.277Z] GET /api/admin/stats → 401 (2ms)
[2026-03-11T05:48:23.282Z] GET /api/admin/stats → 401 (2ms)
[2026-03-11T05:49:23.277Z] GET /api/admin/stats → 401 (2ms)
[2026-03-11T05:50:23.278Z] GET /api/admin/stats → 401 (2ms)
[2026-03-11T05:51:23.329Z] GET /api/admin/stats → 401 (2ms)
[2026-03-11T05:52:23.285Z] GET /api/admin/stats → 401 (2ms)
[2026-03-11T05:53:23.281Z] GET /api/admin/stats → 401 (2ms)
[2026-03-11T05:54:23.287Z] GET /api/admin/stats → 401 (2ms)
[2026-03-11T05:55:23.282Z] GET /api/admin/stats → 401 (2ms)
[2026-03-11T05:56:23.425Z] GET /api/admin/stats → 401 (3ms)
[2026-03-11T05:57:23.325Z] GET /api/admin/stats → 401 (2ms)
[2026-03-11T05:58:23.292Z] GET /api/admin/stats → 401 (2ms)
[2026-03-11T05:59:23.290Z] GET /api/admin/stats → 401 (2ms)
[2026-03-11T06:00:23.289Z] GET /api/admin/stats → 401 (2ms)
[2026-03-11T06:01:23.290Z] GET /api/admin/stats → 401 (2ms)
[2026-03-11T06:02:23.310Z] GET /api/admin/stats → 401 (2ms)
[2026-03-11T06:03:23.330Z] GET /api/admin/stats → 401 (5ms)
[2026-03-11T06:04:23.394Z] GET /api/admin/stats → 401 (3ms)
[2026-03-11T06:05:23.306Z] GET /api/admin/stats → 401 (2ms)
[2026-03-11T06:06:23.426Z] GET /api/admin/stats → 401 (3ms)
[2026-03-11T06:07:23.425Z] GET /api/admin/stats → 401 (2ms)
[2026-03-11T06:08:23.426Z] GET /api/admin/stats → 401 (2ms)
[2026-03-11T06:09:23.424Z] GET /api/admin/stats → 401 (2ms)
[2026-03-11T06:10:23.312Z] GET /api/admin/stats → 401 (2ms)
[2026-03-11T06:11:23.426Z] GET /api/admin/stats → 401 (2ms)
[2026-03-11T06:12:23.319Z] GET /api/admin/stats → 401 (3ms)
[2026-03-11T06:13:23.301Z] GET /api/admin/stats → 401 (2ms)
[2026-03-11T06:14:23.308Z] GET /api/admin/stats → 401 (2ms)
[2026-03-11T06:14:54.017Z] GET /api/user → 404 (2ms)
[2026-03-11T06:15:06.566Z] GET /api/.env → 404 (1ms)
[2026-03-11T06:15:14.020Z] GET /api/v1/* → 404 (2ms)
[2026-03-11T06:15:14.087Z] GET /api/v1/workflows → 404 (1ms)
[2026-03-11T06:15:14.148Z] GET /api/v1/executions → 404 (1ms)
[2026-03-11T06:15:14.210Z] GET /api/v1/credentials → 404 (1ms)
[2026-03-11T06:15:19.485Z] GET /api/* → 404 (2ms)
[2026-03-11T06:15:19.544Z] GET /api/auth/* → 404 (1ms)
[2026-03-11T06:15:19.597Z] GET /api/users/* → 404 (2ms)
[2026-03-11T06:15:19.649Z] GET /api/data/* → 404 (1ms)
[2026-03-11T06:15:19.697Z] GET /api/webhook/* → 404 (2ms)
[2026-03-11T06:15:23.362Z] GET /api/admin/stats → 401 (2ms)
[2026-03-11T06:15:31.994Z] GET /api/serverless/* → 404 (1ms)
[2026-03-11T06:15:36.118Z] GET /api/login → 404 (2ms)
[2026-03-11T06:15:36.236Z] GET /api/credentials → 404 (1ms)
[2026-03-11T06:15:45.469Z] GET /api/common.js → 404 (1ms)
[2026-03-11T06:15:45.523Z] GET /api/config.js → 404 (1ms)
[2026-03-11T06:15:45.611Z] GET /api/config/common.js → 404 (1ms)
[2026-03-11T06:15:45.686Z] GET /api/config/constants.js → 404 (1ms)
[2026-03-11T06:15:45.771Z] GET /api/constant.js → 404 (1ms)
[2026-03-11T06:15:45.946Z] GET /api/constants.js → 404 (1ms)
[2026-03-11T06:15:46.038Z] GET /api/env.js → 404 (1ms)
[2026-03-11T06:15:46.095Z] GET /api/info.php → 404 (1ms)
[2026-03-11T06:15:46.175Z] GET /api/node/common.js → 404 (1ms)
[2026-03-11T06:15:46.237Z] GET /api/node/config.js → 404 (1ms)
[2026-03-11T06:15:46.314Z] GET /api/node/constant.js → 404 (1ms)
[2026-03-11T06:15:46.413Z] GET /api/node/constants.js → 404 (1ms)
[2026-03-11T06:15:46.460Z] GET /api/phpinfo.php → 404 (1ms)
[2026-03-11T06:15:46.535Z] GET /api/server.js → 404 (1ms)
[2026-03-11T06:15:46.596Z] GET /api/settings.py → 404 (1ms)
[2026-03-11T06:16:23.297Z] GET /api/admin/stats → 401 (2ms)
[2026-03-11T06:17:23.309Z] GET /api/admin/stats → 401 (2ms)
[2026-03-11T06:18:23.314Z] GET /api/admin/stats → 401 (2ms)
[2026-03-11T06:19:23.317Z] GET /api/admin/stats → 401 (2ms)
[2026-03-11T06:20:23.310Z] GET /api/admin/stats → 401 (2ms)
[2026-03-11T06:21:23.357Z] GET /api/admin/stats → 401 (3ms)
[2026-03-11T06:22:23.320Z] GET /api/admin/stats → 401 (2ms)
[2026-03-11T06:23:23.312Z] GET /api/admin/stats → 401 (2ms)
[2026-03-11T06:24:23.319Z] GET /api/admin/stats → 401 (2ms)
[2026-03-11T06:25:23.362Z] GET /api/admin/stats → 401 (2ms)
[2026-03-11T06:26:23.321Z] GET /api/admin/stats → 401 (2ms)
[2026-03-11T06:27:23.421Z] GET /api/admin/stats → 401 (3ms)
[2026-03-11T06:28:23.434Z] GET /api/admin/stats → 401 (2ms)
[2026-03-11T06:29:23.326Z] GET /api/admin/stats → 401 (2ms)
[2026-03-11T06:30:23.320Z] GET /api/admin/stats → 401 (2ms)
[2026-03-11T06:31:23.320Z] GET /api/admin/stats → 401 (2ms)
[2026-03-11T06:32:23.366Z] GET /api/admin/stats → 401 (3ms)
[2026-03-11T06:33:23.514Z] GET /api/admin/stats → 401 (4ms)
[2026-03-11T06:34:23.323Z] GET /api/admin/stats → 401 (3ms)
[2026-03-11T06:35:23.328Z] GET /api/admin/stats → 401 (2ms)
[2026-03-11T06:36:23.333Z] GET /api/admin/stats → 401 (2ms)
[2026-03-11T06:37:23.326Z] GET /api/admin/stats → 401 (2ms)
[2026-03-11T06:38:23.322Z] GET /api/admin/stats → 401 (2ms)
[2026-03-11T06:39:23.373Z] GET /api/admin/stats → 401 (3ms)
[2026-03-11T06:40:23.328Z] GET /api/admin/stats → 401 (2ms)
[2026-03-11T06:41:23.326Z] GET /api/admin/stats → 401 (2ms)
[2026-03-11T06:42:23.335Z] GET /api/admin/stats → 401 (2ms)
[2026-03-11T06:43:23.332Z] GET /api/admin/stats → 401 (2ms)
[2026-03-11T06:44:23.332Z] GET /api/admin/stats → 401 (2ms)
[2026-03-11T06:45:23.426Z] GET /api/admin/stats → 401 (2ms)
[2026-03-11T06:46:23.341Z] GET /api/admin/stats → 401 (2ms)
[2026-03-11T06:47:23.328Z] GET /api/admin/stats → 401 (3ms)
[2026-03-11T06:48:23.320Z] GET /api/admin/stats → 401 (2ms)
[2026-03-11T06:49:23.336Z] GET /api/admin/stats → 401 (2ms)
[2026-03-11T06:50:23.422Z] GET /api/admin/stats → 401 (2ms)
[2026-03-11T06:51:23.389Z] GET /api/admin/stats → 401 (2ms)
[2026-03-11T06:52:23.329Z] GET /api/admin/stats → 401 (2ms)
[2026-03-11T06:53:23.348Z] GET /api/admin/stats → 401 (2ms)
[2026-03-11T06:54:23.334Z] GET /api/admin/stats → 401 (2ms)
[2026-03-11T06:55:23.342Z] GET /api/admin/stats → 401 (2ms)
[2026-03-11T06:56:23.341Z] GET /api/admin/stats → 401 (3ms)
[2026-03-11T06:57:23.368Z] GET /api/admin/stats → 401 (2ms)
[2026-03-11T06:58:23.341Z] GET /api/admin/stats → 401 (2ms)
[2026-03-11T06:59:23.341Z] GET /api/admin/stats → 401 (3ms)
[2026-03-11T07:00:23.339Z] GET /api/admin/stats → 401 (2ms)
[2026-03-11T07:01:23.339Z] GET /api/admin/stats → 401 (2ms)
[2026-03-11T07:02:23.417Z] GET /api/admin/stats → 401 (2ms)
[2026-03-11T07:03:23.377Z] GET /api/admin/stats → 401 (6ms)
[2026-03-11T07:04:23.330Z] GET /api/admin/stats → 401 (3ms)
[2026-03-11T07:05:23.334Z] GET /api/admin/stats → 401 (2ms)
[2026-03-11T07:06:23.358Z] GET /api/admin/stats → 401 (2ms)
[2026-03-11T07:07:23.367Z] GET /api/admin/stats → 401 (2ms)
[2026-03-11T07:08:23.416Z] GET /api/admin/stats → 401 (2ms)
[2026-03-11T07:09:23.386Z] GET /api/admin/stats → 401 (2ms)
[2026-03-11T07:10:23.350Z] GET /api/admin/stats → 401 (2ms)
[2026-03-11T07:11:23.337Z] GET /api/admin/stats → 401 (2ms)
[2026-03-11T07:12:23.370Z] GET /api/admin/stats → 401 (2ms)
[2026-03-11T07:13:23.367Z] GET /api/admin/stats → 401 (2ms)
[2026-03-11T07:14:23.353Z] GET /api/admin/stats → 401 (2ms)
[2026-03-11T07:15:23.382Z] GET /api/admin/stats → 401 (2ms)
[2026-03-11T07:16:23.375Z] GET /api/admin/stats → 401 (3ms)
[2026-03-11T07:17:23.369Z] GET /api/admin/stats → 401 (2ms)
[2026-03-11T07:18:23.348Z] GET /api/admin/stats → 401 (2ms)
[2026-03-11T07:19:23.367Z] GET /api/admin/stats → 401 (2ms)
[2026-03-11T07:20:23.354Z] GET /api/admin/stats → 401 (2ms)
[2026-03-11T07:21:23.530Z] GET /api/admin/stats → 401 (2ms)
[2026-03-11T07:22:23.367Z] GET /api/admin/stats → 401 (2ms)
[2026-03-11T07:23:23.357Z] GET /api/admin/stats → 401 (2ms)
[2026-03-11T07:24:23.365Z] GET /api/admin/stats → 401 (2ms)
[2026-03-11T07:25:23.363Z] GET /api/admin/stats → 401 (2ms)
[2026-03-11T07:26:23.373Z] GET /api/admin/stats → 401 (2ms)
[2026-03-11T07:27:23.408Z] GET /api/admin/stats → 401 (2ms)
[2026-03-11T07:28:23.357Z] GET /api/admin/stats → 401 (1ms)
[2026-03-11T07:29:23.358Z] GET /api/admin/stats → 401 (3ms)
[2026-03-11T07:30:23.370Z] GET /api/admin/stats → 401 (2ms)
[2026-03-11T07:31:23.365Z] GET /api/admin/stats → 401 (2ms)
[2026-03-11T07:32:23.364Z] GET /api/admin/stats → 401 (2ms)
[2026-03-11T07:33:23.411Z] GET /api/admin/stats → 401 (4ms)
[2026-03-11T07:34:23.369Z] GET /api/admin/stats → 401 (2ms)
[2026-03-11T07:35:23.371Z] GET /api/admin/stats → 401 (2ms)
[2026-03-11T07:36:23.377Z] GET /api/admin/stats → 401 (2ms)
[2026-03-11T07:37:23.419Z] GET /api/admin/stats → 401 (2ms)
[2026-03-11T07:38:23.372Z] GET /api/admin/stats → 401 (2ms)
[2026-03-11T07:39:23.408Z] GET /api/admin/stats → 401 (2ms)
[2026-03-11T07:40:23.387Z] GET /api/admin/stats → 401 (2ms)
[2026-03-11T07:41:23.393Z] GET /api/admin/stats → 401 (2ms)
[2026-03-11T07:42:23.371Z] GET /api/admin/stats → 401 (2ms)
[2026-03-11T07:43:23.366Z] GET /api/admin/stats → 401 (2ms)
[2026-03-11T07:44:23.394Z] GET /api/admin/stats → 401 (3ms)
[2026-03-11T07:45:23.425Z] GET /api/admin/stats → 401 (2ms)
[2026-03-11T07:46:23.392Z] GET /api/admin/stats → 401 (2ms)
[2026-03-11T07:47:23.386Z] GET /api/admin/stats → 401 (2ms)
[2026-03-11T07:48:23.419Z] GET /api/admin/stats → 401 (2ms)
[2026-03-11T07:49:23.419Z] GET /api/admin/stats → 401 (2ms)
[2026-03-11T07:50:23.399Z] GET /api/admin/stats → 401 (2ms)
[2026-03-11T07:51:23.467Z] GET /api/admin/stats → 401 (3ms)
[2026-03-11T07:52:23.384Z] GET /api/admin/stats → 401 (2ms)
[2026-03-11T07:53:23.386Z] GET /api/admin/stats → 401 (2ms)
[2026-03-11T07:54:23.399Z] GET /api/admin/stats → 401 (2ms)
[2026-03-11T07:55:23.390Z] GET /api/admin/stats → 401 (2ms)
[2026-03-11T07:56:23.419Z] GET /api/admin/stats → 401 (2ms)
[2026-03-11T07:57:23.445Z] GET /api/admin/stats → 401 (2ms)
[2026-03-11T07:58:23.394Z] GET /api/admin/stats → 401 (3ms)
[2026-03-11T07:59:23.391Z] GET /api/admin/stats → 401 (3ms)
[2026-03-11T08:00:23.394Z] GET /api/admin/stats → 401 (2ms)
[2026-03-11T08:01:23.407Z] GET /api/admin/stats → 401 (2ms)
[2026-03-11T08:02:23.393Z] GET /api/admin/stats → 401 (2ms)
[2026-03-11T08:03:23.444Z] GET /api/admin/stats → 401 (5ms)
[2026-03-11T08:04:23.405Z] GET /api/admin/stats → 401 (3ms)
[2026-03-11T08:05:23.406Z] GET /api/admin/stats → 401 (3ms)
[2026-03-11T08:06:23.409Z] GET /api/admin/stats → 401 (2ms)
[2026-03-11T08:07:23.403Z] GET /api/admin/stats → 401 (2ms)
[2026-03-11T08:08:23.398Z] GET /api/admin/stats → 401 (2ms)
[2026-03-11T08:09:23.547Z] GET /api/admin/stats → 401 (2ms)
[2026-03-11T08:10:23.406Z] GET /api/admin/stats → 401 (2ms)
[2026-03-11T08:11:23.405Z] GET /api/admin/stats → 401 (2ms)
[2026-03-11T08:12:23.411Z] GET /api/admin/stats → 401 (2ms)
[2026-03-11T08:13:23.407Z] GET /api/admin/stats → 401 (2ms)
[2026-03-11T08:14:23.414Z] GET /api/admin/stats → 401 (2ms)
[2026-03-11T08:15:23.463Z] GET /api/admin/stats → 401 (2ms)
[2026-03-11T08:16:23.409Z] GET /api/admin/stats → 401 (2ms)
[2026-03-11T08:17:23.406Z] GET /api/admin/stats → 401 (2ms)
[2026-03-11T08:18:23.431Z] GET /api/admin/stats → 401 (2ms)
[2026-03-11T08:19:23.398Z] GET /api/admin/stats → 401 (2ms)
[2026-03-11T08:20:23.422Z] GET /api/admin/stats → 401 (2ms)
[2026-03-11T08:21:23.460Z] GET /api/admin/stats → 401 (2ms)
[2026-03-11T08:22:23.417Z] GET /api/admin/stats → 401 (2ms)
[2026-03-11T08:23:23.416Z] GET /api/admin/stats → 401 (3ms)
[2026-03-11T08:24:23.425Z] GET /api/admin/stats → 401 (2ms)
[2026-03-11T08:25:23.411Z] GET /api/admin/stats → 401 (2ms)
[2026-03-11T08:26:23.440Z] GET /api/admin/stats → 401 (2ms)
[2026-03-11T08:27:23.497Z] GET /api/admin/stats → 401 (2ms)
[2026-03-11T08:28:23.415Z] GET /api/admin/stats → 401 (2ms)
[2026-03-11T08:29:23.417Z] GET /api/admin/stats → 401 (2ms)
[2026-03-11T08:30:23.427Z] GET /api/admin/stats → 401 (2ms)
[2026-03-11T08:31:23.422Z] GET /api/admin/stats → 401 (2ms)
[2026-03-11T08:32:23.445Z] GET /api/admin/stats → 401 (2ms)
[2026-03-11T08:33:23.533Z] GET /api/admin/stats → 401 (5ms)
[2026-03-11T08:34:23.424Z] GET /api/admin/stats → 401 (2ms)
[2026-03-11T08:35:23.467Z] GET /api/admin/stats → 401 (2ms)
[2026-03-11T08:36:23.443Z] GET /api/admin/stats → 401 (2ms)
[2026-03-11T08:37:23.426Z] GET /api/admin/stats → 401 (2ms)
[2026-03-11T08:38:23.439Z] GET /api/admin/stats → 401 (2ms)
[2026-03-11T08:39:23.480Z] GET /api/admin/stats → 401 (2ms)
[2026-03-11T08:40:23.435Z] GET /api/admin/stats → 401 (2ms)
[2026-03-11T08:41:23.513Z] GET /api/admin/stats → 401 (2ms)
[2026-03-11T08:42:23.425Z] GET /api/admin/stats → 401 (2ms)
[2026-03-11T08:43:23.438Z] GET /api/admin/stats → 401 (2ms)
[2026-03-11T08:44:23.439Z] GET /api/admin/stats → 401 (2ms)
[2026-03-11T08:45:23.489Z] GET /api/admin/stats → 401 (3ms)
[2026-03-11T08:46:23.441Z] GET /api/admin/stats → 401 (3ms)
[2026-03-11T08:47:23.534Z] GET /api/admin/stats → 401 (2ms)
[2026-03-11T08:48:23.436Z] GET /api/admin/stats → 401 (2ms)
[2026-03-11T08:49:23.461Z] GET /api/admin/stats → 401 (3ms)
[2026-03-11T08:50:23.449Z] GET /api/admin/stats → 401 (3ms)
[2026-03-11T08:51:23.491Z] GET /api/admin/stats → 401 (2ms)
[2026-03-11T08:52:23.449Z] GET /api/admin/stats → 401 (2ms)
[2026-03-11T08:53:23.450Z] GET /api/admin/stats → 401 (3ms)
[2026-03-11T08:54:23.449Z] GET /api/admin/stats → 401 (2ms)
[2026-03-11T08:55:23.465Z] GET /api/admin/stats → 401 (2ms)
[2026-03-11T08:56:23.447Z] GET /api/admin/stats → 401 (2ms)
[2026-03-11T08:57:23.742Z] GET /api/admin/stats → 401 (2ms)
[2026-03-11T08:58:23.582Z] GET /api/admin/stats → 401 (2ms)
[2026-03-11T08:59:23.467Z] GET /api/admin/stats → 401 (2ms)
[2026-03-11T09:00:23.458Z] GET /api/admin/stats → 401 (2ms)
[2026-03-11T09:01:23.464Z] GET /api/admin/stats → 401 (2ms)
[2026-03-11T09:02:23.452Z] GET /api/admin/stats → 401 (2ms)
[2026-03-11T09:03:23.500Z] GET /api/admin/stats → 401 (6ms)
[2026-03-11T09:04:23.458Z] GET /api/admin/stats → 401 (2ms)
[2026-03-11T09:05:23.451Z] GET /api/admin/stats → 401 (2ms)
[2026-03-11T09:06:23.472Z] GET /api/admin/stats → 401 (2ms)
[2026-03-11T09:07:23.456Z] GET /api/admin/stats → 401 (2ms)
[2026-03-11T09:08:23.456Z] GET /api/admin/stats → 401 (2ms)
[2026-03-11T09:09:23.502Z] GET /api/admin/stats → 401 (2ms)
[2026-03-11T09:10:23.579Z] GET /api/admin/stats → 401 (3ms)
[2026-03-11T09:11:23.579Z] GET /api/admin/stats → 401 (3ms)
[2026-03-11T09:12:23.474Z] GET /api/admin/stats → 401 (3ms)
[2026-03-11T09:13:23.457Z] GET /api/admin/stats → 401 (2ms)
[2026-03-11T09:14:23.453Z] GET /api/admin/stats → 401 (2ms)
[2026-03-11T09:15:23.504Z] GET /api/admin/stats → 401 (3ms)
[2026-03-11T09:16:23.466Z] GET /api/admin/stats → 401 (3ms)
[2026-03-11T09:17:23.488Z] GET /api/admin/stats → 401 (2ms)
[2026-03-11T09:18:23.476Z] GET /api/admin/stats → 401 (2ms)
[2026-03-11T09:19:23.462Z] GET /api/admin/stats → 401 (2ms)
[2026-03-11T09:20:23.466Z] GET /api/admin/stats → 401 (2ms)
[2026-03-11T09:21:23.512Z] GET /api/admin/stats → 401 (3ms)
[2026-03-11T09:22:23.471Z] GET /api/admin/stats → 401 (2ms)
[2026-03-11T09:23:23.485Z] GET /api/admin/stats → 401 (2ms)
[2026-03-11T09:24:23.462Z] GET /api/admin/stats → 401 (2ms)
[2026-03-11T09:25:23.480Z] GET /api/admin/stats → 401 (3ms)
[2026-03-11T09:25:56.804Z] SLOW: GET /api/vehicle/enriched took 11470ms
[2026-03-11T09:26:02.253Z] SLOW: GET /api/market took 5338ms
[2026-03-11T09:26:23.578Z] GET /api/admin/stats → 401 (3ms)
[2026-03-11T09:26:28.798Z] SLOW: POST /api/generate-car-images took 23274ms
[2026-03-11T09:27:23.584Z] GET /api/admin/stats → 401 (5ms)
[2026-03-11T09:27:36.503Z] POST /api/pdf → 400 (1ms)
[2026-03-11T09:28:23.467Z] GET /api/admin/stats → 401 (2ms)
[2026-03-11T09:29:23.490Z] GET /api/admin/stats → 401 (2ms)
[2026-03-11T09:30:23.468Z] GET /api/admin/stats → 401 (2ms)
[2026-03-11T09:31:23.577Z] GET /api/admin/stats → 401 (2ms)
[2026-03-11T09:32:23.576Z] GET /api/admin/stats → 401 (2ms)
[2026-03-11T09:33:23.518Z] GET /api/admin/stats → 401 (5ms)
[2026-03-11T09:34:23.469Z] GET /api/admin/stats → 401 (2ms)
[2026-03-11T09:35:23.576Z] GET /api/admin/stats → 401 (2ms)
[2026-03-11T09:36:23.487Z] GET /api/admin/stats → 401 (2ms)
[2026-03-11T09:37:23.488Z] GET /api/admin/stats → 401 (2ms)
[2026-03-11T09:38:23.477Z] GET /api/admin/stats → 401 (2ms)
[2026-03-11T09:39:23.520Z] GET /api/admin/stats → 401 (2ms)
[2026-03-11T09:40:23.576Z] GET /api/admin/stats → 401 (2ms)
[2026-03-11T09:41:23.512Z] GET /api/admin/stats → 401 (2ms)
[2026-03-11T09:42:23.480Z] GET /api/admin/stats → 401 (2ms)
[2026-03-11T09:43:23.481Z] GET /api/admin/stats → 401 (2ms)
[2026-03-11T09:44:23.491Z] GET /api/admin/stats → 401 (2ms)
[2026-03-11T09:45:23.521Z] GET /api/admin/stats → 401 (2ms)
[2026-03-11T09:46:23.506Z] GET /api/admin/stats → 401 (2ms)
[2026-03-11T09:47:23.485Z] GET /api/admin/stats → 401 (2ms)
[2026-03-11T09:48:23.505Z] GET /api/admin/stats → 401 (2ms)
[2026-03-11T09:49:23.492Z] GET /api/admin/stats → 401 (2ms)
[2026-03-11T09:50:23.484Z] GET /api/admin/stats → 401 (2ms)
[2026-03-11T09:51:23.553Z] GET /api/admin/stats → 401 (2ms)
[2026-03-11T09:52:23.500Z] GET /api/admin/stats → 401 (2ms)
[2026-03-11T09:53:23.487Z] GET /api/admin/stats → 401 (2ms)
[2026-03-11T09:54:23.497Z] GET /api/admin/stats → 401 (2ms)
[2026-03-11T09:55:23.492Z] GET /api/admin/stats → 401 (2ms)
[2026-03-11T09:56:23.501Z] GET /api/admin/stats → 401 (2ms)
[2026-03-11T09:57:23.540Z] GET /api/admin/stats → 401 (3ms)
[2026-03-11T09:58:23.512Z] GET /api/admin/stats → 401 (2ms)
[2026-03-11T09:59:23.495Z] GET /api/admin/stats → 401 (2ms)
[2026-03-11T10:00:23.515Z] GET /api/admin/stats → 401 (3ms)
[2026-03-11T10:01:23.490Z] GET /api/admin/stats → 401 (3ms)
[2026-03-11T10:02:23.496Z] GET /api/admin/stats → 401 (2ms)
[2026-03-11T10:03:23.558Z] GET /api/admin/stats → 401 (5ms)
[2026-03-11T10:04:23.511Z] GET /api/admin/stats → 401 (3ms)
[2026-03-11T10:05:23.505Z] GET /api/admin/stats → 401 (3ms)
[2026-03-11T10:06:23.510Z] GET /api/admin/stats → 401 (2ms)
[2026-03-11T10:07:23.507Z] GET /api/admin/stats → 401 (3ms)
[2026-03-11T10:08:23.502Z] GET /api/admin/stats → 401 (2ms)
[2026-03-11T10:09:23.587Z] GET /api/admin/stats → 401 (2ms)
[2026-03-11T10:10:23.518Z] GET /api/admin/stats → 401 (2ms)
[2026-03-11T10:11:23.520Z] GET /api/admin/stats → 401 (2ms)
[2026-03-11T10:12:23.517Z] GET /api/admin/stats → 401 (3ms)
[2026-03-11T10:13:23.551Z] GET /api/admin/stats → 401 (2ms)
[2026-03-11T10:14:23.577Z] GET /api/admin/stats → 401 (3ms)
[2026-03-11T10:15:23.572Z] GET /api/admin/stats → 401 (2ms)
[2026-03-11T10:16:23.548Z] GET /api/admin/stats → 401 (3ms)
[2026-03-11T10:17:23.527Z] GET /api/admin/stats → 401 (2ms)
[2026-03-11T10:18:23.521Z] GET /api/admin/stats → 401 (2ms)
[2026-03-11T10:19:23.523Z] GET /api/admin/stats → 401 (2ms)
[2026-03-11T10:20:23.530Z] GET /api/admin/stats → 401 (2ms)
[2026-03-11T10:21:23.570Z] GET /api/admin/stats → 401 (2ms)
[2026-03-11T10:22:23.517Z] GET /api/admin/stats → 401 (2ms)
[2026-03-11T10:23:23.535Z] GET /api/admin/stats → 401 (2ms)
[2026-03-11T10:24:23.590Z] GET /api/admin/stats → 401 (2ms)
[2026-03-11T10:25:23.536Z] GET /api/admin/stats → 401 (2ms)
[2026-03-11T10:26:23.539Z] GET /api/admin/stats → 401 (2ms)
[2026-03-11T10:27:23.577Z] GET /api/admin/stats → 401 (1ms)
[2026-03-11T10:28:23.522Z] GET /api/admin/stats → 401 (2ms)
[2026-03-11T10:29:23.529Z] GET /api/admin/stats → 401 (2ms)
[2026-03-11T10:30:23.530Z] GET /api/admin/stats → 401 (2ms)
[2026-03-11T10:31:23.557Z] GET /api/admin/stats → 401 (3ms)
[2026-03-11T10:32:23.538Z] GET /api/admin/stats → 401 (3ms)
[2026-03-11T10:33:23.572Z] GET /api/admin/stats → 401 (5ms)
[2026-03-11T10:34:23.567Z] GET /api/admin/stats → 401 (2ms)
[2026-03-11T10:35:23.580Z] GET /api/admin/stats → 401 (3ms)
[2026-03-11T10:36:23.579Z] GET /api/admin/stats → 401 (3ms)
[2026-03-11T10:37:23.547Z] GET /api/admin/stats → 401 (2ms)
[2026-03-11T10:38:23.579Z] GET /api/admin/stats → 401 (2ms)
[2026-03-11T10:39:23.573Z] GET /api/admin/stats → 401 (2ms)
[2026-03-11T10:40:23.574Z] GET /api/admin/stats → 401 (3ms)
[2026-03-11T10:41:23.550Z] GET /api/admin/stats → 401 (2ms)
[2026-03-11T10:42:23.542Z] GET /api/admin/stats → 401 (2ms)
[2026-03-11T10:43:23.549Z] GET /api/admin/stats → 401 (2ms)
[2026-03-11T10:44:23.578Z] GET /api/admin/stats → 401 (1ms)
[2026-03-11T10:45:23.591Z] GET /api/admin/stats → 401 (2ms)
[2026-03-11T10:46:23.545Z] GET /api/admin/stats → 401 (2ms)
[2026-03-11T10:47:23.546Z] GET /api/admin/stats → 401 (2ms)
[2026-03-11T10:48:23.557Z] GET /api/admin/stats → 401 (2ms)
[2026-03-11T10:48:29.252Z] GET /api/intelligence/trends → 404 (19ms)
[2026-03-11T10:49:23.565Z] GET /api/admin/stats → 401 (9ms)
[2026-03-11T10:50:23.573Z] GET /api/admin/stats → 401 (16ms)
[2026-03-11T10:51:06.625Z] GET /api/intelligence/trends → 401 (15ms)
[2026-03-11T10:51:23.603Z] GET /api/admin/stats → 401 (11ms)
[2026-03-11T10:51:26.777Z] GET /api/intelligence/trends → 401 (3ms)
[2026-03-11T10:52:23.742Z] GET /api/admin/stats → 401 (3ms)
[2026-03-11T10:52:35.238Z] GET /api/intelligence/trends → 401 (2ms)
[2026-03-11T10:53:23.584Z] GET /api/admin/stats → 401 (4ms)
[2026-03-11T10:54:23.564Z] GET /api/admin/stats → 401 (3ms)
[2026-03-11T10:55:23.557Z] GET /api/admin/stats → 401 (3ms)
[2026-03-11T10:56:23.583Z] GET /api/admin/stats → 401 (3ms)
[2026-03-11T10:57:23.605Z] GET /api/admin/stats → 401 (2ms)
[2026-03-11T10:58:23.573Z] GET /api/admin/stats → 401 (2ms)
[2026-03-11T10:59:23.554Z] GET /api/admin/stats → 401 (3ms)
[2026-03-11T11:00:23.563Z] GET /api/admin/stats → 401 (3ms)
[2026-03-11T11:01:23.563Z] GET /api/admin/stats → 401 (2ms)
[2026-03-11T11:02:23.569Z] GET /api/admin/stats → 401 (3ms)
[2026-03-11T11:03:23.604Z] GET /api/admin/stats → 401 (2ms)
[2026-03-11T11:04:23.561Z] GET /api/admin/stats → 401 (2ms)
[2026-03-11T11:05:23.578Z] GET /api/admin/stats → 401 (2ms)
[2026-03-11T11:06:23.575Z] GET /api/admin/stats → 401 (3ms)
[2026-03-11T11:07:23.579Z] GET /api/admin/stats → 401 (3ms)
[2026-03-11T11:08:23.579Z] GET /api/admin/stats → 401 (2ms)
[2026-03-11T11:09:23.661Z] GET /api/admin/stats → 401 (3ms)
[2026-03-11T11:10:23.582Z] GET /api/admin/stats → 401 (2ms)
[2026-03-11T11:11:23.594Z] GET /api/admin/stats → 401 (1ms)
[2026-03-11T11:12:23.583Z] GET /api/admin/stats → 401 (3ms)
[2026-03-11T11:13:23.583Z] GET /api/admin/stats → 401 (2ms)
[2026-03-11T11:14:23.595Z] GET /api/admin/stats → 401 (2ms)
[2026-03-11T11:15:23.631Z] GET /api/admin/stats → 401 (2ms)
[2026-03-11T11:16:23.596Z] GET /api/admin/stats → 401 (3ms)
[2026-03-11T11:17:23.594Z] GET /api/admin/stats → 401 (2ms)
[2026-03-11T11:18:23.572Z] GET /api/admin/stats → 401 (1ms)
[2026-03-11T11:19:23.593Z] GET /api/admin/stats → 401 (2ms)
[2026-03-11T11:20:23.583Z] GET /api/admin/stats → 401 (3ms)
[2026-03-11T11:21:23.624Z] GET /api/admin/stats → 401 (3ms)
[2026-03-11T11:22:23.575Z] GET /api/admin/stats → 401 (5ms)
[2026-03-11T11:23:23.573Z] GET /api/admin/stats → 401 (3ms)
[2026-03-11T11:24:23.575Z] GET /api/admin/stats → 401 (2ms)
[2026-03-11T11:25:23.580Z] GET /api/admin/stats → 401 (3ms)
[2026-03-11T11:26:23.577Z] GET /api/admin/stats → 401 (1ms)
[2026-03-11T11:27:23.631Z] GET /api/admin/stats → 401 (2ms)
[2026-03-11T11:28:23.590Z] GET /api/admin/stats → 401 (2ms)
[2026-03-11T11:29:23.595Z] GET /api/admin/stats → 401 (2ms)
[2026-03-11T11:30:23.580Z] GET /api/admin/stats → 401 (3ms)
[2026-03-11T11:31:23.590Z] GET /api/admin/stats → 401 (3ms)
[2026-03-11T11:32:23.590Z] GET /api/admin/stats → 401 (2ms)
[2026-03-11T11:33:23.639Z] GET /api/admin/stats → 401 (2ms)
[2026-03-11T11:34:23.595Z] GET /api/admin/stats → 401 (2ms)
[2026-03-11T11:35:23.610Z] GET /api/admin/stats → 401 (2ms)
[2026-03-11T11:36:23.594Z] GET /api/admin/stats → 401 (2ms)
[2026-03-11T11:37:23.589Z] GET /api/admin/stats → 401 (2ms)
[2026-03-11T11:38:23.593Z] GET /api/admin/stats → 401 (2ms)
[2026-03-11T11:39:23.808Z] GET /api/admin/stats → 401 (3ms)
[2026-03-11T11:40:23.599Z] GET /api/admin/stats → 401 (2ms)
[2026-03-11T11:41:23.591Z] GET /api/admin/stats → 401 (3ms)
[2026-03-11T11:42:23.608Z] GET /api/admin/stats → 401 (2ms)
[2026-03-11T11:43:23.611Z] GET /api/admin/stats → 401 (2ms)
[2026-03-11T11:44:23.597Z] GET /api/admin/stats → 401 (2ms)
[2026-03-11T11:45:23.651Z] GET /api/admin/stats → 401 (2ms)
[2026-03-11T11:46:23.603Z] GET /api/admin/stats → 401 (2ms)
[2026-03-11T11:47:23.591Z] GET /api/admin/stats → 401 (2ms)
[2026-03-11T11:48:23.604Z] GET /api/admin/stats → 401 (2ms)
[2026-03-11T11:49:23.605Z] GET /api/admin/stats → 401 (2ms)
[2026-03-11T11:49:30.202Z] GET /api/intelligence/trends → 401 (1ms)
[2026-03-11T11:50:23.614Z] GET /api/admin/stats → 401 (2ms)
[2026-03-11T11:51:23.637Z] GET /api/admin/stats → 401 (3ms)
[2026-03-11T11:51:41.308Z] GET /api/intelligence/trends → 401 (1ms)
[2026-03-11T11:52:23.596Z] GET /api/admin/stats → 401 (4ms)
[2026-03-11T11:53:23.595Z] GET /api/admin/stats → 401 (3ms)
[2026-03-11T11:54:23.596Z] GET /api/admin/stats → 401 (3ms)
[2026-03-11T11:55:23.606Z] GET /api/admin/stats → 401 (2ms)
[2026-03-11T11:56:23.681Z] GET /api/admin/stats → 401 (2ms)
[2026-03-11T11:57:23.681Z] GET /api/admin/stats → 401 (2ms)
[2026-03-11T11:58:23.604Z] GET /api/admin/stats → 401 (2ms)
[2026-03-11T11:59:23.617Z] GET /api/admin/stats → 401 (3ms)
[2026-03-11T12:00:18.983Z] GET /api/intelligence/trends → 401 (1ms)
[2026-03-11T12:00:23.620Z] GET /api/admin/stats → 401 (3ms)
[2026-03-11T12:01:23.616Z] GET /api/admin/stats → 401 (2ms)
[2026-03-11T12:02:23.610Z] GET /api/admin/stats → 401 (1ms)
[2026-03-11T12:03:23.656Z] GET /api/admin/stats → 401 (2ms)
[2026-03-11T12:04:23.610Z] GET /api/admin/stats → 401 (2ms)
[2026-03-11T12:05:23.682Z] GET /api/admin/stats → 401 (2ms)
[2026-03-11T12:06:23.669Z] GET /api/admin/stats → 401 (1ms)
[2026-03-11T12:07:23.621Z] GET /api/admin/stats → 401 (2ms)
[2026-03-11T12:08:23.639Z] GET /api/admin/stats → 401 (16ms)
[2026-03-11T12:09:23.719Z] GET /api/admin/stats → 401 (16ms)
[2026-03-11T12:10:23.788Z] GET /api/admin/stats → 401 (6ms)
[2026-03-11T12:11:23.633Z] GET /api/admin/stats → 401 (11ms)
[2026-03-11T12:12:23.628Z] GET /api/admin/stats → 401 (3ms)
[2026-03-11T12:13:23.635Z] GET /api/admin/stats → 401 (3ms)
[2026-03-11T12:14:23.633Z] GET /api/admin/stats → 401 (17ms)
[2026-03-11T12:15:23.819Z] GET /api/admin/stats → 401 (18ms)
[2026-03-11T12:16:23.651Z] GET /api/admin/stats → 401 (15ms)
[2026-03-11T12:17:23.620Z] GET /api/admin/stats → 401 (3ms)
[2026-03-11T12:18:23.619Z] GET /api/admin/stats → 401 (4ms)
[2026-03-11T12:19:23.642Z] GET /api/admin/stats → 401 (3ms)
[2026-03-11T12:20:23.643Z] GET /api/admin/stats → 401 (4ms)
[2026-03-11T12:21:23.690Z] GET /api/admin/stats → 401 (3ms)
[2026-03-11T12:22:23.618Z] GET /api/admin/stats → 401 (3ms)
[2026-03-11T12:23:23.749Z] GET /api/admin/stats → 401 (2ms)
[2026-03-11T12:24:23.645Z] GET /api/admin/stats → 401 (5ms)
[2026-03-11T12:25:23.646Z] GET /api/admin/stats → 401 (2ms)
[2026-03-11T12:26:23.642Z] GET /api/admin/stats → 401 (3ms)
[2026-03-11T12:27:23.840Z] GET /api/admin/stats → 401 (2ms)
[2026-03-11T12:28:23.639Z] GET /api/admin/stats → 401 (2ms)
[2026-03-11T12:29:23.640Z] GET /api/admin/stats → 401 (2ms)
[2026-03-11T12:30:23.640Z] GET /api/admin/stats → 401 (3ms)
[2026-03-11T12:31:23.639Z] GET /api/admin/stats → 401 (3ms)
[2026-03-11T12:32:23.638Z] GET /api/admin/stats → 401 (2ms)
[2026-03-11T12:33:23.728Z] GET /api/admin/stats → 401 (2ms)
[2026-03-11T12:34:23.630Z] GET /api/admin/stats → 401 (3ms)
[2026-03-11T12:35:23.647Z] GET /api/admin/stats → 401 (2ms)
[2026-03-11T12:36:23.643Z] GET /api/admin/stats → 401 (3ms)
[2026-03-11T12:37:23.673Z] GET /api/admin/stats → 401 (2ms)
[2026-03-11T12:38:23.646Z] GET /api/admin/stats → 401 (2ms)
[2026-03-11T12:39:23.698Z] GET /api/admin/stats → 401 (2ms)
[2026-03-11T12:40:23.652Z] GET /api/admin/stats → 401 (2ms)
[2026-03-11T12:41:23.639Z] GET /api/admin/stats → 401 (2ms)
[2026-03-11T12:42:23.640Z] GET /api/admin/stats → 401 (3ms)
[2026-03-11T12:43:23.650Z] GET /api/admin/stats → 401 (3ms)
[2026-03-11T12:44:23.665Z] GET /api/admin/stats → 401 (20ms)
[2026-03-11T12:45:23.715Z] GET /api/admin/stats → 401 (17ms)
[2026-03-11T12:46:23.646Z] GET /api/admin/stats → 401 (4ms)
[2026-03-11T12:47:23.711Z] GET /api/admin/stats → 401 (5ms)
[2026-03-11T12:48:23.664Z] GET /api/admin/stats → 401 (17ms)
[2026-03-11T12:49:23.657Z] GET /api/admin/stats → 401 (4ms)
[2026-03-11T12:50:23.654Z] GET /api/admin/stats → 401 (4ms)
[2026-03-11T12:51:23.726Z] GET /api/admin/stats → 401 (2ms)
[2026-03-11T12:52:23.656Z] GET /api/admin/stats → 401 (3ms)
[2026-03-11T12:53:23.681Z] GET /api/admin/stats → 401 (3ms)
[2026-03-11T12:54:23.646Z] GET /api/admin/stats → 401 (2ms)
[2026-03-11T12:55:23.654Z] GET /api/admin/stats → 401 (3ms)
[2026-03-11T12:56:23.673Z] GET /api/admin/stats → 401 (4ms)
[2026-03-11T12:57:21.352Z] GET /api/intelligence/trends → 401 (1ms)
[2026-03-11T12:57:23.707Z] GET /api/admin/stats → 401 (2ms)
[2026-03-11T12:57:24.076Z] GET /api/intelligence/trends → 401 (2ms)
[2026-03-11T12:58:23.657Z] GET /api/admin/stats → 401 (2ms)
[2026-03-11T12:59:23.656Z] GET /api/admin/stats → 401 (2ms)
[2026-03-11T13:00:23.665Z] GET /api/admin/stats → 401 (2ms)
[2026-03-11T13:01:23.670Z] GET /api/admin/stats → 401 (2ms)
[2026-03-11T13:02:23.674Z] GET /api/admin/stats → 401 (2ms)
[2026-03-11T13:03:23.698Z] GET /api/admin/stats → 401 (3ms)
[2026-03-11T13:04:23.809Z] GET /api/admin/stats → 401 (2ms)
[2026-03-11T13:05:23.635Z] GET /api/admin/stats → 401 (2ms)
[2026-03-11T14:06:25.039Z] SLOW: GET /api/vehicle/enriched took 18299ms
[2026-03-11T14:06:34.402Z] SLOW: GET /api/market took 9165ms
[2026-03-11T21:43:21.093Z] SLOW: GET /api/vehicle/enriched took 15344ms
[2026-03-11T21:43:27.013Z] SLOW: GET /api/market took 5848ms
[2026-03-11T21:45:42.735Z] GET /api/search-history → 404 (1ms)
[2026-03-13T19:18:49.483Z] SLOW: GET /api/vehicle/enriched took 13126ms
[2026-03-13T19:18:55.574Z] SLOW: GET /api/market took 5789ms
[2026-03-13T19:19:24.796Z] SLOW: POST /api/generate-car-images took 26880ms
[2026-03-14T05:06:05.977Z] GET /api/.env → 404 (1ms)
[2026-03-14T09:00:00.392Z] GET /api/user → 404 (1ms)
[2026-03-14T09:00:29.572Z] GET /api/.env → 404 (2ms)
[2026-03-14T09:00:44.291Z] GET /api/v1/workflows → 404 (2ms)
[2026-03-14T09:00:44.360Z] GET /api/v1/executions → 404 (1ms)
[2026-03-14T09:00:44.457Z] GET /api/v1/credentials → 404 (2ms)
[2026-03-14T09:00:53.324Z] GET /api/auth → 404 (2ms)
[2026-03-14T09:00:53.390Z] GET /api/auth/session → 404 (2ms)
[2026-03-14T09:00:53.879Z] GET /api/auth/callback → 404 (1ms)
[2026-03-14T09:01:02.312Z] GET /api/login → 404 (1ms)
[2026-03-14T09:01:02.484Z] GET /api/credentials → 404 (2ms)
[2026-03-14T09:01:05.980Z] POST /api/upwload → 404 (1ms)
[2026-03-14T09:01:06.094Z] POST /api/uploads → 404 (1ms)
[2026-03-14T09:01:06.181Z] POST /api/files/upload → 404 (0ms)
[2026-03-14T09:01:06.284Z] POST /api/v1/upload → 404 (1ms)
[2026-03-14T09:01:06.490Z] POST /api/v1/files → 404 (8ms)
[2026-03-14T09:01:06.631Z] POST /api/v1/media → 404 (1ms)
[2026-03-14T10:25:08.072Z] GET /api/admin/crawl → 404 (6ms)
[2026-03-14T10:25:52.904Z] GET /api/admin/crawl → 404 (6ms)
[2026-03-14T14:41:11.725Z] GET /api/search-history → 404 (2ms)
[2026-03-14T20:42:16.541Z] GET /api/dashboard/voorraad → 500 (6ms)
[2026-03-14T20:42:16.568Z] GET /api/dashboard/reprice → 500 (3ms)
[2026-03-14T20:54:35.574Z] GET /api/dashboard/voorraad → 500 (7ms)
[2026-03-14T21:51:07.778Z] SLOW: GET /api/vehicle/enriched took 8765ms
[2026-03-14T21:51:14.376Z] SLOW: GET /api/market took 6523ms
[2026-03-14T21:51:16.986Z] POST /api/taxatie/save → 500 (6ms)
[2026-03-14T21:51:21.553Z] POST /api/taxatie/save → 500 (1ms)
[2026-03-14T21:52:07.940Z] POST /api/taxatie/save → 500 (3ms)
[2026-03-14T21:57:04.313Z] POST /api/taxatie/save → 500 (2ms)
[2026-03-14T21:57:35.771Z] GET /api/vehicle/enriched → 404 (500ms)
[2026-03-14T21:58:21.988Z] SLOW: GET /api/vehicle/enriched took 9244ms
[2026-03-14T21:58:27.232Z] SLOW: GET /api/market took 5159ms
[2026-03-14T21:58:28.924Z] POST /api/taxatie/save → 500 (3ms)
[2026-03-14T21:58:38.687Z] POST /api/pdf → 400 (4ms)
[2026-03-14T21:58:52.198Z] SLOW: POST /api/generate-car-images took 23182ms
[2026-03-15T02:21:34.446Z] SLOW: GET /api/vehicle/enriched took 7338ms
[2026-03-15T02:21:41.758Z] SLOW: GET /api/market took 7235ms
[2026-03-15T02:21:43.961Z] POST /api/taxatie/save → 500 (7ms)
[2026-03-15T02:32:06.374Z] GET /api/leads → 500 (4ms)
[2026-03-15T02:32:06.375Z] GET /api/inkoop → 500 (5ms)
[2026-03-15T02:39:06.673Z] GET /api/inkoop → 500 (12ms)
[2026-03-15T02:39:06.675Z] GET /api/leads → 500 (13ms)
[2026-03-15T02:40:42.131Z] GET /api/inkoop → 500 (9ms)
[2026-03-15T02:40:42.134Z] GET /api/leads → 500 (11ms)
[2026-03-15T02:43:31.318Z] GET /api/inkoop → 500 (6ms)
[2026-03-15T02:43:31.323Z] GET /api/leads → 500 (9ms)
[2026-03-15T02:44:51.724Z] GET /api/leads → 500 (4ms)
[2026-03-15T02:44:51.726Z] GET /api/inkoop → 500 (6ms)
[2026-03-15T02:50:29.759Z] GET /api/inkoop → 500 (2ms)
[2026-03-15T02:50:29.826Z] GET /api/leads → 500 (2ms)
[2026-03-15T02:50:44.962Z] GET /api/inkoop → 500 (2ms)
[2026-03-15T02:50:45.040Z] GET /api/leads → 500 (4ms)
[2026-03-15T02:50:54.365Z] GET /api/inkoop → 500 (2ms)
[2026-03-15T02:50:54.426Z] GET /api/leads → 500 (2ms)
[2026-03-15T02:58:40.829Z] GET /api/inkoop → 500 (2ms)
[2026-03-15T02:58:40.895Z] GET /api/leads → 500 (2ms)
[2026-03-15T03:33:48.224Z] GET /api/intelligence/dealers → 500 (8ms)
[2026-03-15T03:36:15.512Z] GET /api/inkoop → 500 (2ms)
[2026-03-15T03:36:15.570Z] GET /api/leads → 500 (3ms)
[2026-03-15T03:36:23.529Z] GET /api/inkoop → 500 (2ms)
[2026-03-15T03:36:23.592Z] GET /api/leads → 500 (1ms)
[2026-03-15T03:36:28.687Z] GET /api/inkoop → 500 (2ms)
[2026-03-15T03:36:29.051Z] GET /api/leads → 500 (3ms)
[2026-03-15T03:36:34.166Z] GET /api/inkoop → 500 (2ms)
[2026-03-15T03:36:34.247Z] GET /api/leads → 500 (2ms)
[2026-03-15T03:36:44.239Z] GET /api/inkoop → 500 (2ms)
[2026-03-15T03:36:44.301Z] GET /api/leads → 500 (2ms)
[2026-03-15T03:38:48.453Z] GET /api/inkoop → 500 (3ms)
[2026-03-15T03:38:48.690Z] GET /api/leads → 500 (2ms)
[2026-03-15T03:40:39.950Z] GET /api/inkoop → 500 (2ms)
[2026-03-15T03:40:40.011Z] GET /api/leads → 500 (2ms)
[2026-03-15T03:42:26.332Z] GET /api/inkoop → 500 (2ms)
[2026-03-15T03:42:26.400Z] GET /api/leads → 500 (2ms)
[2026-03-15T03:43:58.758Z] GET /api/inkoop → 500 (2ms)
[2026-03-15T03:43:58.834Z] GET /api/leads → 500 (2ms)
[2026-03-15T03:45:20.827Z] GET /api/inkoop → 500 (2ms)
[2026-03-15T03:45:20.890Z] GET /api/leads → 500 (2ms)
[2026-03-15T03:45:50.101Z] GET /api/dashboard/voorraad → 500 (27ms)
[2026-03-15T03:45:50.481Z] GET /api/dashboard/reprice → 500 (2ms)
[2026-03-15T03:45:50.554Z] GET /api/inkoop → 500 (5ms)
[2026-03-15T03:45:50.762Z] GET /api/leads → 500 (2ms)
[2026-03-15T03:45:50.879Z] GET /api/notificaties → 500 (1ms)
[2026-03-15T03:47:40.778Z] GET /api/dashboard/voorraad → 500 (161ms)
[2026-03-15T03:47:41.018Z] GET /api/dashboard/reprice → 500 (3ms)
[2026-03-15T03:47:41.095Z] GET /api/inkoop → 500 (2ms)
[2026-03-15T03:47:41.166Z] GET /api/leads → 500 (2ms)
[2026-03-15T03:47:41.233Z] GET /api/notificaties → 500 (2ms)
[2026-03-15T03:50:35.991Z] GET /api/dashboard/voorraad → 500 (134ms)
[2026-03-15T03:50:36.232Z] GET /api/dashboard/reprice → 500 (2ms)
[2026-03-15T03:50:36.306Z] GET /api/inkoop → 500 (1ms)
[2026-03-15T03:50:36.461Z] GET /api/leads → 500 (2ms)
[2026-03-15T03:50:36.611Z] GET /api/notificaties → 500 (2ms)
[2026-03-15T03:52:02.237Z] GET /api/dashboard/voorraad → 500 (151ms)
[2026-03-15T03:52:02.598Z] GET /api/dashboard/reprice → 500 (2ms)
[2026-03-15T03:52:02.675Z] GET /api/inkoop → 500 (2ms)
[2026-03-15T03:52:02.738Z] GET /api/leads → 500 (3ms)
[2026-03-15T03:52:02.808Z] GET /api/notificaties → 500 (2ms)
[2026-03-15T03:59:12.797Z] GET /api/dashboard/voorraad → 500 (274ms)
[2026-03-15T03:59:13.015Z] GET /api/dashboard/reprice → 500 (4ms)
[2026-03-15T03:59:13.126Z] GET /api/inkoop → 500 (2ms)
[2026-03-15T03:59:13.196Z] GET /api/leads → 500 (3ms)
[2026-03-15T03:59:13.255Z] GET /api/notificaties → 500 (4ms)
[2026-03-15T03:59:23.580Z] GET /api/dashboard/voorraad → 500 (203ms)
[2026-03-15T03:59:23.955Z] GET /api/dashboard/reprice → 500 (2ms)
[2026-03-15T03:59:24.037Z] GET /api/inkoop → 500 (2ms)
[2026-03-15T03:59:24.094Z] GET /api/leads → 500 (3ms)
[2026-03-15T03:59:24.169Z] GET /api/notificaties → 500 (2ms)
[2026-03-15T04:00:31.687Z] GET /api/dashboard/voorraad → 500 (10ms)
[2026-03-15T04:00:32.116Z] GET /api/dashboard/reprice → 500 (2ms)
[2026-03-15T04:00:32.178Z] GET /api/inkoop → 500 (2ms)
[2026-03-15T04:00:32.249Z] GET /api/leads → 500 (4ms)
[2026-03-15T04:00:32.313Z] GET /api/notificaties → 500 (2ms)
[2026-03-15T04:00:37.443Z] GET /api/dashboard/voorraad → 500 (18ms)
[2026-03-15T04:00:38.093Z] GET /api/dashboard/reprice → 500 (1ms)
[2026-03-15T04:00:38.152Z] GET /api/inkoop → 500 (1ms)
[2026-03-15T04:00:38.212Z] GET /api/leads → 500 (1ms)
[2026-03-15T04:00:38.288Z] GET /api/notificaties → 500 (2ms)
[2026-03-15T04:00:43.363Z] GET /api/dashboard/voorraad → 500 (4ms)
[2026-03-15T04:00:43.833Z] GET /api/dashboard/reprice → 500 (2ms)
[2026-03-15T04:00:43.893Z] GET /api/inkoop → 500 (2ms)
[2026-03-15T04:00:43.993Z] GET /api/leads → 500 (2ms)
[2026-03-15T04:00:44.073Z] GET /api/notificaties → 500 (2ms)
[2026-03-15T04:00:54.738Z] GET /api/dashboard/voorraad → 500 (4ms)
[2026-03-15T04:00:54.741Z] GET /api/leads → 500 (2ms)
[2026-03-15T04:00:54.743Z] GET /api/inkoop → 500 (4ms)
[2026-03-15T04:00:54.744Z] GET /api/dashboard/reprice → 500 (4ms)
[2026-03-15T11:34:49.539Z] GET /api/dashboard/voorraad → 500 (480ms)
[2026-03-15T11:34:50.020Z] GET /api/dashboard/reprice → 500 (2ms)
[2026-03-15T11:34:50.100Z] GET /api/inkoop → 500 (3ms)
[2026-03-15T11:34:50.186Z] GET /api/leads → 500 (2ms)
[2026-03-15T11:34:50.359Z] GET /api/notificaties → 500 (2ms)
[2026-03-15T11:51:27.852Z] SLOW: GET /api/vehicle/enriched took 9538ms
[2026-03-15T11:51:34.097Z] SLOW: GET /api/market took 5918ms
[2026-03-15T14:03:26.491Z] GET /api/dashboard/voorraad → 500 (10ms)
[2026-03-15T14:03:27.137Z] GET /api/dashboard/reprice → 500 (11ms)
[2026-03-15T14:03:27.256Z] GET /api/inkoop → 500 (4ms)
[2026-03-15T14:03:27.326Z] GET /api/leads → 500 (3ms)
[2026-03-15T14:03:27.400Z] GET /api/notificaties → 500 (2ms)
[2026-03-15T14:03:38.407Z] GET /api/dashboard/voorraad → 500 (376ms)
[2026-03-15T14:03:39.073Z] GET /api/dashboard/reprice → 500 (3ms)
[2026-03-15T14:03:39.232Z] GET /api/inkoop → 500 (3ms)
[2026-03-15T14:03:39.574Z] GET /api/leads → 500 (2ms)
[2026-03-15T14:03:39.680Z] GET /api/notificaties → 500 (1ms)
[2026-03-15T14:04:15.911Z] GET /api/dashboard/voorraad → 500 (5ms)
[2026-03-15T14:04:16.637Z] GET /api/dashboard/reprice → 500 (2ms)
[2026-03-15T14:04:16.730Z] GET /api/inkoop → 500 (2ms)
[2026-03-15T14:04:16.810Z] GET /api/leads → 500 (2ms)
[2026-03-15T14:04:16.894Z] GET /api/notificaties → 500 (2ms)
[2026-03-15T14:08:22.573Z] GET /api/dashboard/voorraad → 500 (8ms)
[2026-03-15T14:08:23.152Z] GET /api/dashboard/reprice → 500 (3ms)
[2026-03-15T14:08:23.222Z] GET /api/inkoop → 500 (2ms)
[2026-03-15T14:08:23.292Z] GET /api/leads → 500 (3ms)
[2026-03-15T14:08:23.370Z] GET /api/notificaties → 500 (2ms)
[2026-03-15T14:09:31.877Z] GET /api/dashboard/voorraad → 500 (25ms)
[2026-03-15T14:09:32.440Z] GET /api/dashboard/reprice → 500 (2ms)
[2026-03-15T14:09:32.508Z] GET /api/inkoop → 500 (2ms)
[2026-03-15T14:09:32.588Z] GET /api/leads → 500 (2ms)
[2026-03-15T14:09:32.657Z] GET /api/notificaties → 500 (3ms)
[2026-03-15T14:10:27.094Z] GET /api/dashboard/voorraad → 500 (5ms)
[2026-03-15T14:10:27.760Z] GET /api/dashboard/reprice → 500 (2ms)
[2026-03-15T14:10:27.852Z] GET /api/inkoop → 500 (2ms)
[2026-03-15T14:10:27.941Z] GET /api/leads → 500 (1ms)
[2026-03-15T14:10:28.025Z] GET /api/notificaties → 500 (2ms)
[2026-03-15T14:23:32.576Z] GET /api/dashboard/voorraad → 500 (4ms)
[2026-03-15T14:23:32.903Z] GET /api/dashboard/reprice → 500 (3ms)
[2026-03-15T14:23:32.968Z] GET /api/inkoop → 500 (2ms)
[2026-03-15T14:23:33.054Z] GET /api/leads → 500 (3ms)
[2026-03-15T14:23:33.132Z] GET /api/notificaties → 500 (3ms)
[2026-03-15T14:23:41.923Z] GET /api/inkoop → 500 (3ms)
[2026-03-15T14:23:42.542Z] GET /api/dashboard/voorraad → 500 (3ms)
[2026-03-15T14:23:45.997Z] GET /api/dashboard/reprice → 500 (2ms)
[2026-03-15T14:23:46.092Z] GET /api/inkoop → 500 (2ms)
[2026-03-15T14:23:46.154Z] GET /api/leads → 500 (2ms)
[2026-03-15T14:23:46.480Z] GET /api/notificaties → 500 (2ms)
[2026-03-15T14:23:49.331Z] GET /api/leads → 500 (2ms)
[2026-03-15T14:23:51.040Z] GET /api/dashboard/voorraad → 500 (3ms)
[2026-03-15T14:23:51.257Z] GET /api/dashboard/reprice → 500 (2ms)
[2026-03-15T14:23:51.328Z] GET /api/inkoop → 500 (2ms)
[2026-03-15T14:23:51.435Z] GET /api/leads → 500 (2ms)
[2026-03-15T14:23:51.501Z] GET /api/notificaties → 500 (2ms)
[2026-03-15T14:24:07.115Z] GET /api/dashboard/maand/2026-03 → 500 (3ms)
[2026-03-15T14:24:07.209Z] GET /api/dashboard/voorraad → 500 (29ms)
[2026-03-15T14:24:14.575Z] GET /api/dashboard/voorraad → 500 (3ms)
[2026-03-15T14:24:14.844Z] GET /api/dashboard/reprice → 500 (2ms)
[2026-03-15T14:24:15.251Z] GET /api/inkoop → 500 (10ms)
[2026-03-15T14:24:15.554Z] GET /api/leads → 500 (2ms)
[2026-03-15T14:24:15.635Z] GET /api/notificaties → 500 (2ms)
[2026-03-15T14:24:25.568Z] GET /api/inkoop → 500 (3ms)
[2026-03-15T14:24:26.165Z] GET /api/dashboard/voorraad → 500 (2ms)
[2026-03-15T14:24:43.683Z] GET /api/leads → 500 (3ms)
[2026-03-15T14:24:45.679Z] GET /api/dashboard/maand/2026-03 → 500 (2ms)
[2026-03-15T14:24:45.931Z] GET /api/dashboard/voorraad → 500 (17ms)
[2026-03-15T14:24:46.432Z] GET /api/intelligence/accuracy → 500 (2ms)
[2026-03-15T14:26:16.450Z] GET /api/dashboard/voorraad → 500 (2ms)
[2026-03-15T14:28:02.093Z] GET /api/inkoop → 500 (3ms)
[2026-03-15T14:28:02.243Z] GET /api/leads → 500 (5ms)
[2026-03-15T14:28:02.315Z] GET /api/notificaties → 500 (4ms)
[2026-03-15T14:28:30.411Z] GET /api/inkoop → 500 (3ms)
[2026-03-15T14:28:30.491Z] GET /api/leads → 500 (2ms)
[2026-03-15T14:28:30.564Z] GET /api/notificaties → 500 (3ms)
[2026-03-15T14:28:35.348Z] GET /api/inkoop → 500 (2ms)
[2026-03-15T14:29:40.953Z] GET /api/search-history → 404 (4ms)
[2026-03-15T15:26:06.889Z] SLOW: GET /api/vehicle/enriched took 8210ms
[2026-03-15T15:26:12.955Z] SLOW: GET /api/market took 5853ms
[2026-03-15T15:35:46.325Z] SLOW: GET /api/vehicle/enriched took 8762ms
[2026-03-15T15:35:58.569Z] SLOW: GET /api/market took 12104ms
[2026-03-15T17:14:20.463Z] SLOW: GET /api/vehicle/enriched took 14468ms
[2026-03-15T17:14:26.317Z] SLOW: GET /api/market took 5732ms
[2026-03-15T17:14:28.873Z] GET /api/taxatie/confidence/TOYOTA/TOYOTA%20AVENSIS/2011 → 404 (4ms)
[2026-03-15T17:14:53.712Z] SLOW: POST /api/generate-car-images took 24750ms
[2026-03-15T17:15:04.988Z] POST /api/pdf → 400 (5ms)
[2026-03-15T17:18:33.871Z] POST /api/pdf → 400 (2ms)
[2026-03-15T17:27:08.499Z] SLOW: GET /api/vehicle/enriched took 7787ms
[2026-03-15T17:27:14.306Z] SLOW: GET /api/market took 5713ms
[2026-03-15T17:27:15.672Z] GET /api/intelligence/DFSK/C35/2016 → 404 (6ms)
[2026-03-15T17:27:15.676Z] GET /api/taxatie/confidence/DFSK/C35/2016 → 404 (9ms)
[2026-03-15T17:29:19.594Z] POST /api/pdf → 400 (5ms)
[2026-03-15T17:35:03.182Z] GET /api/taxatie/confidence/dfsk/c35/2016 → 404 (20ms)
[2026-03-15T18:01:26.588Z] GET /api/admin/stats → 401 (2ms)
[2026-03-15T18:14:19.876Z] SLOW: GET /api/vehicle/enriched took 9685ms
[2026-03-15T18:14:25.210Z] SLOW: GET /api/market took 5235ms
[2026-03-15T18:14:27.451Z] GET /api/intelligence/HYUNDAI/I20/2023 → 404 (6ms)
[2026-03-15T18:15:06.404Z] POST /api/pdf → 400 (4ms)
[2026-03-15T18:16:08.267Z] POST /api/pdf → 401 (0ms)
[2026-03-15T18:17:53.970Z] SLOW: GET /api/vehicle/enriched took 8504ms
[2026-03-15T18:17:59.946Z] SLOW: GET /api/market took 5883ms
[2026-03-15T18:18:02.281Z] GET /api/intelligence/TOYOTA/TOYOTA%20AVENSIS/2011 → 404 (4ms)
[2026-03-15T18:26:47.160Z] GET /api/admin/bulk-seed-queue → 500 (19ms)
[2026-03-15T18:38:45.981Z] SLOW: GET /api/vehicle/enriched took 8075ms
[2026-03-15T18:38:53.018Z] GET /api/intelligence/TOYOTA/TOYOTA%20AVENSIS/2011 → 404 (12ms)
[2026-03-15T18:48:20.767Z] SLOW: GET /api/vehicle/enriched took 9125ms
[2026-03-15T18:48:27.075Z] SLOW: GET /api/market took 6209ms
[2026-03-15T18:48:28.956Z] GET /api/intelligence/KIA/CEED/2023 → 404 (6ms)
[2026-03-15T18:48:28.961Z] GET /api/taxatie/confidence/KIA/CEED/2023 → 404 (10ms)
[2026-03-15T18:48:53.133Z] POST /api/pdf → 400 (5ms)
[2026-03-15T20:24:35.046Z] SLOW: GET /api/vehicle/enriched took 7453ms
[2026-03-15T20:24:40.327Z] SLOW: GET /api/market took 5129ms
[2026-03-15T20:24:42.557Z] GET /api/intelligence/KIA/CEED/2023 → 404 (6ms)
[2026-03-15T20:24:42.562Z] GET /api/taxatie/confidence/KIA/CEED/2023 → 404 (4ms)
[2026-03-15T20:26:04.934Z] GET /api/intelligence/KIA/CEED/2023 → 404 (5ms)
[2026-03-15T20:26:04.936Z] GET /api/taxatie/confidence/KIA/CEED/2023 → 404 (1ms)
[2026-03-15T20:26:32.968Z] POST /api/pdf → 400 (4ms)
[2026-03-15T20:51:18.985Z] SLOW: GET /api/vehicle/enriched took 7831ms
[2026-03-15T20:51:25.362Z] SLOW: GET /api/market took 6229ms
[2026-03-15T20:51:26.960Z] GET /api/intelligence/KIA/CEED/2023 → 404 (7ms)
[2026-03-15T20:51:26.964Z] GET /api/taxatie/confidence/KIA/CEED/2023 → 404 (10ms)
[2026-03-15T20:52:09.914Z] POST /api/pdf → 400 (5ms)
[2026-03-15T21:02:37.720Z] SLOW: GET /api/vehicle/enriched took 7951ms
[2026-03-15T21:02:44.022Z] SLOW: GET /api/market took 6191ms
[2026-03-15T21:02:45.982Z] GET /api/intelligence/KIA/CEED/2023 → 404 (20ms)
[2026-03-15T21:04:02.107Z] POST /api/pdf → 400 (5ms)
[2026-03-15T21:11:46.238Z] POST /api/pdf → 401 (5ms)
[2026-03-15T21:12:04.941Z] POST /api/pdf → 401 (5ms)
[2026-03-15T21:12:44.201Z] POST /api/pdf → 401 (1ms)
[2026-03-15T21:13:15.595Z] POST /api/pdf → 401 (1ms)
[2026-03-15T21:25:33.018Z] POST /api/pdf → 401 (2ms)
[2026-03-15T21:26:14.577Z] POST /api/pdf → 401 (1ms)
[2026-03-15T21:28:09.940Z] GET /api/dashboard/voorraad → 404 (9ms)
[2026-03-15T21:28:10.138Z] GET /api/dashboard/reprice → 404 (5ms)
[2026-03-15T21:28:10.197Z] GET /api/inkoop → 404 (2ms)
[2026-03-15T21:28:10.256Z] GET /api/leads → 404 (2ms)
[2026-03-15T21:28:10.317Z] GET /api/notificaties → 404 (2ms)
[2026-03-15T21:28:10.377Z] GET /api/intelligence/arbitrage → 404 (2ms)
[2026-03-15T21:29:42.663Z] GET /api/dashboard/reprice → 404 (4ms)
[2026-03-15T21:29:42.664Z] GET /api/leads → 404 (4ms)
[2026-03-15T21:29:42.666Z] GET /api/inkoop → 404 (5ms)
[2026-03-15T21:29:42.667Z] GET /api/dashboard/voorraad → 404 (6ms)
[2026-03-15T21:29:59.057Z] GET /api/vehicle/enriched → 404 (654ms)
[2026-03-15T21:47:14.460Z] SLOW: GET /api/vehicle/enriched took 8822ms
[2026-03-15T21:47:21.166Z] SLOW: GET /api/market took 6568ms
[2026-03-15T21:47:23.669Z] GET /api/intelligence/KIA/CEED/2023 → 404 (5ms)
[2026-03-15T21:55:47.271Z] SLOW: GET /api/vehicle/enriched took 7259ms
[2026-03-15T21:55:52.494Z] SLOW: GET /api/market took 5079ms
[2026-03-15T21:55:54.155Z] GET /api/intelligence/KIA/CEED/2023 → 404 (6ms)
[2026-03-15T21:56:22.383Z] GET /api/intelligence/KIA/CEED/2023 → 404 (9ms)
[2026-03-15T21:57:38.171Z] GET /api/intelligence/KIA/CEED/2023 → 404 (3ms)
[2026-03-15T22:01:57.792Z] GET /api/intelligence/KIA/CEED/2023 → 404 (2ms)
[2026-03-15T22:10:45.844Z] GET /api/dashboard/voorraad → 404 (1ms)
[2026-03-15T22:10:46.024Z] GET /api/dashboard/reprice → 404 (1ms)
[2026-03-15T22:10:46.081Z] GET /api/inkoop → 404 (1ms)
[2026-03-15T22:10:46.151Z] GET /api/leads → 404 (2ms)
[2026-03-15T22:10:46.212Z] GET /api/notificaties → 404 (1ms)
[2026-03-15T22:10:46.271Z] GET /api/intelligence/arbitrage → 404 (2ms)
[2026-03-15T22:10:52.011Z] GET /api/dashboard/voorraad → 404 (2ms)
[2026-03-15T22:10:52.013Z] GET /api/inkoop → 404 (3ms)
[2026-03-15T22:10:52.015Z] GET /api/leads → 404 (2ms)
[2026-03-15T22:10:52.016Z] GET /api/dashboard/reprice → 404 (2ms)
[2026-03-15T22:11:05.602Z] SLOW: GET /api/vehicle/enriched took 7731ms
[2026-03-15T22:11:13.320Z] SLOW: GET /api/market took 7646ms
[2026-03-15T22:11:15.432Z] GET /api/intelligence/SEAT/LEON/2006 → 404 (8ms)
[2026-03-15T22:17:52.876Z] GET /api/leads → 404 (16ms)
[2026-03-15T22:17:52.882Z] GET /api/inkoop → 404 (19ms)
[2026-03-15T22:17:52.885Z] GET /api/dashboard/reprice → 404 (8ms)
[2026-03-15T22:17:52.886Z] GET /api/dashboard/voorraad → 404 (3ms)
[2026-03-15T22:18:04.744Z] SLOW: GET /api/vehicle/enriched took 6457ms
[2026-03-15T22:18:10.327Z] SLOW: GET /api/market took 5515ms
[2026-03-15T22:18:13.049Z] GET /api/intelligence/SEAT/LEON/2006 → 404 (3ms)
[2026-03-15T22:23:32.468Z] GET /api/dashboard/voorraad → 404 (10ms)
[2026-03-15T22:23:32.473Z] GET /api/inkoop → 404 (13ms)
[2026-03-15T22:23:32.476Z] GET /api/dashboard/reprice → 404 (8ms)
[2026-03-15T22:23:32.478Z] GET /api/leads → 404 (4ms)
[2026-03-15T22:23:44.967Z] SLOW: GET /api/vehicle/enriched took 7425ms
[2026-03-15T22:23:50.664Z] SLOW: GET /api/market took 5638ms
[2026-03-15T22:23:52.809Z] GET /api/intelligence/SEAT/LEON/2006 → 404 (21ms)
[2026-03-15T22:26:36.375Z] GET /api/dashboard/voorraad → 404 (12ms)
[2026-03-15T22:26:36.561Z] GET /api/dashboard/reprice → 404 (4ms)
[2026-03-15T22:26:36.618Z] GET /api/inkoop → 404 (2ms)
[2026-03-15T22:26:36.682Z] GET /api/leads → 404 (4ms)
[2026-03-15T22:26:36.771Z] GET /api/notificaties → 404 (1ms)
[2026-03-15T22:26:36.959Z] GET /api/intelligence/arbitrage → 404 (2ms)
[2026-03-15T22:26:43.200Z] GET /api/dashboard/voorraad → 404 (4ms)
[2026-03-15T22:26:43.203Z] GET /api/leads → 404 (5ms)
[2026-03-15T22:26:43.204Z] GET /api/inkoop → 404 (3ms)
[2026-03-15T22:26:43.207Z] GET /api/dashboard/reprice → 404 (4ms)
[2026-03-15T22:26:59.456Z] SLOW: GET /api/vehicle/enriched took 8119ms
[2026-03-15T22:27:05.529Z] SLOW: GET /api/market took 6018ms
[2026-03-15T22:27:07.761Z] GET /api/intelligence/SEAT/LEON/2006 → 404 (2ms)
[2026-03-15T22:40:17.129Z] GET /api/dashboard/voorraad → 404 (11ms)
[2026-03-15T22:40:17.346Z] GET /api/dashboard/reprice → 404 (4ms)
[2026-03-15T22:40:17.416Z] GET /api/inkoop → 404 (1ms)
[2026-03-15T22:40:17.472Z] GET /api/leads → 404 (3ms)
[2026-03-15T22:40:17.531Z] GET /api/notificaties → 404 (1ms)
[2026-03-15T22:40:17.589Z] GET /api/intelligence/arbitrage → 404 (1ms)
[2026-03-15T22:40:20.856Z] GET /api/dashboard/voorraad → 404 (3ms)
[2026-03-15T22:40:20.858Z] GET /api/inkoop → 404 (3ms)
[2026-03-15T22:40:20.861Z] GET /api/leads → 404 (2ms)
[2026-03-15T22:40:20.862Z] GET /api/dashboard/reprice → 404 (2ms)
[2026-03-15T22:40:38.459Z] SLOW: GET /api/vehicle/enriched took 10283ms
[2026-03-15T22:40:44.980Z] SLOW: GET /api/market took 6439ms
[2026-03-15T22:40:46.633Z] GET /api/intelligence/SEAT/LEON/2006 → 404 (11ms)
[2026-03-15T22:45:31.176Z] GET /api/dashboard/voorraad → 404 (10ms)
[2026-03-15T22:45:31.359Z] GET /api/dashboard/reprice → 404 (4ms)
[2026-03-15T22:45:31.417Z] GET /api/inkoop → 404 (2ms)
[2026-03-15T22:45:31.485Z] GET /api/leads → 404 (4ms)
[2026-03-15T22:45:31.538Z] GET /api/notificaties → 404 (2ms)
[2026-03-15T22:45:31.593Z] GET /api/intelligence/arbitrage → 404 (2ms)
[2026-03-15T22:50:45.622Z] GET /api/dashboard/voorraad → 404 (13ms)
[2026-03-15T22:50:45.824Z] GET /api/dashboard/reprice → 404 (4ms)
[2026-03-15T22:50:45.885Z] GET /api/inkoop → 404 (2ms)
[2026-03-15T22:50:45.937Z] GET /api/leads → 404 (2ms)
[2026-03-15T22:50:45.987Z] GET /api/notificaties → 404 (3ms)
[2026-03-15T22:50:46.046Z] GET /api/intelligence/arbitrage → 404 (2ms)
[2026-03-15T22:51:00.732Z] GET /api/dashboard/voorraad → 404 (2ms)
[2026-03-15T22:51:00.907Z] GET /api/dashboard/reprice → 404 (2ms)
[2026-03-15T22:51:00.970Z] GET /api/inkoop → 404 (2ms)
[2026-03-15T22:51:01.021Z] GET /api/leads → 404 (2ms)
[2026-03-15T22:51:01.088Z] GET /api/notificaties → 404 (2ms)
[2026-03-15T22:51:01.141Z] GET /api/intelligence/arbitrage → 404 (2ms)
[2026-03-15T22:56:26.344Z] GET /api/dashboard/voorraad → 404 (15ms)
[2026-03-15T22:56:26.532Z] GET /api/dashboard/reprice → 404 (2ms)
[2026-03-15T22:56:26.584Z] GET /api/inkoop → 404 (2ms)
[2026-03-15T22:56:26.640Z] GET /api/leads → 404 (2ms)
[2026-03-15T22:56:26.712Z] GET /api/notificaties → 404 (2ms)
[2026-03-15T22:56:26.769Z] GET /api/intelligence/arbitrage → 404 (3ms)
[2026-03-15T22:56:29.787Z] GET /api/dashboard/voorraad → 404 (2ms)
[2026-03-15T22:56:29.963Z] GET /api/dashboard/reprice → 404 (1ms)
[2026-03-15T22:56:30.019Z] GET /api/inkoop → 404 (1ms)
[2026-03-15T22:56:30.069Z] GET /api/leads → 404 (1ms)
[2026-03-15T22:56:30.127Z] GET /api/notificaties → 404 (2ms)
[2026-03-15T22:56:30.179Z] GET /api/intelligence/arbitrage → 404 (1ms)
[2026-03-15T22:56:35.142Z] GET /api/dashboard/voorraad → 404 (1ms)
[2026-03-15T22:56:35.327Z] GET /api/dashboard/reprice → 404 (1ms)
[2026-03-15T22:56:35.386Z] GET /api/inkoop → 404 (1ms)
[2026-03-15T22:56:35.434Z] GET /api/leads → 404 (1ms)
[2026-03-15T22:56:35.491Z] GET /api/notificaties → 404 (1ms)
[2026-03-15T22:56:35.542Z] GET /api/intelligence/arbitrage → 404 (2ms)
[2026-03-15T22:58:11.225Z] GET /api/dashboard/voorraad → 404 (13ms)
[2026-03-15T22:58:11.417Z] GET /api/dashboard/reprice → 404 (4ms)
[2026-03-15T22:58:11.478Z] GET /api/inkoop → 404 (2ms)
[2026-03-15T22:58:11.537Z] GET /api/leads → 404 (2ms)
[2026-03-15T22:58:11.598Z] GET /api/notificaties → 404 (2ms)
[2026-03-15T22:58:11.666Z] GET /api/intelligence/arbitrage → 404 (3ms)
[2026-03-15T22:58:16.174Z] GET /api/dashboard/voorraad → 404 (3ms)
[2026-03-15T22:58:17.388Z] GET /api/dashboard/voorraad → 404 (1ms)
[2026-03-15T22:58:17.566Z] GET /api/dashboard/reprice → 404 (1ms)
[2026-03-15T22:58:17.624Z] GET /api/inkoop → 404 (1ms)
[2026-03-15T22:58:17.697Z] GET /api/leads → 404 (1ms)
[2026-03-15T22:58:17.770Z] GET /api/notificaties → 404 (1ms)
[2026-03-15T22:58:17.833Z] GET /api/intelligence/arbitrage → 404 (1ms)
[2026-03-15T22:58:25.751Z] GET /api/dashboard/maand/2026-03 → 404 (2ms)
[2026-03-15T22:58:25.822Z] GET /api/dashboard/voorraad → 404 (1ms)
[2026-03-15T22:58:26.450Z] GET /api/leads → 404 (2ms)
[2026-03-15T22:58:28.951Z] GET /api/dashboard/reprice → 404 (1ms)
[2026-03-15T22:58:29.081Z] GET /api/inkoop → 404 (1ms)
[2026-03-15T22:58:29.144Z] GET /api/leads → 404 (1ms)
[2026-03-15T22:58:29.210Z] GET /api/notificaties → 404 (1ms)
[2026-03-15T22:58:29.272Z] GET /api/intelligence/arbitrage → 404 (1ms)
[2026-03-15T22:58:29.581Z] GET /api/inkoop → 404 (1ms)
[2026-03-15T22:58:30.212Z] GET /api/dashboard/voorraad → 404 (1ms)
[2026-03-15T22:58:32.052Z] GET /api/dashboard/voorraad → 404 (1ms)
[2026-03-15T22:58:32.233Z] GET /api/dashboard/reprice → 404 (2ms)
[2026-03-15T22:58:32.304Z] GET /api/inkoop → 404 (2ms)
[2026-03-15T22:58:32.367Z] GET /api/leads → 404 (1ms)
[2026-03-15T22:58:32.430Z] GET /api/notificaties → 404 (1ms)
[2026-03-15T22:58:32.491Z] GET /api/intelligence/arbitrage → 404 (2ms)
[2026-03-15T22:58:52.909Z] GET /api/dashboard/maand/2026-03 → 404 (1ms)
[2026-03-15T22:58:52.970Z] GET /api/dashboard/voorraad → 404 (1ms)
[2026-03-15T22:58:55.304Z] GET /api/leads → 404 (1ms)
[2026-03-15T22:58:57.580Z] GET /api/dashboard/reprice → 404 (1ms)
[2026-03-15T22:58:57.628Z] GET /api/inkoop → 404 (1ms)
[2026-03-15T22:58:57.678Z] GET /api/leads → 404 (2ms)
[2026-03-15T22:58:57.732Z] GET /api/notificaties → 404 (1ms)
[2026-03-15T22:58:57.782Z] GET /api/intelligence/arbitrage → 404 (1ms)
[2026-03-15T22:59:54.854Z] GET /api/dashboard/voorraad → 404 (2ms)
[2026-03-15T23:00:04.945Z] SLOW: GET /api/deals took 10082ms
[2026-03-15T23:07:55.753Z] GET /api/dashboard/voorraad → 401 (19ms)
[2026-03-15T23:07:55.918Z] GET /api/dashboard/reprice → 401 (3ms)
[2026-03-15T23:07:55.971Z] GET /api/inkoop → 401 (3ms)
[2026-03-15T23:07:56.021Z] GET /api/leads → 401 (3ms)
[2026-03-15T23:07:56.072Z] GET /api/notificaties → 401 (3ms)
[2026-03-15T23:07:56.122Z] GET /api/intelligence/arbitrage → 401 (3ms)
[2026-03-15T23:07:59.722Z] GET /api/dashboard/voorraad → 401 (3ms)
[2026-03-15T23:07:59.875Z] GET /api/dashboard/reprice → 401 (2ms)
[2026-03-15T23:07:59.924Z] GET /api/inkoop → 401 (2ms)
[2026-03-15T23:07:59.974Z] GET /api/leads → 401 (2ms)
[2026-03-15T23:08:00.025Z] GET /api/notificaties → 401 (2ms)
[2026-03-15T23:08:00.074Z] GET /api/intelligence/arbitrage → 401 (2ms)
[2026-03-15T23:09:46.933Z] GET /api/dashboard/voorraad → 401 (5ms)
[2026-03-15T23:09:47.096Z] GET /api/dashboard/reprice → 401 (1ms)
[2026-03-15T23:09:47.146Z] GET /api/inkoop → 401 (3ms)
[2026-03-15T23:09:47.192Z] GET /api/leads → 401 (1ms)
[2026-03-15T23:09:47.244Z] GET /api/notificaties → 401 (2ms)
[2026-03-15T23:09:47.296Z] GET /api/intelligence/arbitrage → 401 (2ms)
[2026-03-15T23:09:55.339Z] GET /api/dashboard/voorraad → 401 (2ms)
[2026-03-15T23:09:55.342Z] GET /api/leads → 401 (2ms)
[2026-03-15T23:09:55.345Z] GET /api/inkoop → 401 (3ms)
[2026-03-15T23:09:55.347Z] GET /api/dashboard/reprice → 401 (4ms)
[2026-03-15T23:10:18.491Z] GET /api/dashboard/voorraad → 401 (2ms)
[2026-03-15T23:10:18.731Z] GET /api/dashboard/reprice → 401 (2ms)
[2026-03-15T23:10:18.797Z] GET /api/inkoop → 401 (1ms)
[2026-03-15T23:10:18.863Z] GET /api/leads → 401 (1ms)
[2026-03-15T23:10:18.931Z] GET /api/notificaties → 401 (2ms)
[2026-03-15T23:10:19.009Z] GET /api/intelligence/arbitrage → 401 (1ms)
[2026-03-15T23:10:21.272Z] GET /api/dashboard/voorraad → 401 (2ms)
[2026-03-15T23:10:21.475Z] GET /api/dashboard/reprice → 401 (2ms)
[2026-03-15T23:10:21.536Z] GET /api/inkoop → 401 (2ms)
[2026-03-15T23:10:21.593Z] GET /api/leads → 401 (2ms)
[2026-03-15T23:10:21.664Z] GET /api/notificaties → 401 (2ms)
[2026-03-15T23:10:21.736Z] GET /api/intelligence/arbitrage → 401 (2ms)
[2026-03-15T23:10:23.541Z] GET /api/dashboard/voorraad → 401 (2ms)
[2026-03-15T23:10:23.793Z] GET /api/dashboard/reprice → 401 (1ms)
[2026-03-15T23:10:23.854Z] GET /api/inkoop → 401 (2ms)
[2026-03-15T23:10:23.913Z] GET /api/leads → 401 (1ms)
[2026-03-15T23:10:23.988Z] GET /api/notificaties → 401 (1ms)
[2026-03-15T23:10:24.062Z] GET /api/intelligence/arbitrage → 401 (1ms)
[2026-03-15T23:11:43.320Z] GET /api/dashboard/voorraad → 401 (1ms)
[2026-03-15T23:11:44.479Z] GET /api/dashboard/voorraad → 401 (1ms)
[2026-03-15T23:11:44.481Z] GET /api/inkoop → 401 (1ms)
[2026-03-15T23:11:44.493Z] GET /api/dashboard/reprice → 401 (2ms)
[2026-03-15T23:11:44.494Z] GET /api/leads → 401 (2ms)
[2026-03-16T00:22:35.924Z] GET /api/intelligence/briefing → 401 (4ms)
[2026-03-16T00:22:35.965Z] GET /api/intelligence/alerts → 401 (2ms)
[2026-03-16T00:22:36.011Z] GET /api/intelligence/predict/volkswagen/golf/2020 → 401 (3ms)
[2026-03-16T00:22:44.675Z] GET /api/intelligence/arbitrage → 401 (4ms)
[2026-03-16T00:22:44.678Z] GET /api/intelligence/briefing → 401 (5ms)
[2026-03-16T00:22:44.681Z] GET /api/dashboard/voorraad → 401 (5ms)
[2026-03-16T00:22:44.683Z] GET /api/intelligence/alerts → 401 (5ms)
[2026-03-16T00:22:51.864Z] GET /api/dashboard/voorraad → 401 (3ms)
[2026-03-16T00:22:51.873Z] GET /api/intelligence/arbitrage → 401 (3ms)
[2026-03-16T00:22:51.875Z] GET /api/intelligence/briefing → 401 (4ms)
[2026-03-16T00:22:51.877Z] GET /api/intelligence/alerts → 401 (2ms)
[2026-03-16T00:22:55.626Z] GET /api/dashboard/voorraad → 401 (3ms)
[2026-03-16T00:22:55.631Z] GET /api/intelligence/arbitrage → 401 (4ms)
[2026-03-16T00:22:55.632Z] GET /api/intelligence/briefing → 401 (4ms)
[2026-03-16T00:22:55.634Z] GET /api/intelligence/alerts → 401 (5ms)
[2026-03-16T00:23:30.992Z] GET /api/intelligence/briefing → 401 (1ms)
[2026-03-16T00:23:55.651Z] GET /api/intelligence/arbitrage → 401 (2ms)
[2026-03-16T00:24:36.053Z] GET /api/intelligence/briefing → 401 (5ms)
[2026-03-16T00:24:54.281Z] GET /api/intelligence/briefing → 401 (5ms)
[2026-03-16T00:24:55.655Z] GET /api/intelligence/arbitrage → 401 (5ms)
[2026-03-16T00:25:08.300Z] GET /api/intelligence/arbitrage → 401 (5ms)
[2026-03-16T00:25:08.305Z] GET /api/dashboard/voorraad → 401 (8ms)
[2026-03-16T00:25:08.310Z] GET /api/intelligence/briefing → 401 (4ms)
[2026-03-16T00:25:08.312Z] GET /api/intelligence/alerts → 401 (5ms)
[2026-03-16T00:25:11.056Z] GET /api/intelligence/briefing → 401 (7ms)
[2026-03-16T00:25:11.058Z] GET /api/intelligence/arbitrage → 401 (8ms)
[2026-03-16T00:25:11.061Z] GET /api/dashboard/voorraad → 401 (9ms)
[2026-03-16T00:25:11.063Z] GET /api/intelligence/alerts → 401 (12ms)
[2026-03-16T00:25:13.193Z] GET /api/dashboard/voorraad → 401 (2ms)
[2026-03-16T00:25:13.198Z] GET /api/intelligence/arbitrage → 401 (3ms)
[2026-03-16T00:25:13.201Z] GET /api/intelligence/briefing → 401 (3ms)
[2026-03-16T00:25:13.202Z] GET /api/intelligence/alerts → 401 (3ms)
[2026-03-16T00:25:14.890Z] GET /api/dashboard/voorraad → 401 (2ms)
[2026-03-16T00:25:14.894Z] GET /api/intelligence/arbitrage → 401 (3ms)
[2026-03-16T00:25:14.895Z] GET /api/intelligence/briefing → 401 (3ms)
[2026-03-16T00:25:14.897Z] GET /api/intelligence/alerts → 401 (5ms)
[2026-03-16T00:25:53.343Z] GET /api/intelligence/briefing → 401 (5ms)
[2026-03-16T00:26:14.910Z] GET /api/intelligence/arbitrage → 401 (3ms)
[2026-03-16T00:27:04.450Z] GET /api/intelligence/briefing → 401 (5ms)
[2026-03-16T00:27:09.509Z] GET /api/intelligence/briefing → 401 (5ms)
[2026-03-16T00:27:09.549Z] GET /api/intelligence/alerts → 401 (2ms)
[2026-03-16T00:27:09.592Z] GET /api/intelligence/predict/volkswagen/golf/2020 → 401 (2ms)
[2026-03-16T00:27:14.930Z] GET /api/intelligence/arbitrage → 401 (2ms)
[2026-03-16T00:28:14.950Z] GET /api/intelligence/arbitrage → 401 (4ms)
[2026-03-16T00:28:18.969Z] GET /api/intelligence/briefing → 401 (6ms)
[2026-03-16T00:28:19.011Z] GET /api/intelligence/alerts → 401 (4ms)
[2026-03-16T00:28:19.048Z] GET /api/intelligence/predict/volkswagen/golf/2020 → 401 (3ms)
[2026-03-16T00:28:27.324Z] GET /api/dashboard/voorraad → 401 (6ms)
[2026-03-16T00:28:27.332Z] GET /api/intelligence/arbitrage → 401 (5ms)
[2026-03-16T00:28:27.336Z] GET /api/intelligence/briefing → 401 (7ms)
[2026-03-16T00:28:27.339Z] GET /api/intelligence/alerts → 401 (6ms)
[2026-03-16T00:28:59.486Z] GET /api/intelligence/briefing → 401 (5ms)
[2026-03-16T00:28:59.528Z] GET /api/intelligence/alerts → 401 (3ms)
[2026-03-16T00:28:59.566Z] GET /api/intelligence/predict/volkswagen/golf/2020 → 401 (2ms)
[2026-03-16T00:29:27.334Z] GET /api/intelligence/arbitrage → 401 (4ms)
[2026-03-16T00:30:27.695Z] GET /api/intelligence/arbitrage → 401 (4ms)
[2026-03-16T00:30:37.620Z] GET /api/intelligence/briefing → 401 (5ms)
[2026-03-16T00:31:27.336Z] GET /api/intelligence/arbitrage → 401 (4ms)
[2026-03-16T02:28:59.364Z] GET /api/dashboard/maand/2026-03 → 500 (2ms)
[2026-03-16T02:28:59.583Z] GET /api/notificaties → 500 (2ms)
[2026-03-16T02:28:59.699Z] GET /api/inkoop → 500 (2ms)
[2026-03-16T02:29:02.374Z] GET /api/inkoop → 500 (2ms)
[2026-03-16T02:29:12.747Z] GET /api/leads → 500 (3ms)
[2026-03-16T02:29:25.459Z] GET /api/dashboard/maand/2026-03 → 500 (3ms)
[2026-03-16T02:30:52.128Z] GET /api/dashboard/maand/2026-03 → 500 (1ms)
[2026-03-16T02:30:52.302Z] GET /api/notificaties → 500 (1ms)
[2026-03-16T02:30:52.423Z] GET /api/inkoop → 500 (2ms)
[2026-03-16T02:31:00.326Z] GET /api/dashboard/maand/2026-03 → 500 (103ms)
[2026-03-16T02:31:00.517Z] GET /api/notificaties → 500 (2ms)
[2026-03-16T02:31:00.632Z] GET /api/inkoop → 500 (1ms)
[2026-03-16T02:31:17.066Z] GET /api/dashboard/maand/2026-03 → 500 (1ms)
[2026-03-16T02:31:20.082Z] GET /api/dashboard/maand/2026-03 → 500 (2ms)
[2026-03-16T02:32:36.881Z] GET /api/dashboard/maand/2026-03 → 500 (3ms)
[2026-03-16T02:32:40.077Z] GET /api/dashboard/maand/2026-03 → 500 (1ms)
[2026-03-16T10:28:29.768Z] GET /api/intelligence/arbitrage → 401 (12ms)
[2026-03-16T10:29:11.290Z] GET /api/intelligence/arbitrage → 401 (8ms)
[2026-03-16T10:29:12.940Z] GET /api/dashboard/voorraad → 401 (4ms)
[2026-03-16T10:29:12.950Z] GET /api/intelligence/arbitrage → 401 (5ms)
[2026-03-16T10:29:12.955Z] GET /api/intelligence/alerts → 401 (8ms)
[2026-03-16T10:29:12.958Z] GET /api/intelligence/briefing → 401 (7ms)
[2026-03-16T10:29:13.003Z] GET /api/dashboard/maand/2026-03 → 401 (4ms)
[2026-03-16T10:29:13.079Z] GET /api/admin/stats → 401 (3ms)
[2026-03-16T10:29:13.295Z] GET /api/notificaties → 401 (3ms)
[2026-03-16T10:29:13.361Z] GET /api/dashboard/reprice → 401 (1ms)
[2026-03-16T10:29:13.417Z] GET /api/inkoop → 401 (2ms)
[2026-03-16T10:30:11.168Z] GET /api/dashboard/voorraad → 401 (4ms)
[2026-03-16T10:30:11.173Z] GET /api/intelligence/briefing → 401 (4ms)
[2026-03-16T10:30:11.175Z] GET /api/intelligence/arbitrage → 401 (3ms)
[2026-03-16T10:30:11.177Z] GET /api/intelligence/alerts → 401 (3ms)
[2026-03-16T10:30:11.251Z] GET /api/dashboard/maand/2026-03 → 401 (2ms)
[2026-03-16T10:30:11.313Z] GET /api/admin/stats → 401 (1ms)
[2026-03-16T10:30:11.522Z] GET /api/notificaties → 401 (2ms)
[2026-03-16T10:30:11.573Z] GET /api/dashboard/reprice → 401 (2ms)
[2026-03-16T10:30:11.627Z] GET /api/inkoop → 401 (1ms)
[2026-03-16T10:30:12.003Z] GET /api/intelligence/alerts → 401 (3ms)
[2026-03-16T10:30:12.005Z] GET /api/intelligence/arbitrage → 401 (4ms)
[2026-03-16T10:30:12.006Z] GET /api/dashboard/voorraad → 401 (5ms)
[2026-03-16T10:30:12.008Z] GET /api/intelligence/briefing → 401 (6ms)
[2026-03-16T10:30:12.064Z] GET /api/dashboard/maand/2026-03 → 401 (2ms)
[2026-03-16T10:30:12.117Z] GET /api/admin/stats → 401 (2ms)
[2026-03-16T10:30:12.214Z] GET /api/notificaties → 401 (2ms)
[2026-03-16T10:30:12.378Z] GET /api/dashboard/reprice → 401 (2ms)
[2026-03-16T10:30:12.440Z] GET /api/inkoop → 401 (3ms)
[2026-03-16T10:31:12.098Z] GET /api/intelligence/arbitrage → 401 (2ms)
[2026-03-16T10:31:13.708Z] GET /api/dashboard/voorraad → 401 (3ms)
[2026-03-16T10:31:13.711Z] GET /api/intelligence/arbitrage → 401 (2ms)
[2026-03-16T10:31:13.713Z] GET /api/intelligence/briefing → 401 (1ms)
[2026-03-16T10:31:13.715Z] GET /api/intelligence/alerts → 401 (1ms)
[2026-03-16T10:31:13.761Z] GET /api/dashboard/maand/2026-03 → 401 (1ms)
[2026-03-16T10:31:13.810Z] GET /api/admin/stats → 401 (2ms)
[2026-03-16T10:31:13.922Z] GET /api/notificaties → 401 (2ms)
[2026-03-16T10:31:14.082Z] GET /api/dashboard/reprice → 401 (2ms)
[2026-03-16T10:31:14.133Z] GET /api/inkoop → 401 (2ms)
[2026-03-16T10:31:24.082Z] GET /api/dashboard/voorraad → 401 (2ms)
[2026-03-16T10:31:24.816Z] GET /api/inkoop → 401 (2ms)
[2026-03-16T10:31:45.591Z] GET /api/dashboard/voorraad → 401 (4ms)
[2026-03-16T10:31:45.593Z] GET /api/intelligence/briefing → 401 (4ms)
[2026-03-16T10:31:45.595Z] GET /api/intelligence/arbitrage → 401 (3ms)
[2026-03-16T10:31:45.597Z] GET /api/intelligence/alerts → 401 (3ms)
[2026-03-16T10:31:45.659Z] GET /api/dashboard/maand/2026-03 → 401 (1ms)
[2026-03-16T10:31:45.714Z] GET /api/admin/stats → 401 (1ms)
[2026-03-16T10:31:45.822Z] GET /api/notificaties → 401 (1ms)
[2026-03-16T10:31:45.968Z] GET /api/dashboard/reprice → 401 (1ms)
[2026-03-16T10:31:46.014Z] GET /api/inkoop → 401 (1ms)
[2026-03-16T10:32:03.537Z] GET /api/mijn-veilingen → 401 (3ms)
[2026-03-16T10:32:36.144Z] GET /api/dashboard/voorraad → 401 (1ms)
[2026-03-16T10:32:36.164Z] GET /api/notificaties → 401 (1ms)
[2026-03-16T10:32:36.174Z] GET /api/intelligence/arbitrage → 401 (2ms)
[2026-03-16T10:35:40.825Z] GET /api/leads → 500 (3ms)
[2026-03-16T10:39:14.514Z] GET /api/leads → 500 (3ms)
[2026-03-16T11:11:01.236Z] [FATAL] Uncaught: app.use() requires a middleware function
TypeError: app.use() requires a middleware function
    at Function.use (/opt/t4c/backend/node_modules/express/lib/application.js:217:11)
    at Object.<anonymous> (/opt/t4c/backend/server.js:221:5)
    at Module._compile (node:internal/modules/cjs/loader:1706:14)
    at Object..js (node:internal/modules/cjs/loader:1839:10)
    at Module.load (node:internal/modules/cjs/loader:1441:32)
    at Function._load (node:internal/modules/cjs/loader:1263:12)
    at Object.<anonymous> (/usr/lib/node_modules/pm2/lib/ProcessContainerFork.js:33:23)
    at Module._compile (node:internal/modules/cjs/loader:1706:14)
    at Object..js (node:internal/modules/cjs/loader:1839:10)
    at Module.load (node:internal/modules/cjs/loader:1441:32)
[2026-03-16T11:12:53.228Z] DELETE /api/voorraad/5 → 404 (1ms)
[2026-03-16T11:12:53.739Z] DELETE /api/voorraad/32 → 404 (1ms)
[2026-03-16T11:12:53.747Z] DELETE /api/voorraad/33 → 404 (0ms)
[2026-03-16T11:12:53.756Z] DELETE /api/voorraad/34 → 404 (1ms)
[2026-03-16T11:12:53.764Z] DELETE /api/voorraad/35 → 404 (1ms)
[2026-03-16T11:14:31.294Z] [FATAL] Uncaught: runFn is not a function
TypeError: runFn is not a function
    at setupDVTables (/opt/t4c/backend/dv-webhook.js:374:3)
    at Object.<anonymous> (/opt/t4c/backend/server.js:221:74)
    at Module._compile (node:internal/modules/cjs/loader:1706:14)
    at Object..js (node:internal/modules/cjs/loader:1839:10)
    at Module.load (node:internal/modules/cjs/loader:1441:32)
    at Function._load (node:internal/modules/cjs/loader:1263:12)
    at Object.<anonymous> (/usr/lib/node_modules/pm2/lib/ProcessContainerFork.js:33:23)
    at Module._compile (node:internal/modules/cjs/loader:1706:14)
    at Object..js (node:internal/modules/cjs/loader:1839:10)
    at Module.load (node:internal/modules/cjs/loader:1441:32)
[2026-03-16T11:17:24.002Z] [FATAL] Uncaught: runFn is not a function
TypeError: runFn is not a function
    at setupDVTables (/opt/t4c/backend/dv-webhook.js:374:3)
    at Object.<anonymous> (/opt/t4c/backend/server.js:221:74)
    at Module._compile (node:internal/modules/cjs/loader:1706:14)
    at Object..js (node:internal/modules/cjs/loader:1839:10)
    at Module.load (node:internal/modules/cjs/loader:1441:32)
    at Function._load (node:internal/modules/cjs/loader:1263:12)
    at Object.<anonymous> (/usr/lib/node_modules/pm2/lib/ProcessContainerFork.js:33:23)
    at Module._compile (node:internal/modules/cjs/loader:1706:14)
    at Object..js (node:internal/modules/cjs/loader:1839:10)
    at Module.load (node:internal/modules/cjs/loader:1441:32)
[2026-03-16T11:22:09.708Z] GET /api/dv/webhook → 404 (17ms)
[2026-03-16T11:26:01.302Z] GET /api/dv/webhook → 404 (3ms)
[2026-03-16T11:45:07.350Z] GET /api/dv/webhook → 404 (6ms)
[2026-03-16T11:45:07.606Z] GET /api/leads → 500 (1ms)
[2026-03-16T11:46:44.503Z] POST /api/dv/webhook → 404 (4ms)
[2026-03-16T11:46:44.514Z] GET /api/dv/webhook → 404 (2ms)
[2026-03-16T11:54:01.194Z] POST /api/dv/webhook → 404 (23ms)
[2026-03-16T11:57:21.111Z] POST /api/dv/webhook → 404 (9ms)
[2026-03-16T12:01:28.542Z] POST /api/dv/webhook → 404 (15ms)
[2026-03-16T12:02:46.094Z] POST /api/dv/webhook → 404 (23ms)
[2026-03-16T12:06:34.876Z] POST /api/dv/webhook → 400 (39ms)
[2026-03-16T12:06:39.459Z] POST /api/dv/webhook → 400 (38ms)
[2026-03-16T12:10:44.641Z] DELETE /api/voorraad/36 → 404 (2ms)
[2026-03-16T12:11:13.662Z] DELETE /api/voorraad/5 → 404 (1ms)
[2026-03-16T12:11:13.926Z] DELETE /api/voorraad/32 → 404 (1ms)
[2026-03-16T12:11:13.935Z] DELETE /api/voorraad/33 → 404 (2ms)
[2026-03-16T12:11:13.944Z] DELETE /api/voorraad/34 → 404 (2ms)
[2026-03-16T12:11:13.952Z] DELETE /api/voorraad/35 → 404 (1ms)
[2026-03-16T12:11:13.962Z] DELETE /api/voorraad/36 → 404 (2ms)
[2026-03-16T12:11:13.971Z] DELETE /api/voorraad/37 → 404 (1ms)
[2026-03-16T12:11:13.980Z] DELETE /api/voorraad/38 → 404 (1ms)
[2026-03-16T12:11:13.989Z] DELETE /api/voorraad/39 → 404 (1ms)
[2026-03-16T12:11:13.999Z] DELETE /api/voorraad/40 → 404 (1ms)
[2026-03-16T12:11:14.008Z] DELETE /api/voorraad/41 → 404 (1ms)
[2026-03-16T12:11:14.018Z] DELETE /api/voorraad/42 → 404 (1ms)
[2026-03-16T12:11:14.027Z] DELETE /api/voorraad/43 → 404 (1ms)
[2026-03-16T12:11:14.037Z] DELETE /api/voorraad/44 → 404 (1ms)
[2026-03-16T12:11:14.046Z] DELETE /api/voorraad/45 → 404 (1ms)
[2026-03-16T12:11:14.055Z] DELETE /api/voorraad/46 → 404 (1ms)
[2026-03-16T12:11:14.065Z] DELETE /api/voorraad/47 → 404 (2ms)
[2026-03-16T12:11:14.074Z] DELETE /api/voorraad/48 → 404 (1ms)
[2026-03-16T12:11:14.083Z] DELETE /api/voorraad/49 → 404 (1ms)
[2026-03-16T12:11:14.093Z] DELETE /api/voorraad/50 → 404 (2ms)
[2026-03-16T12:27:50.422Z] [FATAL] Uncaught: noCacheStatic is not defined
ReferenceError: noCacheStatic is not defined
    at Object.<anonymous> (/opt/t4c/backend/server.js:150:5)
    at Module._compile (node:internal/modules/cjs/loader:1706:14)
    at Object..js (node:internal/modules/cjs/loader:1839:10)
    at Module.load (node:internal/modules/cjs/loader:1441:32)
    at Function._load (node:internal/modules/cjs/loader:1263:12)
    at Object.<anonymous> (/usr/lib/node_modules/pm2/lib/ProcessContainerFork.js:33:23)
    at Module._compile (node:internal/modules/cjs/loader:1706:14)
    at Object..js (node:internal/modules/cjs/loader:1839:10)
    at Module.load (node:internal/modules/cjs/loader:1441:32)
    at Function._load (node:internal/modules/cjs/loader:1263:12)
[2026-03-16T12:31:19.711Z] GET /api/search-history → 404 (2ms)
[2026-03-16T12:33:43.954Z] GET /api/search-history → 404 (2ms)
[2026-03-16T12:37:32.985Z] GET /api/kenteken/79SPGF → 404 (2ms)
[2026-03-16T12:38:12.591Z] GET /api/kenteken/79SPGF → 404 (1ms)
[2026-03-16T12:38:12.624Z] GET /api/kenteken/79-SP-GF → 404 (1ms)
[2026-03-16T12:40:42.763Z] SLOW: GET /api/vehicle/enriched took 9617ms
[2026-03-16T12:40:42.861Z] POST /api/price → 404 (1ms)
[2026-03-16T12:40:43.930Z] POST /api/price → 404 (1ms)
[2026-03-16T12:42:05.922Z] POST /api/price → 404 (1ms)
[2026-03-16T12:42:45.805Z] SLOW: GET /api/vehicle/enriched took 12578ms
[2026-03-16T12:43:17.269Z] SLOW: POST /api/generate-car-images took 23966ms
[2026-03-16T12:50:16.696Z] SLOW: GET /api/market took 6625ms
[2026-03-16T13:04:45.483Z] SLOW: GET /api/vehicle/enriched took 6388ms
[2026-03-16T13:11:31.157Z] GET /api/admin/crawl-now → 404 (0ms)
[2026-03-16T14:05:30.286Z] POST /api/veiling → 500 (2ms)
[2026-03-16T14:07:38.935Z] POST /api/veiling → 500 (2ms)
[2026-03-16T14:11:11.052Z] POST /api/veiling → 500 (4ms)
[2026-03-16T14:13:10.910Z] POST /api/veiling → 500 (4ms)
[2026-03-16T14:20:32.092Z] GET /api/mijn-facturen → 404 (1ms)
[2026-03-16T14:21:29.352Z] POST /api/veiling → 500 (2ms)
[2026-03-16T14:21:32.264Z] GET /api/admin/facturen → 404 (2ms)
[2026-03-16T14:23:19.216Z] GET /api/voorraad/1 → 404 (4ms)
[2026-03-16T14:23:19.299Z] POST /api/veiling → 500 (4ms)
[2026-03-16T14:23:54.383Z] POST /api/veiling → 500 (5ms)
[2026-03-16T14:32:38.836Z] GET /api/voorraad/6 → 404 (4ms)
[2026-03-16T14:32:38.911Z] POST /api/veiling → 500 (3ms)
[2026-03-16T14:36:25.772Z] GET /api/voorraad/1 → 404 (6ms)
[2026-03-16T14:36:25.819Z] GET /api/voorraad/2 → 404 (4ms)
[2026-03-16T14:36:25.864Z] GET /api/voorraad/3 → 404 (3ms)
[2026-03-16T14:38:42.801Z] POST /api/veiling → 400 (2ms)
[2026-03-16T14:41:48.148Z] GET /api/veilingen → 500 (6ms)
[2026-03-16T14:42:38.437Z] GET /api/veilingen → 500 (3ms)
[2026-03-16T14:43:28.272Z] GET /api/veilingen → 500 (4ms)
[2026-03-16T14:44:21.494Z] GET /api/veilingen → 500 (5ms)
[2026-03-16T14:44:57.064Z] GET /api/db/table/car_photos → 404 (1ms)
[2026-03-16T14:44:57.101Z] POST /api/admin/db/query → 404 (1ms)
[2026-03-16T14:49:11.850Z] POST /api/veiling → 400 (6ms)
[2026-03-16T14:49:11.860Z] POST /api/veiling → 400 (1ms)
[2026-03-16T14:49:11.870Z] POST /api/veiling → 400 (1ms)
[2026-03-16T14:49:11.880Z] POST /api/veiling → 400 (2ms)
[2026-03-16T14:49:48.644Z] GET /api/car-photo/ → 404 (4ms)
[2026-03-16T14:49:55.799Z] GET /api/car-photo/ → 404 (3ms)
[2026-03-16T14:50:02.035Z] GET /api/car-photo/ → 404 (2ms)
[2026-03-16T14:58:11.614Z] POST /api/veiling → 400 (4ms)
[2026-03-16T14:58:11.623Z] POST /api/veiling → 400 (1ms)
[2026-03-16T14:58:11.633Z] POST /api/veiling → 400 (1ms)
[2026-03-16T14:58:11.642Z] POST /api/veiling → 400 (1ms)
[2026-03-16T15:06:46.733Z] POST /api/veiling → 400 (2ms)
[2026-03-16T15:06:46.743Z] POST /api/veiling → 400 (1ms)
[2026-03-16T15:06:46.753Z] POST /api/veiling → 400 (1ms)
[2026-03-16T15:06:46.763Z] POST /api/veiling → 400 (1ms)
[2026-03-16T15:12:49.875Z] POST /api/veiling → 400 (6ms)
[2026-03-16T15:12:49.887Z] POST /api/veiling → 400 (3ms)
[2026-03-16T15:12:49.897Z] POST /api/veiling → 400 (1ms)
[2026-03-16T15:12:49.906Z] POST /api/veiling → 400 (1ms)
[2026-03-16T16:05:24.539Z] POST /api/ai/generate-image → 404 (1ms)
[2026-03-16T20:07:24.929Z] GET /api/intelligence/accuracy → 401 (2ms)
[2026-03-16T20:11:39.060Z] GET /api/admin/status → 404 (1ms)
[2026-03-16T20:13:13.311Z] GET /api/admin/tables → 404 (2ms)
[2026-03-16T20:13:29.144Z] GET /api/admin/tables → 404 (1ms)
[2026-03-16T20:40:59.728Z] POST /api/admin/query → 404 (0ms)
[2026-03-16T20:40:59.737Z] POST /api/admin/query → 404 (0ms)
[2026-03-16T20:42:41.477Z] DELETE /api/voorraad/5 → 404 (2ms)
[2026-03-16T20:42:41.757Z] DELETE /api/voorraad/32 → 404 (2ms)
[2026-03-16T20:42:41.767Z] DELETE /api/voorraad/33 → 404 (2ms)
[2026-03-16T20:42:41.776Z] DELETE /api/voorraad/34 → 404 (2ms)
[2026-03-16T20:42:41.785Z] DELETE /api/voorraad/35 → 404 (1ms)
[2026-03-16T20:46:51.086Z] GET /api/public/voorraad/undefined → 404 (4ms)
[2026-03-16T20:46:59.514Z] GET /api/public/voorraad/undefined → 404 (3ms)
[2026-03-16T20:47:27.396Z] GET /api/public/voorraad/undefined → 404 (2ms)
[2026-03-16T20:47:28.403Z] GET /api/public/voorraad/undefined → 404 (2ms)
[2026-03-16T20:47:42.784Z] GET /api/public/voorraad/undefined → 404 (2ms)
[2026-03-16T20:47:58.283Z] GET /api/public/voorraad/undefined → 404 (1ms)
[2026-03-16T20:48:01.145Z] GET /api/public/voorraad/undefined → 404 (1ms)
[2026-03-16T20:48:06.043Z] GET /api/public/voorraad/undefined → 404 (2ms)
[2026-03-16T20:48:23.959Z] GET /api/public/voorraad/undefined → 404 (1ms)
[2026-03-16T21:21:17.995Z] POST /api/veiling/1/bied → 400 (2ms)
[2026-03-16T21:24:04.191Z] SLOW: GET /api/vehicle/enriched took 13193ms
[2026-03-16T21:24:10.841Z] SLOW: GET /api/market took 6582ms
[2026-03-16T21:24:41.653Z] SLOW: POST /api/generate-car-images took 28110ms
[2026-03-16T21:31:22.664Z] GET /api/rdw/82PHT2 → 404 (2ms)
[2026-03-16T21:32:29.280Z] GET /api/rdw/82PHT2 → 404 (2ms)
[2026-03-16T21:32:59.001Z] GET /api/public/voorraad/31 → 404 (5ms)
[2026-03-16T21:38:40.538Z] GET /api/intelligence/market → 404 (1ms)
[2026-03-16T21:39:26.244Z] GET /api/intelligence/market → 404 (1ms)
[2026-03-16T21:40:27.118Z] SLOW: GET /api/market took 5760ms
[2026-03-16T21:44:05.322Z] SLOW: GET /api/vehicle/enriched took 9417ms
[2026-03-16T21:46:13.838Z] SLOW: GET /api/vehicle/enriched took 13265ms
[2026-03-16T21:51:59.451Z] SLOW: GET /api/vehicle/enriched took 18344ms
[2026-03-16T21:53:11.291Z] SLOW: GET /api/vehicle/enriched took 16464ms
[2026-03-16T21:57:03.697Z] SLOW: GET /api/vehicle/enriched took 17764ms
[2026-03-16T21:57:39.126Z] SLOW: POST /api/generate-car-images took 26379ms
[2026-03-16T22:09:04.674Z] SLOW: GET /api/vehicle/enriched took 21026ms
[2026-03-16T22:09:12.062Z] SLOW: GET /api/market took 7313ms
[2026-03-16T22:09:44.247Z] SLOW: POST /api/generate-car-images took 27142ms
[2026-03-16T22:12:32.928Z] SLOW: GET /api/market took 13218ms
[2026-03-16T22:14:06.859Z] SLOW: GET /api/vehicle/enriched took 17155ms
[2026-03-16T22:14:14.685Z] SLOW: GET /api/market took 7645ms
[2026-03-16T22:14:18.895Z] POST /api/taxatie/save → 401 (3ms)
[2026-03-16T22:14:18.900Z] GET /api/intelligence/TOYOTA/TOYOTA%20YARIS%20HYBRID/2013 → 401 (4ms)
[2026-03-16T22:14:18.901Z] GET /api/intelligence/accuracy/TOYOTA/TOYOTA%20YARIS%20HYBRID/2013 → 401 (4ms)
[2026-03-16T22:14:18.903Z] GET /api/intelligence/confidence/TOYOTA/TOYOTA%20YARIS%20HYBRID/2013 → 401 (5ms)
[2026-03-16T22:14:18.905Z] POST /api/taxatie/validate → 401 (1ms)
[2026-03-16T22:14:34.999Z] SLOW: POST /api/dealer/price took 5194ms
[2026-03-16T22:14:46.542Z] SLOW: POST /api/generate-car-images took 27551ms
[2026-03-16T22:15:00.108Z] SLOW: POST /api/generate-car-images took 24894ms
[2026-03-16T22:23:16.726Z] SLOW: GET /api/market took 12220ms
[2026-03-16T22:23:19.856Z] SLOW: GET /api/vehicle/enriched took 30051ms
[2026-03-16T22:26:59.194Z] SLOW: GET /api/market took 6793ms
[2026-03-16T22:27:02.158Z] SLOW: GET /api/vehicle/enriched took 25023ms
[2026-03-16T22:27:09.362Z] SLOW: GET /api/market took 7100ms
[2026-03-16T22:27:42.638Z] SLOW: POST /api/generate-car-images took 28243ms
[2026-03-16T22:30:01.098Z] SLOW: GET /api/market took 12164ms
[2026-03-16T22:30:05.866Z] SLOW: GET /api/vehicle/enriched took 28427ms
[2026-03-16T22:30:24.335Z] SLOW: GET /api/market took 18363ms
[2026-03-16T22:30:29.775Z] SLOW: POST /api/dealer/price took 5345ms
[2026-03-16T22:30:55.590Z] SLOW: POST /api/generate-car-images took 25644ms
[2026-03-16T22:34:24.082Z] SLOW: GET /api/market took 8657ms
[2026-03-16T22:34:26.910Z] SLOW: GET /api/vehicle/enriched took 26860ms
[2026-03-16T22:34:39.153Z] SLOW: GET /api/market took 12172ms
[2026-03-16T22:34:44.278Z] SLOW: POST /api/dealer/price took 5061ms
[2026-03-16T22:35:11.461Z] SLOW: POST /api/generate-car-images took 27034ms
[2026-03-16T22:40:14.947Z] SLOW: GET /api/market took 11277ms
[2026-03-16T22:40:20.385Z] SLOW: GET /api/vehicle/enriched took 35899ms
[2026-03-16T22:41:20.060Z] SLOW: GET /api/market took 8790ms
[2026-03-16T22:41:25.191Z] SLOW: GET /api/vehicle/enriched took 26202ms
[2026-03-16T22:48:14.160Z] SLOW: GET /api/market took 12159ms
[2026-03-16T22:48:18.688Z] SLOW: GET /api/vehicle/enriched took 34402ms
[2026-03-16T22:48:30.954Z] SLOW: GET /api/market took 12165ms
[2026-03-16T22:48:36.156Z] SLOW: POST /api/dealer/price took 5090ms
[2026-03-16T22:49:00.458Z] SLOW: POST /api/generate-car-images took 24128ms
[2026-03-16T22:53:23.081Z] SLOW: GET /api/market took 12211ms
[2026-03-16T22:53:27.864Z] SLOW: GET /api/vehicle/enriched took 32014ms
[2026-03-16T22:53:40.071Z] SLOW: GET /api/market took 12136ms
[2026-03-16T22:53:45.808Z] SLOW: POST /api/dealer/price took 5649ms
[2026-03-16T22:54:08.933Z] SLOW: POST /api/generate-car-images took 22923ms
[2026-03-16T22:57:39.309Z] SLOW: GET /api/market took 5010ms
[2026-03-16T22:57:44.618Z] SLOW: POST /api/dealer/price took 5241ms
[2026-03-16T22:59:41.408Z] SLOW: POST /api/dealer/price took 5421ms
[2026-03-16T23:02:20.860Z] SLOW: GET /api/market took 5797ms
[2026-03-16T23:02:26.651Z] SLOW: GET /api/vehicle/enriched took 25638ms
[2026-03-16T23:02:33.283Z] SLOW: GET /api/market took 6555ms
[2026-03-16T23:03:01.235Z] SLOW: POST /api/generate-car-images took 23807ms
[2026-03-16T23:13:36.892Z] SLOW: POST /api/dealer/price took 5432ms
[2026-03-16T23:15:09.806Z] SLOW: GET /api/market took 12175ms
[2026-03-16T23:15:14.685Z] SLOW: GET /api/vehicle/enriched took 34009ms
[2026-03-16T23:17:10.924Z] SLOW: GET /api/market took 12169ms
[2026-03-16T23:17:17.104Z] SLOW: GET /api/vehicle/enriched took 33939ms
[2026-03-16T23:17:27.492Z] SLOW: POST /api/dealer/price took 5194ms
[2026-03-16T23:18:08.312Z] SLOW: GET /api/market took 5625ms
[2026-03-16T23:18:13.450Z] SLOW: GET /api/vehicle/enriched took 23762ms
[2026-03-16T23:18:57.156Z] SLOW: GET /api/market took 5462ms
[2026-03-16T23:19:01.668Z] SLOW: GET /api/vehicle/enriched took 21644ms
[2026-03-16T23:19:09.205Z] SLOW: GET /api/market took 7428ms
[2026-03-16T23:26:35.511Z] SLOW: GET /api/market took 5617ms
[2026-03-16T23:26:41.450Z] SLOW: GET /api/vehicle/enriched took 25266ms
[2026-03-16T23:26:46.366Z] SLOW: POST /api/dealer/price took 30204ms
[2026-03-16T23:28:17.517Z] SLOW: GET /api/market took 12152ms
[2026-03-16T23:28:22.224Z] SLOW: GET /api/vehicle/enriched took 29479ms
[2026-03-16T23:28:34.439Z] SLOW: GET /api/market took 12135ms
[2026-03-16T23:29:01.910Z] SLOW: POST /api/generate-car-images took 22319ms
[2026-03-16T23:30:21.441Z] SLOW: POST /api/dealer/price took 5051ms
[2026-03-16T23:42:56.010Z] GET /api/dashboard/voorraad → 401 (3ms)
[2026-03-16T23:42:56.011Z] GET /api/leads → 401 (4ms)
[2026-03-16T23:42:56.013Z] GET /api/dashboard/reprice → 401 (2ms)
[2026-03-16T23:42:56.014Z] GET /api/inkoop → 401 (2ms)
[2026-03-16T23:45:26.892Z] SLOW: GET /api/vehicle/enriched took 24618ms
[2026-03-16T23:45:32.859Z] SLOW: GET /api/market took 5858ms
[2026-03-16T23:45:39.015Z] SLOW: POST /api/dealer/price took 5668ms
[2026-03-16T23:46:01.931Z] SLOW: POST /api/generate-car-images took 22658ms
[2026-03-16T23:51:45.520Z] SLOW: GET /api/market took 6332ms
[2026-03-16T23:51:53.792Z] SLOW: GET /api/vehicle/enriched took 26637ms
[2026-03-16T23:51:59.720Z] SLOW: GET /api/market took 5847ms
[2026-03-16T23:52:05.186Z] SLOW: POST /api/dealer/price took 5385ms
[2026-03-16T23:52:27.978Z] SLOW: POST /api/generate-car-images took 22640ms
[2026-03-17T01:32:33.297Z] SLOW: GET /api/market took 6350ms
[2026-03-17T01:32:38.393Z] SLOW: GET /api/vehicle/enriched took 27391ms
[2026-03-17T01:32:49.979Z] SLOW: POST /api/dealer/price took 6652ms
[2026-03-17T10:59:43.187Z] SLOW: GET /api/market took 5724ms
[2026-03-17T10:59:48.431Z] SLOW: GET /api/vehicle/enriched took 29224ms
[2026-03-17T10:59:54.432Z] SLOW: POST /api/dealer/price took 5850ms
[2026-03-17T11:00:20.344Z] SLOW: POST /api/generate-car-images took 25739ms
